Target Title,Similar Title,DBR,Target Growth,Similar Growth,Difference
Twisters,100 Meters,-14,8.05,7.37,0.68
Twisters,100 Meters,-13,5.29,7.43,2.14
Twisters,100 Meters,-12,8.07,9.05,0.97
Twisters,100 Meters,-11,8.39,8.91,0.51
Twisters,100 Meters,-10,7.43,9.01,1.58
Twisters,100 Meters,-9,9.45,9.51,0.06
Twisters,12 Mighty Orphans,-15,4.71,6.15,1.44
Twisters,12 Mighty Orphans,-14,8.05,6.99,1.06
Twisters,12 Mighty Orphans,-13,5.29,5.24,0.05
Twisters,2/22: 2025 Best Picture Showcase Day One Marathon,-22,3.84,5.18,1.33
Twisters,2/22: 2025 Best Picture Showcase Day One Marathon,-21,6.27,4.55,1.73
Twisters,2/22: 2025 Best Picture Showcase Day One Marathon,-20,3.85,5.31,1.46
Twisters,2/22: 2025 Best Picture Showcase Day One Marathon,-19,4.92,4.45,0.47
Twisters,28 Years Later,-5,13.39,12.34,1.05
Twisters,28 Years Later,-4,18.04,17.34,0.7
Twisters,28 Years Later,-3,29.61,28.14,1.47
Twisters,28 Years Later,-2,28.86,31.13,2.27
Twisters,3/1: 2025 Best Picture Showcase 24hr Marathon,-33,5.35,5.66,0.31
Twisters,3/1: 2025 Best Picture Showcase 24hr Marathon,-31,3.13,1.79,1.34
Twisters,3/1: 2025 Best Picture Showcase 24hr Marathon,-28,3.35,1.74,1.61
Twisters,3/1: 2025 Best Picture Showcase 24hr Marathon,-26,3.28,2.61,0.67
Twisters,3/1: 2025 Best Picture Showcase 24hr Marathon,-24,3.65,2.54,1.11
Twisters,3/1: 2025 Best Picture Showcase 24hr Marathon,-23,2.57,4.13,1.56
Twisters,3/1: 2025 Best Picture Showcase 24hr Marathon,-22,3.84,2.38,1.46
Twisters,3/1: 2025 Best Picture Showcase 24hr Marathon,-20,3.85,1.56,2.29
Twisters,3/1: 2025 Best Picture Showcase 24hr Marathon,-17,10.03,11.11,1.08
Twisters,3/1: 2025 Best Picture Showcase 24hr Marathon,-15,4.71,4.0,0.71
Twisters,3/1: 2025 Best Picture Showcase 24hr Marathon,-14,8.05,5.77,2.28
Twisters,3/1: 2025 Best Picture Showcase Day Two Marathon,-30,5.22,4.02,1.19
Twisters,3/1: 2025 Best Picture Showcase Day Two Marathon,-29,5.65,4.97,0.68
Twisters,3/1: 2025 Best Picture Showcase Day Two Marathon,-28,3.35,3.78,0.43
Twisters,3/1: 2025 Best Picture Showcase Day Two Marathon,-27,7.93,6.0,1.92
Twisters,3/1: 2025 Best Picture Showcase Day Two Marathon,-26,3.28,3.09,0.19
Twisters,3/1: 2025 Best Picture Showcase Day Two Marathon,-25,3.41,2.46,0.94
Twisters,3/1: 2025 Best Picture Showcase Day Two Marathon,-24,3.65,2.64,1.01
Twisters,3/1: 2025 Best Picture Showcase Day Two Marathon,-23,2.57,2.52,0.05
Twisters,3/1: 2025 Best Picture Showcase Day Two Marathon,-22,3.84,1.87,1.98
Twisters,A Big Bold Beautiful Journey,-18,7.6,10.27,2.67
Twisters,A Big Bold Beautiful Journey,-17,10.03,10.84,0.81
Twisters,A Big Bold Beautiful Journey,-16,6.92,7.62,0.7
Twisters,A Big Bold Beautiful Journey,-15,4.71,5.41,0.71
Twisters,A Big Bold Beautiful Journey,-14,8.05,6.76,1.29
Twisters,A Big Bold Beautiful Journey,-12,8.07,6.52,1.55
Twisters,A Big Bold Beautiful Journey,-11,8.39,9.2,0.8
Twisters,A Big Bold Beautiful Journey,-10,7.43,9.19,1.75
Twisters,A Big Bold Beautiful Journey,-9,9.45,10.93,1.48
Twisters,A Big Bold Beautiful Journey,-8,10.16,7.67,2.48
Twisters,A Big Bold Beautiful Journey,-7,10.56,8.07,2.5
Twisters,A Christmas Story 40th Anniversary,-25,3.41,5.13,1.73
Twisters,A Christmas Story 40th Anniversary,-24,3.65,2.93,0.72
Twisters,A Christmas Story 40th Anniversary,-23,2.57,3.62,1.06
Twisters,A Christmas Story 40th Anniversary,-22,3.84,2.4,1.45
Twisters,A Haunting in Venice: Early Access Screening,-12,8.07,7.71,0.36
Twisters,A Haunting in Venice: Early Access Screening,-11,8.39,10.59,2.19
Twisters,A Haunting in Venice: Early Access Screening,-10,7.43,4.73,2.7
Twisters,A Minecraft Movie,-16,6.92,7.64,0.72
Twisters,A Minecraft Movie,-15,4.71,7.65,2.94
Twisters,A Minecraft Movie,-14,8.05,8.64,0.59
Twisters,A Quiet Place Part II,-11,8.39,6.92,1.47
Twisters,A Quiet Place Part II,-10,7.43,9.5,2.07
Twisters,A Quiet Place Part II,-9,9.45,10.93,1.48
Twisters,A Quiet Place Part II,-8,10.16,10.86,0.7
Twisters,A Quiet Place Part II,-7,10.56,13.02,2.46
Twisters,A Quiet Place Part II,-5,13.39,11.13,2.26
Twisters,A Quiet Place Part II,-4,18.04,16.58,1.46
Twisters,A Quiet Place Part II,-3,29.61,27.24,2.37
Twisters,A Quiet Place: Day One,-23,2.57,5.52,2.95
Twisters,A Quiet Place: Day One,-22,3.84,6.66,2.82
Twisters,A Quiet Place: Day One,-21,6.27,7.01,0.74
Twisters,A Quiet Place: Day One,-20,3.85,5.09,1.24
Twisters,A Quiet Place: Day One,-19,4.92,4.79,0.13
Twisters,A Quiet Place: Day One,-18,7.6,5.82,1.77
Twisters,A Quiet Place: Day One,-11,8.39,7.65,0.74
Twisters,A Quiet Place: Day One,-10,7.43,5.39,2.05
Twisters,A Quiet Place: Day One,-9,9.45,8.55,0.9
Twisters,A Quiet Place: Day One Opening Day Fan Event,-21,6.27,6.58,0.31
Twisters,A Quiet Place: Day One Opening Day Fan Event,-20,3.85,6.71,2.86
Twisters,A Quiet Place: Day One Opening Day Fan Event,-19,4.92,4.73,0.19
Twisters,A Quiet Place: Day One Opening Day Fan Event,-18,7.6,4.67,2.93
Twisters,A RAD Documentary,-30,5.22,6.35,1.13
Twisters,A RAD Documentary,-29,5.65,7.03,1.38
Twisters,A RAD Documentary,-28,3.35,5.82,2.48
Twisters,A RAD Documentary,-17,10.03,8.99,1.04
Twisters,A RAD Documentary,-16,6.92,7.41,0.49
Twisters,A RAD Documentary,-15,4.71,6.16,1.45
Twisters,A RAD Documentary,-14,8.05,7.81,0.24
Twisters,A RAD Documentary,-11,8.39,11.3,2.91
Twisters,A RAD Documentary,-10,7.43,8.98,1.55
Twisters,A RAD Documentary,-9,9.45,8.13,1.32
Twisters,A RAD Documentary,-8,10.16,11.1,0.95
Twisters,A Thousand and One,-16,6.92,6.06,0.86
Twisters,A Thousand and One,-15,4.71,5.17,0.46
Twisters,A Thousand and One,-14,8.05,5.2,2.85
Twisters,A Thousand and One,-13,5.29,6.57,1.28
Twisters,A Thousand and One,-12,8.07,7.25,0.82
Twisters,A Thousand and One,-11,8.39,5.89,2.5
Twisters,A Thousand and One,-10,7.43,8.49,1.05
Twisters,A Thousand and One,-9,9.45,11.65,2.2
Twisters,A Thousand and One,-8,10.16,9.96,0.19
Twisters,A Thousand and One,-7,10.56,11.51,0.95
Twisters,A for Adley: Lost in the Movies,-17,10.03,12.59,2.56
Twisters,A for Adley: Lost in the Movies,-16,6.92,6.76,0.16
Twisters,A for Adley: Lost in the Movies,-15,4.71,5.67,0.96
Twisters,A24 X IMAX Present: The Witch,-23,2.57,0.0,2.57
Twisters,A24 X IMAX Present: The Witch,-22,3.84,4.27,0.42
Twisters,A24 X IMAX Present: The Witch,-21,6.27,4.12,2.15
Twisters,A24 x IMAX Present: Everything Everywhere All at Once,-26,3.28,1.09,2.19
Twisters,A24 x IMAX Present: Everything Everywhere All at Once,-25,3.41,1.12,2.29
Twisters,A24 x IMAX Present: Everything Everywhere All at Once,-24,3.65,1.07,2.58
Twisters,A24 x IMAX Present: Everything Everywhere All at Once,-23,2.57,1.54,1.03
Twisters,A24 x IMAX Present: Everything Everywhere All at Once,-22,3.84,1.22,2.63
Twisters,A24 x IMAX Present: Hereditary,-21,6.27,5.98,0.29
Twisters,A24 x IMAX Present: Hereditary,-20,3.85,6.76,2.91
Twisters,A24 x IMAX Present: Hereditary,-19,4.92,6.91,1.99
Twisters,A24 x IMAX Present: Moonlight,-26,3.28,3.99,0.71
Twisters,A24 x IMAX Present: Moonlight,-25,3.41,5.37,1.97
Twisters,A24 x IMAX Present: Moonlight,-24,3.65,2.34,1.32
Twisters,A24 x IMAX Present: Moonlight,-23,2.57,2.83,0.26
Twisters,A24 x IMAX Present: Moonlight,-22,3.84,1.93,1.92
Twisters,A24 x IMAX Present: Moonlight,-18,7.6,8.94,1.34
Twisters,A24 x IMAX Present: Moonlight,-17,10.03,8.67,1.36
Twisters,A24 x IMAX Present: Moonlight,-16,6.92,8.79,1.87
Twisters,A24 x IMAX Present: Moonlight,-12,8.07,7.71,0.37
Twisters,A24 x IMAX Present: Moonlight,-11,8.39,6.71,1.68
Twisters,A24 x IMAX Present: Moonlight,-10,7.43,5.69,1.75
Twisters,A24 x IMAX Present: Moonlight,-9,9.45,7.47,1.98
Twisters,A24 x IMAX Present: Moonlight,-8,10.16,7.62,2.53
Twisters,A24 x IMAX Present: Oasis: Supersonic,-26,3.28,2.02,1.27
Twisters,A24 x IMAX Present: Oasis: Supersonic,-24,3.65,1.54,2.11
Twisters,A24 x IMAX Present: Oasis: Supersonic,-23,2.57,1.74,0.82
Twisters,A24 x IMAX Present: Oasis: Supersonic,-22,3.84,1.44,2.4
Twisters,A24 x IMAX Present: Oasis: Supersonic,-20,3.85,1.0,2.85
Twisters,A24 x IMAX Present: The Green Knight,-23,2.57,0.0,2.57
Twisters,A24 x IMAX Present: The Green Knight,-22,3.84,1.32,2.52
Twisters,A24 x IMAX Present: The Green Knight,-21,6.27,5.02,1.25
Twisters,A24 x IMAX Present: The Green Knight,-20,3.85,4.38,0.53
Twisters,A24 x IMAX Present: The Lighthouse,-21,6.27,7.8,1.53
Twisters,A24 x IMAX Present: The Lighthouse,-20,3.85,5.16,1.31
Twisters,A24 x IMAX Present: The Lighthouse,-19,4.92,4.61,0.32
Twisters,A24 x IMAX Present: The Lighthouse,-18,7.6,4.6,3.0
Twisters,A24 x IMAX Present: Uncut Gems,-25,3.41,2.74,0.67
Twisters,A24 x IMAX Present: Uncut Gems,-24,3.65,1.53,2.12
Twisters,A24 x IMAX Present: Uncut Gems,-23,2.57,1.4,1.17
Twisters,A24 x IMAX Present: Uncut Gems,-22,3.84,0.98,2.86
Twisters,A24 x IMAX Present: Uncut Gems,-15,4.71,2.25,2.45
Twisters,A24 x IMAX Present: Uncut Gems,-14,8.05,8.51,0.46
Twisters,A24 x IMAX Present: Uncut Gems,-13,5.29,3.26,2.03
Twisters,AMC Screen Unseen: February 17,-11,8.39,10.27,1.87
Twisters,AMC Screen Unseen: February 17,-10,7.43,9.43,2.0
Twisters,AMC Screen Unseen: February 17,-9,9.45,7.68,1.77
Twisters,AMC Screen Unseen: November 11,-11,8.39,7.83,0.56
Twisters,AMC Screen Unseen: November 11,-10,7.43,6.87,0.57
Twisters,AMC Screen Unseen: November 11,-9,9.45,8.5,0.95
Twisters,AMC Screen Unseen: November 11,-8,10.16,7.27,2.88
Twisters,AMC Thrills and Chills Surprise Screening: October 29,-6,16.3,15.14,1.16
Twisters,AMC Thrills and Chills Surprise Screening: October 29,-5,13.39,15.75,2.36
Twisters,AMC Thrills and Chills Surprise Screening: October 29,-4,18.04,17.68,0.37
Twisters,AXCN 2025: Cowboy Bebop: The Movie,-35,3.59,1.74,1.85
Twisters,AXCN 2025: Cowboy Bebop: The Movie,-34,4.81,2.37,2.45
Twisters,AXCN 2025: Cowboy Bebop: The Movie,-33,5.35,4.78,0.57
Twisters,AXCN 2025: Cowboy Bebop: The Movie,-32,3.25,3.65,0.4
Twisters,AXCN 2025: Cowboy Bebop: The Movie,-31,3.13,3.75,0.62
Twisters,AXCN 2025: Cowboy Bebop: The Movie,-30,5.22,2.76,2.46
Twisters,AXCN 2025: Cowboy Bebop: The Movie,-26,3.28,4.1,0.81
Twisters,AXCN 2025: Cowboy Bebop: The Movie,-25,3.41,5.99,2.59
Twisters,AXCN 2025: Cowboy Bebop: The Movie,-24,3.65,6.53,2.88
Twisters,AXCN 2025: Cowboy Bebop: The Movie,-23,2.57,4.13,1.56
Twisters,AXCN 2025: Cowboy Bebop: The Movie,-22,3.84,6.75,2.91
Twisters,AXCN 2025: Cowboy Bebop: The Movie,-21,6.27,5.75,0.53
Twisters,AXCN 2025: Cowboy Bebop: The Movie,-20,3.85,4.75,0.9
Twisters,AXCN 2025: Cowboy Bebop: The Movie,-19,4.92,3.42,1.51
Twisters,AXCN 2025: Cowboy Bebop: The Movie,-18,7.6,5.03,2.57
Twisters,AXCN 2025: Cowboy Bebop: The Movie,-16,6.92,4.34,2.58
Twisters,AXCN 2025: Cowboy Bebop: The Movie,-15,4.71,4.35,0.36
Twisters,AXCN 2025: Cowboy Bebop: The Movie,-14,8.05,6.93,1.12
Twisters,AXCN 2025: Cowboy Bebop: The Movie,-13,5.29,5.53,0.24
Twisters,AXCN 2025: Cowboy Bebop: The Movie,-12,8.07,5.91,2.17
Twisters,AXCN 2025: Cowboy Bebop: The Movie,-11,8.39,6.94,1.45
Twisters,AXCN 2025: Cowboy Bebop: The Movie,-10,7.43,5.52,1.92
Twisters,AXCN 2025: Cowboy Bebop: The Movie,-9,9.45,7.52,1.93
Twisters,AXCN 2025: Cowboy Bebop: The Movie,-8,10.16,8.34,1.82
Twisters,AXCN 2025: Cowboy Bebop: The Movie,-7,10.56,8.8,1.76
Twisters,AXCN Gundam Fest 2025: Mobile Suit Gundam: Char's Counterattack,-25,3.41,4.07,0.66
Twisters,AXCN Gundam Fest 2025: Mobile Suit Gundam: Char's Counterattack,-24,3.65,4.09,0.43
Twisters,AXCN Gundam Fest 2025: Mobile Suit Gundam: Char's Counterattack,-23,2.57,1.96,0.61
Twisters,AXCN Gundam Fest 2025: Mobile Suit Gundam: Char's Counterattack,-22,3.84,1.66,2.19
Twisters,AXCN Gundam Fest 2025: Mobile Suit Gundam: Char's Counterattack,-21,6.27,4.41,1.86
Twisters,AXCN Gundam Fest 2025: Mobile Suit Gundam: Char's Counterattack,-20,3.85,2.81,1.04
Twisters,AXCN Gundam Fest 2025: Mobile Suit Gundam: Char's Counterattack,-19,4.92,2.17,2.76
Twisters,AXCN: Cowboy Bebop: The Movie,-26,3.28,1.58,1.7
Twisters,AXCN: Cowboy Bebop: The Movie,-25,3.41,1.96,1.45
Twisters,AXCN: Cowboy Bebop: The Movie,-24,3.65,2.38,1.27
Twisters,AXCN: Cowboy Bebop: The Movie,-22,3.84,2.04,1.81
Twisters,AXCN: Cowboy Bebop: The Movie,-10,7.43,4.99,2.44
Twisters,AXCN: Cowboy Bebop: The Movie,-9,9.45,6.96,2.49
Twisters,AXCN: Cowboy Bebop: The Movie,-8,10.16,11.42,1.27
Twisters,AXCN: Cowboy Bebop: The Movie,-7,10.56,8.14,2.42
Twisters,AXCN: Osamu Tezuka's Metropolis,-15,4.71,2.95,1.75
Twisters,AXCN: Osamu Tezuka's Metropolis,-14,8.05,5.22,2.83
Twisters,AXCN: Osamu Tezuka's Metropolis,-13,5.29,5.06,0.22
Twisters,AXCN: Paprika - Satoshi Kon Fest,-23,2.57,4.3,1.73
Twisters,AXCN: Paprika - Satoshi Kon Fest,-21,6.27,8.76,2.48
Twisters,AXCN: Paprika - Satoshi Kon Fest,-20,3.85,1.71,2.14
Twisters,AXCN: Paprika - Satoshi Kon Fest,-19,4.92,7.17,2.25
Twisters,AXCN: Paprika - Satoshi Kon Fest,-12,8.07,5.66,2.41
Twisters,AXCN: Paprika - Satoshi Kon Fest,-11,8.39,6.49,1.9
Twisters,AXCN: Paprika - Satoshi Kon Fest,-10,7.43,8.67,1.23
Twisters,AXCN: Paprika 4K - 15th Anniversary,-15,4.71,3.1,1.6
Twisters,AXCN: Paprika 4K - 15th Anniversary,-14,8.05,6.66,1.4
Twisters,AXCN: Paprika 4K - 15th Anniversary,-13,5.29,7.79,2.5
Twisters,AXCN: Paprika 4K - 15th Anniversary,-11,8.39,9.71,1.31
Twisters,AXCN: Paprika 4K - 15th Anniversary,-10,7.43,7.65,0.22
Twisters,AXCN: Paprika 4K - 15th Anniversary,-9,9.45,9.48,0.03
Twisters,AXCN: Paprika 4K - 15th Anniversary,-8,10.16,7.67,2.48
Twisters,AXCN: Paprika 4K - 15th Anniversary,-7,10.56,12.04,1.48
Twisters,Ado SPECIAL LIVE Shinzou in Cinema,-14,8.05,10.1,2.05
Twisters,Ado SPECIAL LIVE Shinzou in Cinema,-13,5.29,7.56,2.28
Twisters,Ado SPECIAL LIVE Shinzou in Cinema,-12,8.07,7.83,0.24
Twisters,Ado SPECIAL LIVE Shinzou in Cinema,-11,8.39,6.73,1.66
Twisters,Ado SPECIAL LIVE Shinzou in Cinema,-10,7.43,9.99,2.55
Twisters,Ado SPECIAL LIVE Shinzou in Cinema,-9,9.45,7.36,2.09
Twisters,Advance Screening: Death of a Unicorn,-12,8.07,5.55,2.52
Twisters,Advance Screening: Death of a Unicorn,-11,8.39,7.33,1.06
Twisters,Advance Screening: Death of a Unicorn,-10,7.43,6.51,0.92
Twisters,Aespa World Tour in Cinemas,-23,2.57,5.5,2.93
Twisters,Aespa World Tour in Cinemas,-22,3.84,5.74,1.9
Twisters,Aespa World Tour in Cinemas,-21,6.27,8.66,2.39
Twisters,After Death,-32,3.25,5.52,2.26
Twisters,After Death,-31,3.13,5.61,2.48
Twisters,After Death,-30,5.22,3.36,1.86
Twisters,After Death,-29,5.65,4.62,1.03
Twisters,After Death,-28,3.35,5.72,2.37
Twisters,After Death,-27,7.93,9.33,1.4
Twisters,After Death,-14,8.05,7.0,1.05
Twisters,After Death,-13,5.29,5.72,0.43
Twisters,After Death,-12,8.07,8.71,0.64
Twisters,After Death,-11,8.39,7.21,1.19
Twisters,After Death,-10,7.43,6.35,1.08
Twisters,After the Hunt,-11,8.39,8.21,0.18
Twisters,After the Hunt,-10,7.43,9.61,2.18
Twisters,After the Hunt,-9,9.45,9.48,0.03
Twisters,After the Hunt,-8,10.16,9.65,0.51
Twisters,After the Hunt: Early Access Screening,-25,3.41,3.3,0.11
Twisters,After the Hunt: Early Access Screening,-24,3.65,1.95,1.7
Twisters,After the Hunt: Early Access Screening,-23,2.57,4.11,1.54
Twisters,After the Hunt: Early Access Screening,-22,3.84,2.77,1.07
Twisters,Akhanda 2 - Thaandavam,-23,2.57,2.97,0.41
Twisters,Akhanda 2 - Thaandavam,-22,3.84,3.32,0.52
Twisters,Akhanda 2 - Thaandavam,-21,6.27,8.65,2.38
Twisters,Akhanda 2 - Thaandavam,-20,3.85,2.89,0.96
Twisters,Akhanda 2 - Thaandavam,-19,4.92,3.58,1.34
Twisters,Akhanda 2 - Thaandavam,-18,7.6,4.7,2.9
Twisters,Alien 45th Anniversary Re-Release,-6,16.3,19.03,2.73
Twisters,Alien 45th Anniversary Re-Release,-5,13.39,15.13,1.74
Twisters,Alien 45th Anniversary Re-Release,-4,18.04,15.35,2.7
Twisters,Alien: Romulus,-27,7.93,7.2,0.73
Twisters,Alien: Romulus,-26,3.28,5.91,2.62
Twisters,Alien: Romulus,-25,3.41,5.42,2.02
Twisters,Alien: Romulus,-24,3.65,5.02,1.36
Twisters,Alien: Romulus,-23,2.57,4.11,1.54
Twisters,Alien: Romulus,-22,3.84,2.85,0.99
Twisters,Alien: Romulus,-21,6.27,3.57,2.7
Twisters,Alien: Romulus,-20,3.85,5.27,1.42
Twisters,Alien: Romulus,-19,4.92,5.2,0.27
Twisters,Alien: Romulus,-18,7.6,10.48,2.88
Twisters,Alien: Romulus,-15,4.71,7.12,2.41
Twisters,Alien: Romulus,-14,8.05,8.84,0.79
Twisters,Alien: Romulus,-13,5.29,7.92,2.63
Twisters,Alien: Romulus,-12,8.07,7.72,0.35
Twisters,Alien: Romulus,-11,8.39,7.66,0.74
Twisters,Alien: Romulus,-10,7.43,8.16,0.72
Twisters,Alien: Romulus,-9,9.45,8.63,0.83
Twisters,Alien: Romulus,-8,10.16,9.54,0.61
Twisters,Alien: Romulus,-7,10.56,8.18,2.39
Twisters,Almost Popular - Special Q&A with the Filmmakers and Cast,-20,3.85,3.18,0.67
Twisters,Almost Popular - Special Q&A with the Filmmakers and Cast,-19,4.92,7.76,2.84
Twisters,Almost Popular - Special Q&A with the Filmmakers and Cast,-18,7.6,6.61,0.99
Twisters,Almost Popular - Special Q&A with the Filmmakers and Cast,-16,6.92,7.99,1.07
Twisters,Am I Racist?,-21,6.27,7.42,1.15
Twisters,Am I Racist?,-20,3.85,6.04,2.19
Twisters,Am I Racist?,-19,4.92,5.37,0.45
Twisters,Andre Rieu's 2025 Christmas Concert: Merry Christmas,-31,3.13,4.7,1.57
Twisters,Andre Rieu's 2025 Christmas Concert: Merry Christmas,-30,5.22,5.75,0.53
Twisters,Andre Rieu's 2025 Christmas Concert: Merry Christmas,-29,5.65,8.64,2.99
Twisters,Andrea Bocelli 30: The Celebration,-21,6.27,6.34,0.07
Twisters,Andrea Bocelli 30: The Celebration,-20,3.85,4.95,1.1
Twisters,Andrea Bocelli 30: The Celebration,-19,4.92,5.46,0.54
Twisters,Andrea Bocelli 30: The Celebration,-17,10.03,7.8,2.23
Twisters,Andrea Bocelli 30: The Celebration,-16,6.92,7.81,0.89
Twisters,Andrea Bocelli 30: The Celebration,-15,4.71,5.86,1.15
Twisters,Andrea Bocelli 30: The Celebration,-14,8.05,6.75,1.3
Twisters,Andrea Bocelli 30: The Celebration,-13,5.29,6.97,1.68
Twisters,Andrea Bocelli 30: The Celebration,-12,8.07,6.59,1.48
Twisters,Andrea Bocelli 30: The Celebration,-11,8.39,7.54,0.86
Twisters,Andrea Bocelli 30: The Celebration,-10,7.43,7.56,0.12
Twisters,Andrea Bocelli 30: The Celebration,-9,9.45,6.59,2.86
Twisters,Andrea Bocelli 30: The Celebration,-8,10.16,7.48,2.67
Twisters,Andrea Bocelli: Because I Believe,-26,3.28,1.55,1.73
Twisters,Andrea Bocelli: Because I Believe,-25,3.41,2.69,0.71
Twisters,Andrea Bocelli: Because I Believe,-24,3.65,1.91,1.74
Twisters,Andrea Bocelli: Because I Believe,-23,2.57,1.67,0.89
Twisters,Andrea Bocelli: Because I Believe,-22,3.84,2.4,1.44
Twisters,Andrea Bocelli: Because I Believe,-21,6.27,4.09,2.18
Twisters,Andrea Bocelli: Because I Believe,-20,3.85,4.76,0.91
Twisters,Andrea Bocelli: Because I Believe,-19,4.92,3.25,1.67
Twisters,Anemone,-6,16.3,18.0,1.7
Twisters,Anemone,-5,13.39,13.36,0.02
Twisters,Anemone,-4,18.04,19.27,1.22
Twisters,Angel's Egg Re-release,-24,3.65,5.61,1.96
Twisters,Angel's Egg Re-release,-23,2.57,5.36,2.79
Twisters,Angel's Egg Re-release,-22,3.84,6.53,2.69
Twisters,Angel's Egg Re-release,-21,6.27,4.38,1.89
Twisters,Angel's Egg Re-release,-10,7.43,8.74,1.3
Twisters,Angel's Egg Re-release,-9,9.45,7.24,2.21
Twisters,Angel's Egg Re-release,-8,10.16,11.8,1.65
Twisters,Angel's Egg Re-release,-7,10.56,13.13,2.57
Twisters,Annabelle: Halfway to Halloween,-9,9.45,7.92,1.54
Twisters,Annabelle: Halfway to Halloween,-8,10.16,10.08,0.07
Twisters,Annabelle: Halfway to Halloween,-7,10.56,12.4,1.84
Twisters,Another Sweet Christmas,-22,3.84,6.42,2.58
Twisters,Another Sweet Christmas,-21,6.27,4.24,2.03
Twisters,Another Sweet Christmas,-20,3.85,6.84,2.99
Twisters,Another Sweet Christmas,-19,4.92,4.35,0.57
Twisters,Ant-Man and the Wasp: Quantumania,-27,7.93,5.86,2.07
Twisters,Ant-Man and the Wasp: Quantumania,-26,3.28,4.56,1.28
Twisters,Ant-Man and the Wasp: Quantumania,-25,3.41,4.57,1.17
Twisters,Ant-Man and the Wasp: Quantumania,-24,3.65,3.85,0.19
Twisters,Ant-Man and the Wasp: Quantumania,-23,2.57,2.87,0.3
Twisters,Ant-Man and the Wasp: Quantumania,-22,3.84,3.12,0.73
Twisters,Apollo 13 30th Anniversary,-22,3.84,4.23,0.39
Twisters,Apollo 13 30th Anniversary,-21,6.27,5.52,0.76
Twisters,Apollo 13 30th Anniversary,-20,3.85,5.94,2.09
Twisters,Apollo 13 30th Anniversary,-13,5.29,6.01,0.72
Twisters,Apollo 13 30th Anniversary,-12,8.07,6.2,1.88
Twisters,Apollo 13 30th Anniversary,-11,8.39,7.4,0.99
Twisters,Apollo 13 30th Anniversary,-10,7.43,6.04,1.39
Twisters,Aquaman and the Lost Kingdom,-22,3.84,3.4,0.44
Twisters,Aquaman and the Lost Kingdom,-21,6.27,3.62,2.65
Twisters,Aquaman and the Lost Kingdom,-20,3.85,6.01,2.16
Twisters,Aquaman and the Lost Kingdom,-19,4.92,4.42,0.5
Twisters,Aquaman and the Lost Kingdom,-18,7.6,6.07,1.53
Twisters,Aquaman and the Lost Kingdom,-16,6.92,5.4,1.52
Twisters,Aquaman and the Lost Kingdom,-15,4.71,3.39,1.32
Twisters,Aquaman and the Lost Kingdom,-14,8.05,8.01,0.04
Twisters,Aquaman and the Lost Kingdom,-13,5.29,5.47,0.18
Twisters,Aquaman and the Lost Kingdom,-12,8.07,6.95,1.12
Twisters,Aquaman and the Lost Kingdom,-11,8.39,6.21,2.18
Twisters,Aquaman and the Lost Kingdom,-10,7.43,7.84,0.41
Twisters,Are We Good?,-22,3.84,2.8,1.05
Twisters,Are We Good?,-21,6.27,4.61,1.67
Twisters,Are We Good?,-20,3.85,3.56,0.29
Twisters,Are We Good?,-19,4.92,3.45,1.47
Twisters,Argylle,-17,10.03,7.56,2.47
Twisters,Argylle,-16,6.92,5.24,1.68
Twisters,Argylle,-15,4.71,7.31,2.6
Twisters,Argylle,-14,8.05,5.42,2.63
Twisters,Argylle,-13,5.29,7.05,1.76
Twisters,Argylle,-12,8.07,9.89,1.81
Twisters,Argylle,-11,8.39,8.86,0.47
Twisters,Argylle,-10,7.43,8.24,0.8
Twisters,Argylle,-9,9.45,8.2,1.25
Twisters,Asteroid City,-16,6.92,6.15,0.77
Twisters,Asteroid City,-15,4.71,6.19,1.48
Twisters,Asteroid City,-14,8.05,8.5,0.44
Twisters,Asteroid City,-13,5.29,3.4,1.88
Twisters,Asteroid City,-12,8.07,6.15,1.93
Twisters,Asteroid City,-11,8.39,7.07,1.32
Twisters,Asteroid City,-9,9.45,10.71,1.26
Twisters,Asteroid City,-8,10.16,12.54,2.38
Twisters,Asteroid City,-7,10.56,12.25,1.69
Twisters,Avatar: The Way of Water,-16,6.92,5.28,1.64
Twisters,Avatar: The Way of Water,-15,4.71,4.88,0.17
Twisters,Avatar: The Way of Water,-14,8.05,5.47,2.58
Twisters,Avatar: The Way of Water,-13,5.29,5.4,0.12
Twisters,Avatar: The Way of Water,-12,8.07,5.56,2.52
Twisters,Avatar: The Way of Water,-9,9.45,7.42,2.04
Twisters,Avatar: The Way of Water,-8,10.16,8.1,2.05
Twisters,Avatar: The Way of Water,-7,10.56,8.21,2.35
Twisters,Avatar: The Way of Water Re-release,-8,10.16,10.39,0.23
Twisters,Avatar: The Way of Water Re-release,-7,10.56,12.35,1.79
Twisters,Avatar: The Way of Water Re-release,-6,16.3,13.41,2.9
Twisters,Avatar: The Way of Water Re-release,-5,13.39,13.08,0.31
Twisters,Avatar: The Way of Water Re-release,-4,18.04,15.52,2.52
Twisters,Average Joe,-24,3.65,2.85,0.8
Twisters,Average Joe,-23,2.57,4.54,1.98
Twisters,Average Joe,-22,3.84,4.4,0.55
Twisters,Average Joe,-21,6.27,4.1,2.17
Twisters,Average Joe,-20,3.85,3.8,0.05
Twisters,Average Joe,-19,4.92,4.28,0.64
Twisters,Average Joe,-13,5.29,2.84,2.45
Twisters,Average Joe,-12,8.07,5.75,2.32
Twisters,Average Joe,-11,8.39,6.87,1.52
Twisters,Average Joe,-10,7.43,4.85,2.59
Twisters,Average Joe,-9,9.45,8.3,1.16
Twisters,BTS 2016 Live The Most Beautiful Moment in Life On Stage: Epilogue Remastered,-23,2.57,0.0,2.57
Twisters,BTS 2016 Live The Most Beautiful Moment in Life On Stage: Epilogue Remastered,-22,3.84,4.34,0.49
Twisters,BTS 2016 Live The Most Beautiful Moment in Life On Stage: Epilogue Remastered,-21,6.27,4.11,2.16
Twisters,BTS 2016 Live The Most Beautiful Moment in Life On Stage: Epilogue Remastered,-20,3.85,3.34,0.51
Twisters,BTS 2016 Live The Most Beautiful Moment in Life On Stage: Epilogue Remastered,-19,4.92,4.57,0.35
Twisters,BTS 2019 'Love Yourself: Speak Yourself' London Remastered,-26,3.28,3.58,0.3
Twisters,BTS 2019 'Love Yourself: Speak Yourself' London Remastered,-25,3.41,2.76,0.64
Twisters,BTS 2019 'Love Yourself: Speak Yourself' London Remastered,-24,3.65,3.04,0.61
Twisters,BTS 2019 'Love Yourself: Speak Yourself' London Remastered,-23,2.57,2.67,0.1
Twisters,BTS 2019 'Love Yourself: Speak Yourself' London Remastered,-22,3.84,2.67,1.17
Twisters,BTS 2021 Muster Sowoozoo Remastered,-26,3.28,2.48,0.8
Twisters,BTS 2021 Muster Sowoozoo Remastered,-25,3.41,2.6,0.8
Twisters,BTS 2021 Muster Sowoozoo Remastered,-24,3.65,2.38,1.28
Twisters,BTS 2021 Muster Sowoozoo Remastered,-23,2.57,2.34,0.23
Twisters,BTS 2021 Muster Sowoozoo Remastered,-22,3.84,2.54,1.31
Twisters,BTS 2021 Muster Sowoozoo Remastered,-21,6.27,3.61,2.67
Twisters,BTS 2021 Muster Sowoozoo Remastered,-20,3.85,1.83,2.02
Twisters,Babes,-6,16.3,16.01,0.29
Twisters,Babes,-5,13.39,14.49,1.1
Twisters,Babes,-4,18.04,17.97,0.08
Twisters,Babylon,-10,7.43,8.89,1.46
Twisters,Babylon,-9,9.45,11.23,1.78
Twisters,Babylon,-8,10.16,10.17,0.02
Twisters,Babylon,-7,10.56,10.28,0.28
Twisters,Babylon,-6,16.3,13.55,2.75
Twisters,Babylon,-5,13.39,13.32,0.07
Twisters,Babylon,-4,18.04,17.46,0.59
Twisters,Back to 1984 - Cinemark 40th Anniversary: A Nightmare On Elm Street,-11,8.39,6.04,2.36
Twisters,Back to 1984 - Cinemark 40th Anniversary: A Nightmare On Elm Street,-10,7.43,6.87,0.57
Twisters,Back to 1984 - Cinemark 40th Anniversary: A Nightmare On Elm Street,-9,9.45,7.86,1.59
Twisters,Back to 1984 - Cinemark 40th Anniversary: A Nightmare On Elm Street,-8,10.16,8.04,2.12
Twisters,Back to 1984 - Cinemark 40th Anniversary: A Nightmare On Elm Street,-7,10.56,7.86,2.7
Twisters,Back to 1984 - Cinemark 40th Anniversary: Ghostbusters,-14,8.05,9.98,1.93
Twisters,Back to 1984 - Cinemark 40th Anniversary: Ghostbusters,-13,5.29,6.87,1.58
Twisters,Back to 1984 - Cinemark 40th Anniversary: Ghostbusters,-12,8.07,5.92,2.15
Twisters,Back to 1984 - Cinemark 40th Anniversary: Ghostbusters,-11,8.39,5.6,2.79
Twisters,Back to 1984 - Cinemark 40th Anniversary: Ghostbusters,-10,7.43,7.01,0.42
Twisters,Back to 1984 - Cinemark 40th Anniversary: Gremlins,-12,8.07,8.86,0.79
Twisters,Back to 1984 - Cinemark 40th Anniversary: Gremlins,-11,8.39,8.15,0.24
Twisters,Back to 1984 - Cinemark 40th Anniversary: Gremlins,-10,7.43,6.45,0.99
Twisters,Back to 1984 - Cinemark 40th Anniversary: Indiana Jones And The Temple Of Doom,-14,8.05,5.73,2.32
Twisters,Back to 1984 - Cinemark 40th Anniversary: Indiana Jones And The Temple Of Doom,-13,5.29,3.6,1.69
Twisters,Back to 1984 - Cinemark 40th Anniversary: Indiana Jones And The Temple Of Doom,-12,8.07,5.08,3.0
Twisters,Back to 1984 - Cinemark 40th Anniversary: Purple Rain,-10,7.43,6.97,0.46
Twisters,Back to 1984 - Cinemark 40th Anniversary: Purple Rain,-9,9.45,7.68,1.78
Twisters,Back to 1984 - Cinemark 40th Anniversary: Purple Rain,-8,10.16,7.27,2.89
Twisters,Back to the Future 40th Anniversary,-35,3.59,2.22,1.37
Twisters,Back to the Future 40th Anniversary,-34,4.81,2.77,2.04
Twisters,Back to the Future 40th Anniversary,-33,5.35,2.42,2.93
Twisters,Back to the Future 40th Anniversary,-32,3.25,2.62,0.64
Twisters,Back to the Future 40th Anniversary,-31,3.13,1.55,1.58
Twisters,Back to the Future 40th Anniversary,-30,5.22,2.83,2.38
Twisters,Back to the Future 40th Anniversary,-29,5.65,3.26,2.39
Twisters,Back to the Future 40th Anniversary,-28,3.35,2.38,0.97
Twisters,Back to the Future 40th Anniversary,-26,3.28,3.95,0.67
Twisters,Back to the Future 40th Anniversary,-25,3.41,3.66,0.25
Twisters,Back to the Future 40th Anniversary,-24,3.65,4.51,0.86
Twisters,Back to the Future 40th Anniversary,-23,2.57,2.99,0.42
Twisters,Back to the Future 40th Anniversary,-22,3.84,2.88,0.97
Twisters,Back to the Future 40th Anniversary,-21,6.27,4.51,1.77
Twisters,Back to the Future 40th Anniversary,-20,3.85,2.59,1.26
Twisters,Back to the Future 40th Anniversary - The IMAX 2D Experience,-26,3.28,1.94,1.34
Twisters,Back to the Future 40th Anniversary - The IMAX 2D Experience,-25,3.41,1.99,1.42
Twisters,Back to the Future 40th Anniversary - The IMAX 2D Experience,-24,3.65,2.01,1.64
Twisters,Back to the Future 40th Anniversary - The IMAX 2D Experience,-23,2.57,2.32,0.24
Twisters,Back to the Future 40th Anniversary - The IMAX 2D Experience,-22,3.84,2.2,1.64
Twisters,Back to the Future Part II 35th Anniversary,-25,3.41,2.82,0.59
Twisters,Back to the Future Part II 35th Anniversary,-24,3.65,3.01,0.64
Twisters,Back to the Future Part II 35th Anniversary,-23,2.57,2.94,0.37
Twisters,Back to the Future Part II 35th Anniversary,-22,3.84,3.11,0.73
Twisters,Bad Boys: Ride or Die,-12,8.07,7.5,0.57
Twisters,Bad Boys: Ride or Die,-11,8.39,5.84,2.55
Twisters,Bad Boys: Ride or Die,-10,7.43,6.5,0.94
Twisters,Bad Boys: Ride or Die,-9,9.45,10.74,1.29
Twisters,Bad Boys: Ride or Die,-8,10.16,9.59,0.57
Twisters,Bad Boys: Ride or Die,-7,10.56,11.88,1.32
Twisters,Bad Boys: Ride or Die: Early Access Screening,-10,7.43,9.43,2.0
Twisters,Bad Boys: Ride or Die: Early Access Screening,-9,9.45,7.36,2.09
Twisters,Bad Boys: Ride or Die: Early Access Screening,-8,10.16,8.65,1.51
Twisters,Ballerina,-16,6.92,6.3,0.62
Twisters,Ballerina,-15,4.71,6.1,1.39
Twisters,Ballerina,-14,8.05,6.97,1.08
Twisters,Ballerina,-12,8.07,7.61,0.46
Twisters,Ballerina,-11,8.39,7.45,0.94
Twisters,Ballerina,-10,7.43,8.57,1.14
Twisters,Ballerina,-9,9.45,8.97,0.48
Twisters,Ballerina - Early Access,-13,5.29,7.45,2.16
Twisters,Ballerina - Early Access,-12,8.07,10.01,1.93
Twisters,Ballerina - Early Access,-11,8.39,10.37,1.98
Twisters,Ballerina - Early Access,-10,7.43,7.13,0.3
Twisters,Ballerina - Early Access,-9,9.45,6.97,2.48
Twisters,Barbie,-18,7.6,8.34,0.74
Twisters,Barbie,-17,10.03,8.12,1.91
Twisters,Barbie,-16,6.92,9.25,2.33
Twisters,Barbie,-5,13.39,11.03,2.35
Twisters,Barbie,-4,18.04,16.9,1.15
Twisters,Barbie,-3,29.61,27.21,2.4
Twisters,Barbie,-2,28.86,26.13,2.73
Twisters,Barbie: Early Access Screening,-25,3.41,5.58,2.18
Twisters,Barbie: Early Access Screening,-24,3.65,2.51,1.14
Twisters,Barbie: Early Access Screening,-23,2.57,3.14,0.58
Twisters,Barbie: Early Access Screening,-22,3.84,6.3,2.46
Twisters,Barbie: Early Access Screening,-21,6.27,5.02,1.25
Twisters,Barbie: Early Access Screening,-20,3.85,4.17,0.32
Twisters,Barbie: Early Access Screening,-19,4.92,5.14,0.22
Twisters,Barbie: IMAX Experience,-14,8.05,10.48,2.43
Twisters,Barbie: IMAX Experience,-13,5.29,7.29,2.0
Twisters,Barbie: IMAX Experience,-12,8.07,6.96,1.11
Twisters,Beautiful Wedding,-23,2.57,0.0,2.57
Twisters,Beautiful Wedding,-22,3.84,2.01,1.84
Twisters,Beautiful Wedding,-21,6.27,3.78,2.5
Twisters,Beautiful Wedding,-20,3.85,6.02,2.17
Twisters,Beautiful Wedding,-19,4.92,4.94,0.01
Twisters,Beautiful Wedding,-18,7.6,6.58,1.02
Twisters,Beauty and The Beast (1991) - Disney100 Special Engagement,-37,4.33,3.95,0.38
Twisters,Beauty and The Beast (1991) - Disney100 Special Engagement,-36,5.6,7.81,2.21
Twisters,Beauty and The Beast (1991) - Disney100 Special Engagement,-35,3.59,6.39,2.8
Twisters,Beauty and The Beast (1991) - Disney100 Special Engagement,-34,4.81,2.58,2.23
Twisters,Beauty and The Beast (1991) - Disney100 Special Engagement,-33,5.35,3.81,1.54
Twisters,Beauty and The Beast (1991) - Disney100 Special Engagement,-32,3.25,5.77,2.52
Twisters,Beauty and The Beast (1991) - Disney100 Special Engagement,-30,5.22,4.85,0.36
Twisters,Beauty and The Beast (1991) - Disney100 Special Engagement,-28,3.35,4.24,0.89
Twisters,Beauty and The Beast (1991) - Disney100 Special Engagement,-27,7.93,6.09,1.83
Twisters,Beauty and The Beast (1991) - Disney100 Special Engagement,-25,3.41,3.04,0.36
Twisters,Beauty and The Beast (1991) - Disney100 Special Engagement,-24,3.65,3.69,0.04
Twisters,Beauty and The Beast (1991) - Disney100 Special Engagement,-23,2.57,3.94,1.37
Twisters,Beauty and The Beast (1991) - Disney100 Special Engagement,-22,3.84,4.92,1.07
Twisters,Beauty and The Beast (1991) - Disney100 Special Engagement,-21,6.27,5.09,1.19
Twisters,Beauty and The Beast (1991) - Disney100 Special Engagement,-20,3.85,6.25,2.4
Twisters,Beauty and The Beast (1991) - Disney100 Special Engagement,-19,4.92,5.52,0.6
Twisters,Beauty and The Beast (1991) - Disney100 Special Engagement,-16,6.92,5.72,1.2
Twisters,Beauty and The Beast (1991) - Disney100 Special Engagement,-15,4.71,4.02,0.69
Twisters,Beauty and The Beast (1991) - Disney100 Special Engagement,-14,8.05,5.68,2.38
Twisters,Beauty and The Beast (1991) - Disney100 Special Engagement,-13,5.29,3.33,1.96
Twisters,Beauty and The Beast (1991) - Disney100 Special Engagement,-12,8.07,6.0,2.07
Twisters,Beauty and The Beast (1991) - Disney100 Special Engagement,-11,8.39,7.27,1.13
Twisters,Becoming Led Zeppelin IMAX Exclusive,-37,4.33,1.89,2.44
Twisters,Becoming Led Zeppelin IMAX Exclusive,-36,5.6,2.64,2.96
Twisters,Becoming Led Zeppelin IMAX Exclusive,-35,3.59,2.65,0.94
Twisters,Becoming Led Zeppelin IMAX Exclusive,-34,4.81,3.06,1.75
Twisters,Becoming Led Zeppelin IMAX Exclusive,-33,5.35,3.26,2.1
Twisters,Becoming Led Zeppelin IMAX Exclusive,-32,3.25,3.7,0.45
Twisters,Becoming Led Zeppelin IMAX Exclusive,-31,3.13,2.64,0.49
Twisters,Becoming Led Zeppelin IMAX Exclusive,-30,5.22,2.39,2.83
Twisters,Becoming Led Zeppelin IMAX Exclusive,-29,5.65,3.1,2.55
Twisters,Becoming Led Zeppelin IMAX Exclusive,-28,3.35,2.57,0.78
Twisters,Becoming Led Zeppelin IMAX Exclusive,-26,3.28,2.34,0.94
Twisters,Becoming Led Zeppelin IMAX Exclusive,-25,3.41,1.94,1.47
Twisters,Becoming Led Zeppelin IMAX Exclusive,-24,3.65,2.52,1.13
Twisters,Becoming Led Zeppelin IMAX Exclusive,-23,2.57,1.92,0.65
Twisters,Becoming Led Zeppelin IMAX Exclusive,-22,3.84,2.55,1.3
Twisters,Beetlejuice Beetlejuice,-24,3.65,5.44,1.79
Twisters,Beetlejuice Beetlejuice,-23,2.57,5.01,2.45
Twisters,Beetlejuice Beetlejuice,-22,3.84,5.25,1.4
Twisters,Beetlejuice Beetlejuice,-21,6.27,5.52,0.76
Twisters,Beetlejuice Beetlejuice,-20,3.85,6.47,2.62
Twisters,Beetlejuice Beetlejuice,-19,4.92,5.65,0.72
Twisters,Beetlejuice Beetlejuice,-18,7.6,6.07,1.53
Twisters,Beetlejuice Beetlejuice,-16,6.92,5.51,1.41
Twisters,Beetlejuice Beetlejuice,-15,4.71,5.86,1.15
Twisters,Beetlejuice Beetlejuice,-14,8.05,5.77,2.28
Twisters,Beetlejuice Beetlejuice,-13,5.29,6.12,0.83
Twisters,Beetlejuice Beetlejuice,-12,8.07,6.64,1.43
Twisters,Beetlejuice Beetlejuice,-11,8.39,6.98,1.41
Twisters,Beetlejuice Beetlejuice,-10,7.43,6.27,1.16
Twisters,Beetlejuice Beetlejuice,-9,9.45,6.95,2.5
Twisters,Beetlejuice Beetlejuice,-8,10.16,7.69,2.47
Twisters,Beetlejuice Beetlejuice,-7,10.56,9.24,1.32
Twisters,Best Picture Marathon 2025: Day One,-22,3.84,2.17,1.67
Twisters,Best Picture Marathon 2025: Day One,-21,6.27,4.94,1.34
Twisters,Best Picture Marathon 2025: Day One,-20,3.85,3.01,0.84
Twisters,Best Picture Marathon 2025: Day One,-19,4.92,5.0,0.08
Twisters,Best Picture Marathon 2025: Day Two,-26,3.28,1.77,1.51
Twisters,Best Picture Marathon 2025: Day Two,-25,3.41,5.3,1.9
Twisters,Best Picture Marathon 2025: Day Two,-24,3.65,1.82,1.83
Twisters,Best Picture Marathon 2025: Day Two,-23,2.57,3.71,1.15
Twisters,Best Picture Marathon 2025: Day Two,-21,6.27,3.89,2.38
Twisters,Best Picture Marathon 2025: Day Two,-20,3.85,1.07,2.78
Twisters,Best Picture Marathon 2025: Day Two,-19,4.92,2.15,2.78
Twisters,Between Borders,-12,8.07,10.11,2.04
Twisters,Between Borders,-11,8.39,6.04,2.36
Twisters,Between Borders,-10,7.43,5.68,1.75
Twisters,Between Borders,-9,9.45,10.19,0.73
Twisters,Between Borders,-8,10.16,8.54,1.62
Twisters,Between Borders,-7,10.56,8.19,2.37
Twisters,Bible Cinema Roadshow: The 7 Churches of Revelation: Times of Deception,-11,8.39,11.16,2.77
Twisters,Bible Cinema Roadshow: The 7 Churches of Revelation: Times of Deception,-10,7.43,4.44,3.0
Twisters,Bible Cinema Roadshow: The 7 Churches of Revelation: Times of Deception,-9,9.45,8.28,1.17
Twisters,Big George Foreman: The Miraculous Story of the Once and Future Heavyweight Champion of the World,-36,5.6,5.85,0.25
Twisters,Big George Foreman: The Miraculous Story of the Once and Future Heavyweight Champion of the World,-35,3.59,4.31,0.71
Twisters,Big George Foreman: The Miraculous Story of the Once and Future Heavyweight Champion of the World,-34,4.81,6.41,1.6
Twisters,Big George Foreman: The Miraculous Story of the Once and Future Heavyweight Champion of the World,-33,5.35,6.91,1.55
Twisters,Big George Foreman: The Miraculous Story of the Once and Future Heavyweight Champion of the World,-30,5.22,3.92,1.3
Twisters,Big George Foreman: The Miraculous Story of the Once and Future Heavyweight Champion of the World,-29,5.65,2.75,2.9
Twisters,Big George Foreman: The Miraculous Story of the Once and Future Heavyweight Champion of the World,-28,3.35,5.09,1.74
Twisters,Big George Foreman: The Miraculous Story of the Once and Future Heavyweight Champion of the World,-27,7.93,8.31,0.38
Twisters,Big George Foreman: The Miraculous Story of the Once and Future Heavyweight Champion of the World,-26,3.28,5.86,2.58
Twisters,Big George Foreman: The Miraculous Story of the Once and Future Heavyweight Champion of the World,-25,3.41,6.34,2.93
Twisters,Big George Foreman: The Miraculous Story of the Once and Future Heavyweight Champion of the World,-24,3.65,4.44,0.79
Twisters,Big George Foreman: The Miraculous Story of the Once and Future Heavyweight Champion of the World,-23,2.57,2.74,0.17
Twisters,Big George Foreman: The Miraculous Story of the Once and Future Heavyweight Champion of the World,-21,6.27,4.34,1.93
Twisters,Big George Foreman: The Miraculous Story of the Once and Future Heavyweight Champion of the World,-20,3.85,3.49,0.36
Twisters,Big George Foreman: The Miraculous Story of the Once and Future Heavyweight Champion of the World,-19,4.92,2.65,2.27
Twisters,Big George Foreman: The Miraculous Story of the Once and Future Heavyweight Champion of the World,-18,7.6,6.27,1.33
Twisters,Big George Foreman: The Miraculous Story of the Once and Future Heavyweight Champion of the World,-13,5.29,4.74,0.54
Twisters,Big George Foreman: The Miraculous Story of the Once and Future Heavyweight Champion of the World,-12,8.07,5.9,2.18
Twisters,Big George Foreman: The Miraculous Story of the Once and Future Heavyweight Champion of the World,-11,8.39,6.26,2.13
Twisters,Big George Foreman: The Miraculous Story of the Once and Future Heavyweight Champion of the World,-10,7.43,5.39,2.05
Twisters,Big George Foreman: The Miraculous Story of the Once and Future Heavyweight Champion of the World,-9,9.45,7.86,1.59
Twisters,Big George Foreman: The Miraculous Story of the Once and Future Heavyweight Champion of the World,-8,10.16,8.78,1.37
Twisters,Black Adam,-16,6.92,8.23,1.31
Twisters,Black Adam,-15,4.71,7.45,2.74
Twisters,Black Adam,-14,8.05,7.46,0.59
Twisters,Black Adam,-13,5.29,6.94,1.65
Twisters,Black Adam,-12,8.07,6.9,1.17
Twisters,Black Panther: Wakanda Forever,-26,3.28,3.71,0.43
Twisters,Black Panther: Wakanda Forever,-25,3.41,3.31,0.1
Twisters,Black Panther: Wakanda Forever,-24,3.65,2.3,1.35
Twisters,Black Panther: Wakanda Forever,-23,2.57,2.03,0.54
Twisters,Black Panther: Wakanda Forever,-22,3.84,1.47,2.37
Twisters,Black Panther: Wakanda Forever,-21,6.27,4.47,1.81
Twisters,Black Panther: Wakanda Forever,-20,3.85,2.05,1.81
Twisters,Black Swan 15th Anniversary Exclusive: Remastered for IMAX,-25,3.41,5.96,2.55
Twisters,Black Swan 15th Anniversary Exclusive: Remastered for IMAX,-24,3.65,6.36,2.71
Twisters,Black Swan 15th Anniversary Exclusive: Remastered for IMAX,-23,2.57,3.85,1.28
Twisters,Black Swan 15th Anniversary Exclusive: Remastered for IMAX,-22,3.84,4.52,0.68
Twisters,Black Swan 15th Anniversary Exclusive: Remastered for IMAX,-21,6.27,4.89,1.38
Twisters,Black Swan 15th Anniversary Exclusive: Remastered for IMAX,-20,3.85,4.14,0.29
Twisters,Black Swan 15th Anniversary Exclusive: Remastered for IMAX,-19,4.92,2.28,2.65
Twisters,Black Widow,-26,3.28,5.66,2.38
Twisters,Black Widow,-25,3.41,4.21,0.8
Twisters,Black Widow,-24,3.65,1.66,2.0
Twisters,Black Widow,-23,2.57,1.15,1.42
Twisters,Black Widow,-22,3.84,4.74,0.9
Twisters,Blackpink World Tour (Born Pink) in Cinemas,-31,3.13,4.79,1.67
Twisters,Blackpink World Tour (Born Pink) in Cinemas,-30,5.22,4.66,0.56
Twisters,Blackpink World Tour (Born Pink) in Cinemas,-29,5.65,5.67,0.02
Twisters,Blackpink World Tour (Born Pink) in Cinemas,-27,7.93,5.24,2.69
Twisters,Blackpink World Tour (Born Pink) in Cinemas,-26,3.28,3.68,0.39
Twisters,Blackpink World Tour (Born Pink) in Cinemas,-25,3.41,2.74,0.66
Twisters,Blackpink World Tour (Born Pink) in Cinemas,-24,3.65,1.89,1.76
Twisters,Blackpink World Tour (Born Pink) in Cinemas,-22,3.84,2.04,1.8
Twisters,Blackpink World Tour (Born Pink) in Cinemas,-21,6.27,5.64,0.63
Twisters,Blackpink World Tour (Born Pink) in Cinemas,-20,3.85,4.12,0.27
Twisters,Blackpink World Tour (Born Pink) in Cinemas,-19,4.92,2.53,2.4
Twisters,Blippi's Big Dino Adventure Movie,-10,7.43,7.53,0.09
Twisters,Blippi's Big Dino Adventure Movie,-8,10.16,11.7,1.54
Twisters,Blippi's Big Dino Adventure Movie,-7,10.56,10.39,0.18
Twisters,Blue Beetle,-12,8.07,5.37,2.7
Twisters,Blue Beetle,-11,8.39,7.27,1.13
Twisters,Blue Beetle,-10,7.43,5.68,1.75
Twisters,Blue Beetle,-9,9.45,8.31,1.14
Twisters,Blue Lock: Episode Nagi,-5,13.39,11.25,2.14
Twisters,Blue Lock: Episode Nagi,-4,18.04,16.5,1.54
Twisters,Blue Lock: Episode Nagi,-3,29.61,27.85,1.76
Twisters,Bonhoeffer: Pastor. Spy. Assassin.,-37,4.33,7.1,2.77
Twisters,Bonhoeffer: Pastor. Spy. Assassin.,-36,5.6,7.4,1.8
Twisters,Bonhoeffer: Pastor. Spy. Assassin.,-35,3.59,5.42,1.82
Twisters,Bonhoeffer: Pastor. Spy. Assassin.,-34,4.81,5.37,0.56
Twisters,Bonhoeffer: Pastor. Spy. Assassin.,-33,5.35,5.8,0.44
Twisters,Bonhoeffer: Pastor. Spy. Assassin.,-32,3.25,5.5,2.25
Twisters,Bonhoeffer: Pastor. Spy. Assassin.,-30,5.22,7.53,2.31
Twisters,Bonhoeffer: Pastor. Spy. Assassin.,-29,5.65,5.28,0.37
Twisters,Bonhoeffer: Pastor. Spy. Assassin.,-28,3.35,5.47,2.13
Twisters,Bonhoeffer: Pastor. Spy. Assassin.,-22,3.84,5.54,1.7
Twisters,Bonhoeffer: Pastor. Spy. Assassin.,-21,6.27,8.08,1.81
Twisters,Bonhoeffer: Pastor. Spy. Assassin.,-20,3.85,6.28,2.43
Twisters,Bonhoeffer: Pastor. Spy. Assassin.,-19,4.92,7.72,2.79
Twisters,Bonhoeffer: Pastor. Spy. Assassin.,-18,7.6,7.76,0.16
Twisters,Bonhoeffer: Pastor. Spy. Assassin.,-17,10.03,8.8,1.23
Twisters,Bonhoeffer: Pastor. Spy. Assassin.,-16,6.92,7.31,0.39
Twisters,Bonhoeffer: Pastor. Spy. Assassin.,-15,4.71,6.2,1.49
Twisters,Bonhoeffer: Pastor. Spy. Assassin.,-14,8.05,7.27,0.78
Twisters,Boondock Saints 25th Anniversary,-22,3.84,3.98,0.14
Twisters,Boondock Saints 25th Anniversary,-21,6.27,5.85,0.43
Twisters,Boondock Saints 25th Anniversary,-20,3.85,3.33,0.52
Twisters,Boondock Saints 25th Anniversary,-19,4.92,6.71,1.79
Twisters,Boondock Saints 25th Anniversary,-18,7.6,6.45,1.15
Twisters,Boondock Saints 25th Anniversary,-16,6.92,9.2,2.28
Twisters,Boondock Saints 25th Anniversary,-15,4.71,4.49,0.22
Twisters,Boondock Saints 25th Anniversary,-14,8.05,8.53,0.48
Twisters,Boondock Saints 25th Anniversary,-13,5.29,4.61,0.68
Twisters,Boondock Saints 25th Anniversary,-12,8.07,9.67,1.6
Twisters,Borderlands,-9,9.45,11.85,2.4
Twisters,Borderlands,-8,10.16,9.7,0.45
Twisters,Borderlands,-7,10.56,11.97,1.41
Twisters,Bottoms,-12,8.07,5.65,2.42
Twisters,Bottoms,-11,8.39,9.12,0.72
Twisters,Bottoms,-10,7.43,9.48,2.05
Twisters,Bottoms,-9,9.45,9.0,0.45
Twisters,Bottoms,-8,10.16,12.96,2.8
Twisters,Bottoms,-7,10.56,11.53,0.97
Twisters,"Boy and The Heron, The - Studio Ghibli Fest 2025",-37,4.33,3.07,1.26
Twisters,"Boy and The Heron, The - Studio Ghibli Fest 2025",-36,5.6,5.11,0.49
Twisters,"Boy and The Heron, The - Studio Ghibli Fest 2025",-35,3.59,6.28,2.69
Twisters,"Boy and The Heron, The - Studio Ghibli Fest 2025",-25,3.41,2.67,0.73
Twisters,"Boy and The Heron, The - Studio Ghibli Fest 2025",-24,3.65,3.43,0.22
Twisters,"Boy and The Heron, The - Studio Ghibli Fest 2025",-23,2.57,4.0,1.43
Twisters,"Boy and The Heron, The - Studio Ghibli Fest 2025",-22,3.84,3.44,0.4
Twisters,Broken Mary: The Kevin Matthews Story,-21,6.27,6.05,0.22
Twisters,Broken Mary: The Kevin Matthews Story,-20,3.85,5.57,1.72
Twisters,Broken Mary: The Kevin Matthews Story,-19,4.92,6.38,1.46
Twisters,Broken Mary: The Kevin Matthews Story,-18,7.6,4.81,2.79
Twisters,Broken Mary: The Kevin Matthews Story,-12,8.07,6.23,1.84
Twisters,Broken Mary: The Kevin Matthews Story,-11,8.39,10.86,2.47
Twisters,Broken Mary: The Kevin Matthews Story,-10,7.43,7.58,0.15
Twisters,Bugonia,-14,8.05,8.15,0.09
Twisters,Bugonia,-13,5.29,8.0,2.71
Twisters,Bugonia,-12,8.07,8.06,0.01
Twisters,Bugonia,-11,8.39,6.71,1.68
Twisters,Bugonia,-10,7.43,7.76,0.33
Twisters,Bugonia,-9,9.45,7.89,1.56
Twisters,Bullet Train,-6,16.3,14.71,1.59
Twisters,Bullet Train,-5,13.39,13.25,0.13
Twisters,Bullet Train,-4,18.04,15.27,2.77
Twisters,Cabrini,-33,5.35,6.06,0.7
Twisters,Cabrini,-32,3.25,5.54,2.29
Twisters,Cabrini,-31,3.13,5.86,2.74
Twisters,Cabrini,-30,5.22,6.84,1.62
Twisters,Cabrini,-29,5.65,3.96,1.69
Twisters,Cabrini,-28,3.35,4.1,0.75
Twisters,Cabrini,-26,3.28,3.28,0.0
Twisters,Cabrini,-25,3.41,2.23,1.17
Twisters,Cabrini,-24,3.65,3.19,0.46
Twisters,Cabrini,-23,2.57,2.75,0.19
Twisters,Cabrini,-22,3.84,5.61,1.77
Twisters,Cabrini,-21,6.27,3.86,2.42
Twisters,Canelo vs Berlanga,-17,10.03,9.73,0.3
Twisters,Canelo vs Berlanga,-16,6.92,5.64,1.28
Twisters,Canelo vs Berlanga,-15,4.71,4.67,0.03
Twisters,Canelo vs Berlanga,-14,8.05,7.99,0.06
Twisters,Canelo vs Berlanga,-12,8.07,8.85,0.78
Twisters,Canelo vs Berlanga,-11,8.39,8.98,0.58
Twisters,Canelo vs Berlanga,-10,7.43,9.71,2.27
Twisters,Canelo vs Berlanga,-6,16.3,14.06,2.24
Twisters,Canelo vs Berlanga,-5,13.39,14.7,1.31
Twisters,Canelo vs Berlanga,-4,18.04,15.48,2.57
Twisters,Canelo vs. Munguia: Clash of the Mexican Superstars,-18,7.6,5.93,1.67
Twisters,Canelo vs. Munguia: Clash of the Mexican Superstars,-17,10.03,9.83,0.2
Twisters,Canelo vs. Munguia: Clash of the Mexican Superstars,-16,6.92,7.89,0.97
Twisters,Captain America: Brave New World,-22,3.84,6.77,2.93
Twisters,Captain America: Brave New World,-21,6.27,6.09,0.18
Twisters,Captain America: Brave New World,-20,3.85,6.6,2.75
Twisters,Captain America: Brave New World,-19,4.92,6.2,1.28
Twisters,Captain America: Brave New World,-18,7.6,7.48,0.12
Twisters,Captain America: Brave New World,-13,5.29,5.55,0.26
Twisters,Captain America: Brave New World,-12,8.07,6.18,1.9
Twisters,Captain America: Brave New World,-11,8.39,6.58,1.81
Twisters,Captain America: Brave New World,-10,7.43,7.4,0.03
Twisters,Captain America: Brave New World,-9,9.45,7.22,2.23
Twisters,Captain America: Brave New World,-8,10.16,7.89,2.27
Twisters,Captain America: Brave New World,-7,10.56,7.79,2.78
Twisters,Captain America: Brave New World IMAX Fan Event,-22,3.84,5.79,1.94
Twisters,Captain America: Brave New World IMAX Fan Event,-21,6.27,4.18,2.1
Twisters,Captain America: Brave New World IMAX Fan Event,-20,3.85,3.77,0.08
Twisters,Captain America: Brave New World IMAX Fan Event,-19,4.92,3.21,1.72
Twisters,Carlo Acutis: Roadmap to Reality,-18,7.6,8.8,1.2
Twisters,Carlo Acutis: Roadmap to Reality,-17,10.03,7.34,2.69
Twisters,Carlo Acutis: Roadmap to Reality,-16,6.92,8.65,1.73
Twisters,Carlo Acutis: Roadmap to Reality,-14,8.05,7.92,0.13
Twisters,Carlo Acutis: Roadmap to Reality,-13,5.29,6.94,1.65
Twisters,Carlo Acutis: Roadmap to Reality,-12,8.07,9.16,1.09
Twisters,Carlo Acutis: Roadmap to Reality,-11,8.39,7.91,0.48
Twisters,Casper: 30th Anniversary,-24,3.65,4.63,0.98
Twisters,Casper: 30th Anniversary,-23,2.57,4.41,1.84
Twisters,Casper: 30th Anniversary,-22,3.84,2.52,1.32
Twisters,Castle in the Sky - Studio Ghibli Fest 2023,-23,2.57,3.41,0.84
Twisters,Castle in the Sky - Studio Ghibli Fest 2023,-22,3.84,3.62,0.22
Twisters,Castle in the Sky - Studio Ghibli Fest 2023,-21,6.27,3.56,2.71
Twisters,Castle in the Sky - Studio Ghibli Fest 2023,-20,3.85,4.59,0.74
Twisters,Castle in the Sky - Studio Ghibli Fest 2023,-19,4.92,4.27,0.65
Twisters,Castle in the Sky - Studio Ghibli Fest 2024,-35,3.59,1.15,2.45
Twisters,Castle in the Sky - Studio Ghibli Fest 2024,-34,4.81,3.87,0.94
Twisters,Castle in the Sky - Studio Ghibli Fest 2024,-33,5.35,2.38,2.97
Twisters,Castle in the Sky - Studio Ghibli Fest 2024,-32,3.25,1.83,1.42
Twisters,Castle in the Sky - Studio Ghibli Fest 2024,-31,3.13,1.3,1.82
Twisters,Castle in the Sky - Studio Ghibli Fest 2024,-30,5.22,2.61,2.6
Twisters,Castle in the Sky - Studio Ghibli Fest 2024,-26,3.28,1.95,1.33
Twisters,Castle in the Sky - Studio Ghibli Fest 2024,-25,3.41,2.39,1.02
Twisters,Castle in the Sky - Studio Ghibli Fest 2024,-24,3.65,3.47,0.18
Twisters,Castle in the Sky - Studio Ghibli Fest 2024,-23,2.57,3.03,0.46
Twisters,Castle in the Sky - Studio Ghibli Fest 2024,-22,3.84,3.36,0.49
Twisters,Castle in the Sky - Studio Ghibli Fest 2024,-21,6.27,5.32,0.96
Twisters,Castle in the Sky - Studio Ghibli Fest 2024,-20,3.85,5.76,1.91
Twisters,Castle in the Sky - Studio Ghibli Fest 2024,-19,4.92,3.91,1.01
Twisters,Castle in the Sky - Studio Ghibli Fest 2024,-18,7.6,6.31,1.29
Twisters,Castle in the Sky - Studio Ghibli Fest 2024,-16,6.92,5.01,1.91
Twisters,Castle in the Sky - Studio Ghibli Fest 2024,-15,4.71,4.2,0.51
Twisters,Castle in the Sky - Studio Ghibli Fest 2024,-14,8.05,6.0,2.06
Twisters,Castle in the Sky - Studio Ghibli Fest 2024,-13,5.29,5.08,0.21
Twisters,Castle in the Sky - Studio Ghibli Fest 2024,-12,8.07,6.32,1.76
Twisters,Castle in the Sky - Studio Ghibli Fest 2024,-11,8.39,5.82,2.58
Twisters,Castle in the Sky - Studio Ghibli Fest 2024,-10,7.43,5.07,2.37
Twisters,CatVideoFest 2024,-18,7.6,6.45,1.15
Twisters,CatVideoFest 2024,-17,10.03,11.95,1.92
Twisters,CatVideoFest 2024,-16,6.92,5.62,1.3
Twisters,CatVideoFest 2024,-14,8.05,7.9,0.16
Twisters,CatVideoFest 2024,-13,5.29,8.17,2.88
Twisters,CatVideoFest 2024,-10,7.43,5.46,1.98
Twisters,CatVideoFest 2024,-9,9.45,6.99,2.46
Twisters,CatVideoFest 2024,-8,10.16,8.17,1.98
Twisters,CatVideoFest 2024,-7,10.56,8.13,2.43
Twisters,CatVideoFest 2025,-24,3.65,1.92,1.73
Twisters,CatVideoFest 2025,-23,2.57,2.32,0.25
Twisters,CatVideoFest 2025,-22,3.84,3.73,0.11
Twisters,Caught Stealing,-11,8.39,5.84,2.55
Twisters,Caught Stealing,-10,7.43,6.49,0.94
Twisters,Caught Stealing,-9,9.45,8.95,0.5
Twisters,Caught Stealing,-8,10.16,7.41,2.74
Twisters,Caught Stealing,-7,10.56,8.86,1.7
Twisters,Caught Stealing,-5,13.39,10.47,2.92
Twisters,Caught Stealing,-4,18.04,15.26,2.79
Twisters,Caught Stealing,-3,29.61,28.6,1.01
Twisters,Chainsaw Man - The Movie: Reze Arc,-9,9.45,10.5,1.05
Twisters,Chainsaw Man - The Movie: Reze Arc,-8,10.16,9.91,0.25
Twisters,Chainsaw Man - The Movie: Reze Arc,-7,10.56,9.7,0.86
Twisters,Chainsaw Man - The Movie: Reze Arc: Early Access Screening,-9,9.45,10.12,0.67
Twisters,Chainsaw Man - The Movie: Reze Arc: Early Access Screening,-8,10.16,9.71,0.44
Twisters,Chainsaw Man - The Movie: Reze Arc: Early Access Screening,-7,10.56,10.75,0.19
Twisters,Cheech & Chong's Last Movie,-7,10.56,13.09,2.53
Twisters,Cheech & Chong's Last Movie,-6,16.3,13.96,2.34
Twisters,Cheech & Chong's Last Movie,-5,13.39,15.26,1.87
Twisters,Cheech & Chong's Last Movie,-4,18.04,21.02,2.98
Twisters,Chicago & Friends in Concert,-24,3.65,3.6,0.05
Twisters,Chicago & Friends in Concert,-23,2.57,4.77,2.2
Twisters,Chicago & Friends in Concert,-22,3.84,3.79,0.06
Twisters,Chicago & Friends in Concert,-12,8.07,5.66,2.41
Twisters,Chicago & Friends in Concert,-11,8.39,9.47,1.07
Twisters,Chicago & Friends in Concert,-10,7.43,6.7,0.74
Twisters,Chicago & Friends in Concert,-9,9.45,7.28,2.17
Twisters,Chicken Run 25th Anniversary,-10,7.43,10.17,2.74
Twisters,Chicken Run 25th Anniversary,-9,9.45,8.44,1.01
Twisters,Chicken Run 25th Anniversary,-8,10.16,7.89,2.26
Twisters,Christina Aguilera: Christmas in Paris,-34,4.81,6.13,1.31
Twisters,Christina Aguilera: Christmas in Paris,-33,5.35,5.91,0.56
Twisters,Christina Aguilera: Christmas in Paris,-32,3.25,3.92,0.66
Twisters,Christina Aguilera: Christmas in Paris,-31,3.13,3.34,0.21
Twisters,Christina Aguilera: Christmas in Paris,-30,5.22,5.61,0.39
Twisters,Christina Aguilera: Christmas in Paris,-29,5.65,3.03,2.62
Twisters,Christina Aguilera: Christmas in Paris,-28,3.35,3.88,0.53
Twisters,Civil War,-13,5.29,5.02,0.26
Twisters,Civil War,-12,8.07,7.73,0.34
Twisters,Civil War,-11,8.39,8.34,0.05
Twisters,Civil War,-10,7.43,10.12,2.68
Twisters,Civil War,-9,9.45,11.12,1.67
Twisters,Clifford the Big Red Dog,-13,5.29,7.26,1.98
Twisters,Clifford the Big Red Dog,-12,8.07,8.46,0.39
Twisters,Clifford the Big Red Dog,-11,8.39,10.59,2.2
Twisters,Close Encounters of the Third Kind (2024 Re-release),-27,7.93,7.68,0.24
Twisters,Close Encounters of the Third Kind (2024 Re-release),-26,3.28,4.98,1.7
Twisters,Close Encounters of the Third Kind (2024 Re-release),-25,3.41,4.9,1.5
Twisters,Close Encounters of the Third Kind (2024 Re-release),-24,3.65,4.98,1.33
Twisters,Close Encounters of the Third Kind (2024 Re-release),-23,2.57,3.87,1.3
Twisters,Close Encounters of the Third Kind (2024 Re-release),-22,3.84,2.73,1.11
Twisters,Clueless 30th Anniversary,-35,3.59,2.9,0.69
Twisters,Clueless 30th Anniversary,-34,4.81,4.6,0.22
Twisters,Clueless 30th Anniversary,-33,5.35,4.18,1.17
Twisters,Clueless 30th Anniversary,-32,3.25,3.6,0.34
Twisters,Clueless 30th Anniversary,-30,5.22,3.01,2.2
Twisters,Clueless 30th Anniversary,-29,5.65,3.96,1.69
Twisters,Clueless 30th Anniversary,-28,3.35,4.54,1.2
Twisters,Clueless 30th Anniversary,-26,3.28,4.28,1.0
Twisters,Clueless 30th Anniversary,-25,3.41,4.21,0.81
Twisters,Clueless 30th Anniversary,-24,3.65,3.43,0.22
Twisters,Clueless 30th Anniversary,-23,2.57,3.8,1.24
Twisters,Clueless 30th Anniversary,-22,3.84,3.45,0.4
Twisters,Clueless 30th Anniversary,-21,6.27,4.08,2.19
Twisters,Clueless 30th Anniversary,-20,3.85,3.48,0.37
Twisters,Clueless 30th Anniversary,-19,4.92,3.04,1.88
Twisters,Cocaine Bear,-15,4.71,7.33,2.63
Twisters,Cocaine Bear,-14,8.05,8.64,0.58
Twisters,Cocaine Bear,-13,5.29,6.88,1.59
Twisters,Cocaine Bear,-8,10.16,8.83,1.32
Twisters,Cocaine Bear,-7,10.56,11.95,1.39
Twisters,Cocaine Bear,-6,16.3,14.01,2.29
Twisters,Cocaine Bear,-5,13.39,14.42,1.03
Twisters,Cocaine Bear,-4,18.04,15.51,2.53
Twisters,Coco (2017) - Disney100 Special Engagement,-24,3.65,6.4,2.75
Twisters,Coco (2017) - Disney100 Special Engagement,-23,2.57,4.07,1.5
Twisters,Coco (2017) - Disney100 Special Engagement,-22,3.84,5.85,2.01
Twisters,Coco (2017) - Disney100 Special Engagement,-20,3.85,3.4,0.45
Twisters,Coco (2017) - Disney100 Special Engagement,-19,4.92,7.34,2.42
Twisters,Coco (2017) - Disney100 Special Engagement,-18,7.6,4.8,2.8
Twisters,Coco (2017) - Disney100 Special Engagement,-16,6.92,5.52,1.4
Twisters,Coco (2017) - Disney100 Special Engagement,-15,4.71,5.01,0.3
Twisters,Coco (2017) - Disney100 Special Engagement,-14,8.05,6.92,1.13
Twisters,Companion,-12,8.07,7.75,0.32
Twisters,Companion,-11,8.39,7.04,1.35
Twisters,Companion,-10,7.43,7.78,0.34
Twisters,Companion,-9,9.45,9.0,0.45
Twisters,Companion,-8,10.16,11.59,1.43
Twisters,Companion,-6,16.3,14.26,2.04
Twisters,Companion,-5,13.39,13.48,0.1
Twisters,Companion,-4,18.04,17.37,0.68
Twisters,Companion Advance Screening,-17,10.03,7.8,2.22
Twisters,Companion Advance Screening,-16,6.92,6.3,0.62
Twisters,Companion Advance Screening,-15,4.71,4.93,0.23
Twisters,Coolie,-14,8.05,10.45,2.39
Twisters,Coolie,-13,5.29,7.26,1.97
Twisters,Coolie,-12,8.07,8.64,0.57
Twisters,Coolie,-10,7.43,9.33,1.89
Twisters,Coolie,-9,9.45,8.35,1.1
Twisters,Coolie,-8,10.16,11.63,1.47
Twisters,Coolie,-7,10.56,10.0,0.56
Twisters,Coraline,-22,3.84,3.97,0.12
Twisters,Coraline,-21,6.27,5.01,1.27
Twisters,Coraline,-20,3.85,4.54,0.69
Twisters,Coraline,-19,4.92,3.6,1.32
Twisters,Coraline 15th Anniversary,-37,4.33,3.67,0.66
Twisters,Coraline 15th Anniversary,-36,5.6,2.81,2.79
Twisters,Coraline 15th Anniversary,-35,3.59,3.29,0.3
Twisters,Coraline 15th Anniversary,-34,4.81,3.15,1.67
Twisters,Coraline 15th Anniversary,-33,5.35,2.6,2.75
Twisters,Coraline 15th Anniversary,-32,3.25,2.74,0.52
Twisters,Coraline 15th Anniversary,-31,3.13,2.81,0.32
Twisters,Coraline 15th Anniversary,-30,5.22,2.64,2.58
Twisters,Coraline 15th Anniversary,-26,3.28,2.43,0.85
Twisters,Coraline 15th Anniversary,-25,3.41,2.49,0.91
Twisters,Coraline 15th Anniversary,-24,3.65,2.73,0.93
Twisters,Coraline 15th Anniversary,-23,2.57,3.17,0.6
Twisters,Coraline 15th Anniversary,-22,3.84,3.27,0.58
Twisters,Coraline 15th Anniversary,-16,6.92,4.12,2.8
Twisters,Coraline 15th Anniversary,-15,4.71,4.52,0.19
Twisters,Coraline 15th Anniversary,-14,8.05,8.47,0.42
Twisters,Coraline 15th Anniversary,-12,8.07,9.42,1.35
Twisters,Coraline 15th Anniversary,-11,8.39,7.41,0.98
Twisters,Coraline 15th Anniversary,-10,7.43,7.95,0.52
Twisters,Coraline 15th Anniversary,-9,9.45,8.42,1.03
Twisters,Critical Role Live: Indianapolis,-23,2.57,0.0,2.57
Twisters,Critical Role Live: Indianapolis,-22,3.84,4.71,0.87
Twisters,Critical Role Live: Indianapolis,-21,6.27,7.59,1.32
Twisters,Critical Role Live: Indianapolis,-20,3.85,2.61,1.24
Twisters,"Critical Role Live: Melbourne, Australia",-34,4.81,3.49,1.32
Twisters,"Critical Role Live: Melbourne, Australia",-33,5.35,4.16,1.19
Twisters,"Critical Role Live: Melbourne, Australia",-32,3.25,2.53,0.73
Twisters,"Critical Role Live: Melbourne, Australia",-31,3.13,3.85,0.72
Twisters,"Critical Role Live: Melbourne, Australia",-26,3.28,2.68,0.6
Twisters,"Critical Role Live: Melbourne, Australia",-25,3.41,1.46,1.95
Twisters,"Critical Role Live: Melbourne, Australia",-24,3.65,2.18,1.47
Twisters,"Critical Role Live: Melbourne, Australia",-23,2.57,1.4,1.17
Twisters,"Critical Role Live: Melbourne, Australia",-22,3.84,2.72,1.12
Twisters,"Critical Role Live: Melbourne, Australia",-15,4.71,2.63,2.08
Twisters,"Critical Role Live: Melbourne, Australia",-14,8.05,7.19,0.87
Twisters,"Critical Role Live: Melbourne, Australia",-13,5.29,4.82,0.47
Twisters,"Critical Role Live: Melbourne, Australia",-12,8.07,7.51,0.57
Twisters,"Critical Role Live: Melbourne, Australia",-11,8.39,6.06,2.34
Twisters,"Critical Role Live: Sydney, Australia",-30,5.22,5.48,0.26
Twisters,"Critical Role Live: Sydney, Australia",-29,5.65,3.87,1.79
Twisters,"Critical Role Live: Sydney, Australia",-28,3.35,1.67,1.68
Twisters,"Critical Role Live: Sydney, Australia",-25,3.41,4.78,1.37
Twisters,"Critical Role Live: Sydney, Australia",-24,3.65,3.34,0.31
Twisters,"Critical Role Live: Sydney, Australia",-23,2.57,3.82,1.25
Twisters,"Critical Role Live: Sydney, Australia",-22,3.84,5.43,1.59
Twisters,Cypress Hill & the London Symphony Orchestra - Black Sunday Live at the Royal Albert Hall,-23,2.57,4.2,1.63
Twisters,Cypress Hill & the London Symphony Orchestra - Black Sunday Live at the Royal Albert Hall,-22,3.84,5.83,1.99
Twisters,Cypress Hill & the London Symphony Orchestra - Black Sunday Live at the Royal Albert Hall,-21,6.27,3.8,2.47
Twisters,"DCI 2025: Big, Loud and Live",-14,8.05,7.78,0.28
Twisters,"DCI 2025: Big, Loud and Live",-13,5.29,7.47,2.19
Twisters,"DCI 2025: Big, Loud and Live",-12,8.07,6.33,1.74
Twisters,"DCI 2025: Big, Loud and Live",-11,8.39,6.09,2.3
Twisters,"DCI 2025: Big, Loud and Live",-10,7.43,6.72,0.71
Twisters,"DCI 2025: Big, Loud and Live",-9,9.45,7.03,2.42
Twisters,"DCI 2025: Big, Loud and Live",-8,10.16,10.48,0.33
Twisters,"DCI 2025: Big, Loud and Live",-7,10.56,8.14,2.42
Twisters,Daaku Maharaaj,-18,7.6,9.21,1.61
Twisters,Daaku Maharaaj,-17,10.03,9.24,0.78
Twisters,Daaku Maharaaj,-16,6.92,7.42,0.5
Twisters,Daaku Maharaaj,-15,4.71,7.3,2.59
Twisters,Daaku Maharaaj,-14,8.05,7.66,0.39
Twisters,Daaku Maharaaj,-13,5.29,6.63,1.34
Twisters,Daaku Maharaaj,-12,8.07,5.85,2.22
Twisters,Daaku Maharaaj,-11,8.39,8.24,0.16
Twisters,Daaku Maharaaj,-10,7.43,7.48,0.04
Twisters,Daft Punk & Leiji Matsumoto: Interstella 5555,-22,3.84,6.75,2.91
Twisters,Daft Punk & Leiji Matsumoto: Interstella 5555,-21,6.27,6.67,0.39
Twisters,Daft Punk & Leiji Matsumoto: Interstella 5555,-20,3.85,4.67,0.82
Twisters,Dan Da Dan: First Encounter,-18,7.6,9.73,2.13
Twisters,Dan Da Dan: First Encounter,-17,10.03,8.25,1.78
Twisters,Dan Da Dan: First Encounter,-16,6.92,7.07,0.14
Twisters,Dan Da Dan: First Encounter,-15,4.71,6.62,1.91
Twisters,Dan Da Dan: First Encounter,-14,8.05,6.52,1.53
Twisters,Dan Da Dan: First Encounter,-13,5.29,7.3,2.02
Twisters,Dan Da Dan: First Encounter,-12,8.07,7.13,0.95
Twisters,Dan Da Dan: First Encounter,-11,8.39,6.92,1.47
Twisters,Dan Da Dan: First Encounter,-10,7.43,7.03,0.41
Twisters,Dan Da Dan: First Encounter,-9,9.45,6.84,2.61
Twisters,David,-38,6.71,5.5,1.21
Twisters,David,-37,4.33,4.41,0.07
Twisters,David,-36,5.6,3.97,1.63
Twisters,David,-35,3.59,5.83,2.23
Twisters,David,-34,4.81,4.45,0.37
Twisters,David,-33,5.35,4.1,1.25
Twisters,David,-32,3.25,3.84,0.59
Twisters,"David Gilmour Live at the Circus Maximus, Rome",-35,3.59,6.43,2.83
Twisters,"David Gilmour Live at the Circus Maximus, Rome",-34,4.81,5.94,1.13
Twisters,"David Gilmour Live at the Circus Maximus, Rome",-33,5.35,5.25,0.11
Twisters,"David Gilmour Live at the Circus Maximus, Rome",-32,3.25,5.24,1.98
Twisters,"David Gilmour Live at the Circus Maximus, Rome",-31,3.13,4.0,0.88
Twisters,"David Gilmour Live at the Circus Maximus, Rome",-30,5.22,4.12,1.09
Twisters,"David Gilmour Live at the Circus Maximus, Rome",-29,5.65,3.6,2.05
Twisters,"David Gilmour Live at the Circus Maximus, Rome",-28,3.35,4.35,1.0
Twisters,"David Gilmour Live at the Circus Maximus, Rome",-26,3.28,3.83,0.55
Twisters,"David Gilmour Live at the Circus Maximus, Rome",-25,3.41,2.8,0.6
Twisters,"David Gilmour Live at the Circus Maximus, Rome",-24,3.65,2.42,1.23
Twisters,"David Gilmour Live at the Circus Maximus, Rome",-23,2.57,4.2,1.63
Twisters,"David Gilmour Live at the Circus Maximus, Rome",-22,3.84,3.25,0.6
Twisters,Deadpool & Wolverine,-26,3.28,1.82,1.46
Twisters,Deadpool & Wolverine,-25,3.41,1.32,2.08
Twisters,Deadpool & Wolverine,-24,3.65,2.46,1.19
Twisters,Deadpool & Wolverine,-23,2.57,1.47,1.1
Twisters,Deadpool & Wolverine,-22,3.84,2.26,1.59
Twisters,Dear Evan Hansen,-5,13.39,15.12,1.74
Twisters,Dear Evan Hansen,-4,18.04,17.5,0.55
Twisters,Dear Evan Hansen,-3,29.61,31.27,1.66
Twisters,Dear Evan Hansen,-2,28.86,27.88,0.98
Twisters,Death of a Unicorn,-12,8.07,8.17,0.1
Twisters,Death of a Unicorn,-11,8.39,8.59,0.19
Twisters,Death of a Unicorn,-10,7.43,9.48,2.05
Twisters,Death of a Unicorn,-9,9.45,11.22,1.77
Twisters,Death of a Unicorn,-8,10.16,9.44,0.72
Twisters,Death of a Unicorn,-5,13.39,12.7,0.69
Twisters,Death of a Unicorn,-4,18.04,16.77,1.27
Twisters,Death of a Unicorn,-3,29.61,27.33,2.28
Twisters,Demon Slayer -Kimetsu no Yaiba- The Movie: Infinity Castle,-22,3.84,5.11,1.26
Twisters,Demon Slayer -Kimetsu no Yaiba- The Movie: Infinity Castle,-21,6.27,5.11,1.16
Twisters,Demon Slayer -Kimetsu no Yaiba- The Movie: Infinity Castle,-20,3.85,4.86,1.01
Twisters,Demon Slayer -Kimetsu no Yaiba- The Movie: Infinity Castle,-19,4.92,4.69,0.23
Twisters,Demon Slayer: Kimetsu No Yaiba - To The Hashira Training,-11,8.39,9.06,0.67
Twisters,Demon Slayer: Kimetsu No Yaiba - To The Hashira Training,-10,7.43,7.39,0.04
Twisters,Demon Slayer: Kimetsu No Yaiba - To The Hashira Training,-9,9.45,9.34,0.11
Twisters,Demon Slayer: Kimetsu No Yaiba - To The Hashira Training,-8,10.16,7.29,2.86
Twisters,Demon Slayer: Kimetsu No Yaiba - To The Hashira Training,-7,10.56,10.66,0.09
Twisters,Demon Slayer: Kimetsu No Yaiba -To The Swordsmith Village,-10,7.43,10.01,2.58
Twisters,Demon Slayer: Kimetsu No Yaiba -To The Swordsmith Village,-9,9.45,9.37,0.09
Twisters,Demon Slayer: Kimetsu No Yaiba -To The Swordsmith Village,-8,10.16,10.95,0.8
Twisters,Demon Slayer: Kimetsu No Yaiba -To The Swordsmith Village,-7,10.56,8.61,1.95
Twisters,Demon Slayer: Kimetsu No Yaiba -To The Swordsmith Village,-6,16.3,15.99,0.31
Twisters,Depeche Mode: M,-37,4.33,4.6,0.27
Twisters,Depeche Mode: M,-36,5.6,5.62,0.02
Twisters,Depeche Mode: M,-35,3.59,4.62,1.03
Twisters,Depeche Mode: M,-34,4.81,4.7,0.12
Twisters,Depeche Mode: M,-32,3.25,2.78,0.47
Twisters,Depeche Mode: M,-31,3.13,2.41,0.72
Twisters,Depeche Mode: M,-30,5.22,2.24,2.97
Twisters,Depeche Mode: M,-26,3.28,3.11,0.17
Twisters,Depeche Mode: M,-25,3.41,4.1,0.69
Twisters,Depeche Mode: M,-24,3.65,2.37,1.28
Twisters,Depeche Mode: M,-23,2.57,2.2,0.37
Twisters,Depeche Mode: M,-22,3.84,2.05,1.79
Twisters,Devara Part 1,-14,8.05,9.65,1.6
Twisters,Devara Part 1,-13,5.29,6.92,1.63
Twisters,Devara Part 1,-12,8.07,6.3,1.78
Twisters,Devara Part 1,-11,8.39,6.07,2.32
Twisters,Devara Part 1,-10,7.43,5.35,2.08
Twisters,Devotion,-6,16.3,13.67,2.63
Twisters,Devotion,-5,13.39,12.28,1.11
Twisters,Devotion,-4,18.04,18.31,0.27
Twisters,Dick Van Dyke: 100th Celebration,-34,4.81,6.99,2.18
Twisters,Dick Van Dyke: 100th Celebration,-33,5.35,6.06,0.71
Twisters,Dick Van Dyke: 100th Celebration,-32,3.25,4.98,1.73
Twisters,Dick Van Dyke: 100th Celebration,-31,3.13,4.86,1.73
Twisters,Dick Van Dyke: 100th Celebration,-30,5.22,3.36,1.86
Twisters,Dick Van Dyke: 100th Celebration,-29,5.65,4.63,1.02
Twisters,Dick Van Dyke: 100th Celebration,-28,3.35,2.63,0.71
Twisters,Disciples in the Moonlight,-39,12.09,14.44,2.35
Twisters,Disciples in the Moonlight,-38,6.71,6.04,0.67
Twisters,Disciples in the Moonlight,-37,4.33,6.3,1.96
Twisters,Disciples in the Moonlight,-36,5.6,3.71,1.89
Twisters,Disciples in the Moonlight,-35,3.59,4.62,1.03
Twisters,Disciples in the Moonlight,-34,4.81,5.43,0.62
Twisters,Disciples in the Moonlight,-32,3.25,1.52,1.73
Twisters,Disciples in the Moonlight,-31,3.13,2.73,0.4
Twisters,Disciples in the Moonlight,-30,5.22,2.39,2.83
Twisters,Disciples in the Moonlight,-28,3.35,1.7,1.65
Twisters,Disciples in the Moonlight,-27,7.93,4.97,2.96
Twisters,Disciples in the Moonlight,-26,3.28,5.65,2.37
Twisters,Disciples in the Moonlight,-25,3.41,4.83,1.42
Twisters,Disciples in the Moonlight,-24,3.65,3.64,0.01
Twisters,Disciples in the Moonlight,-22,3.84,5.32,1.47
Twisters,Disciples in the Moonlight,-21,6.27,3.94,2.34
Twisters,Disciples in the Moonlight,-20,3.85,2.41,1.44
Twisters,Disciples in the Moonlight,-19,4.92,3.26,1.66
Twisters,Disciples in the Moonlight,-18,7.6,9.05,1.45
Twisters,Disney 100 Years of Wonder Marathon Page,-13,5.29,2.75,2.54
Twisters,Disney 100 Years of Wonder Marathon Page,-12,8.07,6.33,1.75
Twisters,Disney 100 Years of Wonder Marathon Page,-11,8.39,9.26,0.86
Twisters,Doctor Strange in the Multiverse of Madness,-27,7.93,8.61,0.69
Twisters,Doctor Strange in the Multiverse of Madness,-26,3.28,4.78,1.5
Twisters,Doctor Strange in the Multiverse of Madness,-25,3.41,3.21,0.2
Twisters,Doctor Strange in the Multiverse of Madness,-24,3.65,4.76,1.1
Twisters,Doctor Strange in the Multiverse of Madness,-23,2.57,3.75,1.18
Twisters,Doctor Strange in the Multiverse of Madness,-22,3.84,2.45,1.39
Twisters,Dog Man,-11,8.39,10.92,2.53
Twisters,Dog Man,-10,7.43,9.32,1.88
Twisters,Dog Man,-9,9.45,10.11,0.66
Twisters,Dog Man,-8,10.16,10.53,0.38
Twisters,Dog Man,-7,10.56,12.25,1.69
Twisters,Dog Man,-6,16.3,15.69,0.61
Twisters,Double Feature: Terrifier 2 (2022) / Terrifier 3 (2024),-16,6.92,4.19,2.73
Twisters,Double Feature: Terrifier 2 (2022) / Terrifier 3 (2024),-15,4.71,5.13,0.42
Twisters,Double Feature: Terrifier 2 (2022) / Terrifier 3 (2024),-14,8.05,5.84,2.21
Twisters,Double Feature: Terrifier 2 (2022) / Terrifier 3 (2024),-13,5.29,4.4,0.89
Twisters,Double Feature: Terrifier 2 (2022) / Terrifier 3 (2024),-12,8.07,5.26,2.82
Twisters,Double Feature: Terrifier 2 (2022) / Terrifier 3 (2024),-11,8.39,6.13,2.26
Twisters,Double Feature: Terrifier 2 (2022) / Terrifier 3 (2024),-10,7.43,5.94,1.5
Twisters,Double Feature: Terrifier 2 (2022) / Terrifier 3 (2024),-9,9.45,11.54,2.09
Twisters,Double Feature: Terrifier 2 (2022) / Terrifier 3 (2024),-8,10.16,11.41,1.26
Twisters,Double Feature: Terrifier 2 (2022) / Terrifier 3 (2024),-7,10.56,10.08,0.49
Twisters,Downton Abbey: A New Era,-21,6.27,7.48,1.21
Twisters,Downton Abbey: A New Era,-20,3.85,6.83,2.98
Twisters,Downton Abbey: A New Era,-19,4.92,6.78,1.86
Twisters,Downton Abbey: A New Era,-18,7.6,7.58,0.02
Twisters,Downton Abbey: A New Era,-17,10.03,9.17,0.86
Twisters,Downton Abbey: A New Era,-12,8.07,10.29,2.22
Twisters,Downton Abbey: A New Era,-11,8.39,10.91,2.51
Twisters,Downton Abbey: A New Era,-10,7.43,8.64,1.21
Twisters,Downton Abbey: A New Era,-9,9.45,12.11,2.66
Twisters,Downton Abbey: A New Era,-8,10.16,12.86,2.7
Twisters,Downton Abbey: A New Era,-7,10.56,10.04,0.52
Twisters,Downton Abbey: A New Era: Early Access Screening,-12,8.07,6.81,1.27
Twisters,Downton Abbey: A New Era: Early Access Screening,-11,8.39,9.94,1.55
Twisters,Downton Abbey: A New Era: Early Access Screening,-10,7.43,7.54,0.1
Twisters,Downton Abbey: A New Era: Early Access Screening,-9,9.45,9.43,0.02
Twisters,Downton Abbey: A New Era: Early Access Screening,-8,10.16,12.1,1.94
Twisters,Downton Abbey: A New Era: Early Access Screening,-7,10.56,11.31,0.75
Twisters,Downton Abbey: A New Era: Early Access Screening,-6,16.3,14.68,1.62
Twisters,Downton Abbey: A New Era: Early Access Screening,-5,13.39,11.37,2.02
Twisters,Downton Abbey: The Grand Finale,-6,16.3,16.23,0.07
Twisters,Downton Abbey: The Grand Finale,-5,13.39,14.71,1.32
Twisters,Downton Abbey: The Grand Finale,-4,18.04,16.99,1.05
Twisters,Downton Abbey: The Grand Finale: Early Access Screening,-26,3.28,3.09,0.19
Twisters,Downton Abbey: The Grand Finale: Early Access Screening,-25,3.41,3.2,0.21
Twisters,Downton Abbey: The Grand Finale: Early Access Screening,-24,3.65,2.51,1.14
Twisters,Downton Abbey: The Grand Finale: Early Access Screening,-23,2.57,2.53,0.03
Twisters,Downton Abbey: The Grand Finale: Early Access Screening,-22,3.84,3.16,0.68
Twisters,Downton Abbey: The Grand Finale: Early Access Screening,-21,6.27,6.23,0.05
Twisters,Downton Abbey: The Grand Finale: Early Access Screening,-20,3.85,3.78,0.07
Twisters,Downton Abbey: The Grand Finale: Early Access Screening,-19,4.92,2.72,2.2
Twisters,Dr. Seuss' How the Grinch Stole Christmas 25th Anniversary,-30,5.22,6.07,0.86
Twisters,Dr. Seuss' How the Grinch Stole Christmas 25th Anniversary,-29,5.65,5.77,0.12
Twisters,Dr. Seuss' How the Grinch Stole Christmas 25th Anniversary,-28,3.35,5.06,1.71
Twisters,Dragon Ball Super: Super Hero,-21,6.27,4.06,2.22
Twisters,Dragon Ball Super: Super Hero,-20,3.85,5.78,1.93
Twisters,Dragon Ball Super: Super Hero,-19,4.92,3.23,1.69
Twisters,Drive-Away Dolls,-7,10.56,11.42,0.86
Twisters,Drive-Away Dolls,-6,16.3,15.66,0.65
Twisters,Drive-Away Dolls,-5,13.39,16.14,2.75
Twisters,Drugstore June,-13,5.29,5.73,0.45
Twisters,Drugstore June,-11,8.39,6.96,1.43
Twisters,Drugstore June,-9,9.45,8.12,1.33
Twisters,Dude Perfect: The Hero Tour,-23,2.57,2.91,0.35
Twisters,Dude Perfect: The Hero Tour,-22,3.84,4.54,0.7
Twisters,Dude Perfect: The Hero Tour,-21,6.27,3.99,2.28
Twisters,Dude Perfect: The Hero Tour,-20,3.85,4.74,0.89
Twisters,Dude Perfect: The Hero Tour,-19,4.92,5.68,0.76
Twisters,Dude Perfect: The Hero Tour,-13,5.29,5.16,0.13
Twisters,Dude Perfect: The Hero Tour,-12,8.07,9.75,1.68
Twisters,Dude Perfect: The Hero Tour,-11,8.39,6.32,2.07
Twisters,Dude Perfect: The Hero Tour,-10,7.43,7.67,0.23
Twisters,Dune,-13,5.29,6.08,0.79
Twisters,Dune,-12,8.07,6.15,1.92
Twisters,Dune,-11,8.39,6.75,1.64
Twisters,Dune,-10,7.43,7.08,0.35
Twisters,Dune,-9,9.45,11.16,1.71
Twisters,Dune,-8,10.16,11.54,1.39
Twisters,Dune,-7,10.56,7.83,2.73
Twisters,Dune 40th Anniversary,-25,3.41,3.03,0.38
Twisters,Dune 40th Anniversary,-24,3.65,5.94,2.29
Twisters,Dune 40th Anniversary,-23,2.57,4.52,1.95
Twisters,Dune 40th Anniversary,-22,3.84,6.51,2.67
Twisters,Dune 40th Anniversary,-21,6.27,9.09,2.82
Twisters,Dune 40th Anniversary,-20,3.85,6.44,2.59
Twisters,Dune 40th Anniversary,-19,4.92,3.87,1.05
Twisters,Dune: Part Two,-30,5.22,6.58,1.36
Twisters,Dune: Part Two,-29,5.65,4.1,1.55
Twisters,Dune: Part Two,-28,3.35,6.33,2.98
Twisters,Dune: Part Two,-26,3.28,6.12,2.84
Twisters,Dune: Part Two,-25,3.41,5.06,1.65
Twisters,Dune: Part Two,-24,3.65,4.47,0.82
Twisters,Dune: Part Two,-23,2.57,3.44,0.88
Twisters,Dune: Part Two,-22,3.84,3.51,0.33
Twisters,Dune: Part Two,-21,6.27,5.4,0.87
Twisters,Dune: Part Two,-20,3.85,4.01,0.16
Twisters,Dune: Part Two,-19,4.92,3.19,1.73
Twisters,Dune: Part Two Fan First Premieres in IMAX,-26,3.28,2.59,0.69
Twisters,Dune: Part Two Fan First Premieres in IMAX,-25,3.41,1.81,1.59
Twisters,Dune: Part Two Fan First Premieres in IMAX,-24,3.65,1.06,2.59
Twisters,Dune: Part Two Fan First Premieres in IMAX,-23,2.57,2.25,0.32
Twisters,Dune: Part Two Fan First Premieres in IMAX,-22,3.84,1.48,2.36
Twisters,Dungeons & Dragons: Honor Among Thieves,-6,16.3,14.69,1.61
Twisters,Dungeons & Dragons: Honor Among Thieves,-5,13.39,14.71,1.32
Twisters,Dungeons & Dragons: Honor Among Thieves,-4,18.04,17.29,0.75
Twisters,Early Access: The Last Showgirl with Livestream Q&A,-14,8.05,10.5,2.45
Twisters,Early Access: The Last Showgirl with Livestream Q&A,-13,5.29,5.89,0.61
Twisters,Early Access: The Last Showgirl with Livestream Q&A,-12,8.07,9.33,1.26
Twisters,Early Access: The Last Showgirl with Livestream Q&A,-11,8.39,9.18,0.79
Twisters,Early Access: The Last Showgirl with Livestream Q&A,-10,7.43,7.67,0.24
Twisters,Early Access: The Last Showgirl with Livestream Q&A,-9,9.45,7.73,1.72
Twisters,Eddington,-6,16.3,16.32,0.02
Twisters,Eddington,-5,13.39,13.21,0.18
Twisters,Eddington,-4,18.04,16.15,1.89
Twisters,Eleanor the Great,-14,8.05,9.37,1.32
Twisters,Eleanor the Great,-13,5.29,4.91,0.37
Twisters,Eleanor the Great,-12,8.07,6.78,1.29
Twisters,Elemental,-16,6.92,6.29,0.63
Twisters,Elemental,-15,4.71,5.51,0.8
Twisters,Elemental,-14,8.05,6.99,1.06
Twisters,Elemental,-12,8.07,9.46,1.38
Twisters,Elemental,-11,8.39,11.2,2.8
Twisters,Elemental,-10,7.43,9.7,2.26
Twisters,Elemental,-9,9.45,9.7,0.25
Twisters,Elemental,-8,10.16,12.02,1.86
Twisters,Elemental,-7,10.56,10.58,0.02
Twisters,Elemental,-5,13.39,12.72,0.67
Twisters,Elemental,-4,18.04,20.56,2.51
Twisters,Elemental,-3,29.61,28.41,1.2
Twisters,Eli Roth Presents: Jimmy and Stiggs,-27,7.93,6.49,1.44
Twisters,Eli Roth Presents: Jimmy and Stiggs,-26,3.28,4.35,1.07
Twisters,Eli Roth Presents: Jimmy and Stiggs,-25,3.41,4.09,0.69
Twisters,Eli Roth Presents: Jimmy and Stiggs,-23,2.57,4.74,2.17
Twisters,Eli Roth Presents: Jimmy and Stiggs,-22,3.84,2.91,0.93
Twisters,Eli Roth Presents: Jimmy and Stiggs,-21,6.27,4.54,1.73
Twisters,Eli Roth Presents: Jimmy and Stiggs,-20,3.85,4.89,1.04
Twisters,Eli Roth Presents: Jimmy and Stiggs,-19,4.92,3.65,1.28
Twisters,Elio,-15,4.71,7.27,2.57
Twisters,Elio,-14,8.05,7.13,0.92
Twisters,Elio,-13,5.29,7.72,2.44
Twisters,Elio,-12,8.07,8.02,0.05
Twisters,Elio,-11,8.39,8.42,0.02
Twisters,Elio,-10,7.43,7.56,0.13
Twisters,Elio,-9,9.45,9.89,0.44
Twisters,Elio,-8,10.16,8.15,2.01
Twisters,Elio,-6,16.3,14.89,1.41
Twisters,Elio,-5,13.39,14.89,1.5
Twisters,Elio,-4,18.04,17.51,0.54
Twisters,Elio,-3,29.61,31.81,2.2
Twisters,Elio: Early Access Screening,-18,7.6,9.68,2.08
Twisters,Elio: Early Access Screening,-17,10.03,8.79,1.23
Twisters,Elio: Early Access Screening,-16,6.92,9.07,2.15
Twisters,Elio: Early Access Screening,-14,8.05,10.4,2.34
Twisters,Elio: Early Access Screening,-13,5.29,7.39,2.11
Twisters,Elio: Early Access Screening,-12,8.07,8.29,0.21
Twisters,Elio: Early Access Screening,-11,8.39,10.89,2.49
Twisters,Elio: Early Access Screening,-10,7.43,8.19,0.76
Twisters,Elio: Early Access Screening,-9,9.45,7.27,2.18
Twisters,Elio: Early Access Screening,-7,10.56,12.74,2.18
Twisters,Elio: Early Access Screening,-6,16.3,15.82,0.48
Twisters,Elio: Early Access Screening,-5,13.39,14.93,1.54
Twisters,Elvis,-14,8.05,8.34,0.29
Twisters,Elvis,-13,5.29,8.03,2.74
Twisters,Elvis,-12,8.07,8.73,0.66
Twisters,Elvis,-11,8.39,9.7,1.3
Twisters,Elvis,-10,7.43,4.97,2.46
Twisters,Elvis Early Access Fan Event,-16,6.92,9.54,2.62
Twisters,Elvis Early Access Fan Event,-15,4.71,7.54,2.83
Twisters,Elvis Early Access Fan Event,-14,8.05,7.09,0.96
Twisters,Elvis Early Access Fan Event,-13,5.29,7.97,2.68
Twisters,Elvis Early Access Fan Event,-12,8.07,5.7,2.38
Twisters,Enter The Dragon 50th Anniversary,-24,3.65,0.96,2.69
Twisters,Enter The Dragon 50th Anniversary,-23,2.57,5.47,2.9
Twisters,Enter The Dragon 50th Anniversary,-22,3.84,5.33,1.49
Twisters,Eternals,-20,3.85,5.86,2.01
Twisters,Eternals,-19,4.92,5.14,0.22
Twisters,Eternals,-18,7.6,5.46,2.13
Twisters,Eternals,-16,6.92,9.27,2.35
Twisters,Eternals,-15,4.71,6.76,2.05
Twisters,Eternals,-14,8.05,6.15,1.91
Twisters,Eternals,-13,5.29,4.29,1.0
Twisters,Eternals,-11,8.39,6.09,2.31
Twisters,Eternals,-10,7.43,5.75,1.69
Twisters,Eternals,-9,9.45,8.26,1.19
Twisters,Evil Does Not Exist - Q&A with Ryusuke Hamaguchi,-28,3.35,2.85,0.5
Twisters,Evil Does Not Exist - Q&A with Ryusuke Hamaguchi,-25,3.41,3.12,0.28
Twisters,Evil Does Not Exist - Q&A with Ryusuke Hamaguchi,-23,2.57,2.1,0.47
Twisters,Extremely Unique Dynamic,-21,6.27,5.1,1.17
Twisters,Extremely Unique Dynamic,-17,10.03,11.37,1.35
Twisters,Extremely Unique Dynamic,-13,5.29,4.64,0.65
Twisters,F1: The Movie,-30,5.22,7.79,2.57
Twisters,F1: The Movie,-29,5.65,4.47,1.18
Twisters,F1: The Movie,-28,3.35,4.95,1.6
Twisters,F1: The Movie,-22,3.84,5.62,1.78
Twisters,F1: The Movie,-21,6.27,6.09,0.18
Twisters,F1: The Movie,-20,3.85,5.89,2.04
Twisters,F1: The Movie,-19,4.92,5.4,0.48
Twisters,F1: The Movie,-18,7.6,6.03,1.57
Twisters,F1: The Movie,-16,6.92,6.13,0.79
Twisters,F1: The Movie,-15,4.71,5.31,0.6
Twisters,F1: The Movie,-14,8.05,6.65,1.4
Twisters,F1: The Movie,-13,5.29,7.56,2.27
Twisters,F1: The Movie,-12,8.07,6.17,1.9
Twisters,F1: The Movie,-11,8.39,8.26,0.13
Twisters,F1: The Movie,-10,7.43,9.48,2.05
Twisters,F1: The Movie,-9,9.45,11.61,2.16
Twisters,F1: The Movie,-8,10.16,11.25,1.09
Twisters,F1: The Movie,-7,10.56,10.58,0.01
Twisters,F1: The Movie Imax Event,-26,3.28,3.77,0.49
Twisters,F1: The Movie Imax Event,-25,3.41,2.48,0.93
Twisters,F1: The Movie Imax Event,-24,3.65,2.95,0.7
Twisters,F1: The Movie Imax Event,-23,2.57,2.96,0.4
Twisters,F1: The Movie Imax Event,-22,3.84,2.61,1.23
Twisters,F1: The Movie: Early Access Screening,-27,7.93,7.98,0.05
Twisters,F1: The Movie: Early Access Screening,-26,3.28,5.92,2.64
Twisters,F1: The Movie: Early Access Screening,-25,3.41,5.22,1.81
Twisters,F1: The Movie: Early Access Screening,-24,3.65,4.26,0.61
Twisters,F1: The Movie: Early Access Screening,-23,2.57,4.44,1.87
Twisters,F1: The Movie: Early Access Screening,-22,3.84,4.42,0.58
Twisters,F1: The Movie: Early Access Screening,-21,6.27,4.7,1.57
Twisters,F1: The Movie: Early Access Screening,-20,3.85,4.95,1.1
Twisters,F1: The Movie: Early Access Screening,-19,4.92,4.19,0.74
Twisters,F1: The Movie: Early Access Screening,-18,7.6,4.74,2.86
Twisters,Family Camp,-22,3.84,5.11,1.27
Twisters,Family Camp,-21,6.27,5.6,0.68
Twisters,Family Camp,-20,3.85,3.42,0.43
Twisters,Family Camp,-13,5.29,5.85,0.56
Twisters,Family Camp,-12,8.07,5.1,2.97
Twisters,Family Camp,-11,8.39,9.06,0.67
Twisters,Family Camp,-10,7.43,4.86,2.57
Twisters,Family Camp,-9,9.45,11.88,2.43
Twisters,Fast X,-26,3.28,2.25,1.03
Twisters,Fast X,-25,3.41,3.5,0.1
Twisters,Fast X,-24,3.65,2.12,1.54
Twisters,Fast X,-23,2.57,1.91,0.65
Twisters,Fast X,-22,3.84,2.91,0.94
Twisters,Father Stu,-23,2.57,0.0,2.57
Twisters,Father Stu,-22,3.84,5.46,1.62
Twisters,Father Stu,-21,6.27,5.24,1.03
Twisters,Father Stu,-13,5.29,8.17,2.88
Twisters,Father Stu,-12,8.07,8.84,0.77
Twisters,Father Stu,-11,8.39,7.78,0.61
Twisters,Father Stu,-10,7.43,8.15,0.72
Twisters,Father Stu,-9,9.45,8.64,0.81
Twisters,Ferrari,-18,7.6,7.29,0.31
Twisters,Ferrari,-17,10.03,12.62,2.59
Twisters,Ferrari,-16,6.92,8.44,1.52
Twisters,Ferrari: Early Access Screening,-15,4.71,3.85,0.86
Twisters,Ferrari: Early Access Screening,-14,8.05,5.26,2.8
Twisters,Ferrari: Early Access Screening,-13,5.29,6.02,0.74
Twisters,Ferrari: Early Access Screening,-12,8.07,6.89,1.19
Twisters,Ferrari: Early Access Screening,-10,7.43,9.48,2.05
Twisters,Ferrari: Early Access Screening,-9,9.45,10.62,1.17
Twisters,Ferrari: Early Access Screening,-8,10.16,9.93,0.22
Twisters,Ferrari: Early Access Screening,-7,10.56,11.5,0.94
Twisters,Final Fantasy VII: Advent Children Complete,-25,3.41,6.22,2.81
Twisters,Final Fantasy VII: Advent Children Complete,-24,3.65,4.58,0.93
Twisters,Final Fantasy VII: Advent Children Complete,-23,2.57,4.48,1.91
Twisters,Final Fantasy VII: Advent Children Complete,-22,3.84,4.09,0.25
Twisters,Five Nights at Freddy's,-18,7.6,9.54,1.94
Twisters,Five Nights at Freddy's,-17,10.03,7.89,2.14
Twisters,Five Nights at Freddy's,-16,6.92,8.74,1.81
Twisters,Five Nights at Freddy's,-14,8.05,7.27,0.78
Twisters,Five Nights at Freddy's,-13,5.29,7.07,1.78
Twisters,Five Nights at Freddy's,-12,8.07,6.85,1.22
Twisters,Five Nights at Freddy's,-11,8.39,7.38,1.01
Twisters,Five Nights at Freddy's,-10,7.43,7.83,0.4
Twisters,Five Nights at Freddy's,-9,9.45,9.7,0.25
Twisters,Five Nights at Freddy's 2 Opening Night Event,-24,3.65,6.32,2.67
Twisters,Five Nights at Freddy's 2 Opening Night Event,-23,2.57,5.08,2.52
Twisters,Five Nights at Freddy's 2 Opening Night Event,-22,3.84,4.56,0.72
Twisters,Five Nights at Freddy's 2 Opening Night Event,-21,6.27,5.03,1.25
Twisters,Five Nights at Freddy's 2 Opening Night Event,-20,3.85,4.73,0.88
Twisters,Five Nights at Freddy's 2 Opening Night Event,-19,4.92,3.27,1.66
Twisters,Flight Risk,-8,10.16,7.44,2.72
Twisters,Flight Risk,-7,10.56,9.41,1.16
Twisters,Flight Risk,-6,16.3,14.16,2.15
Twisters,Flight Risk,-5,13.39,14.59,1.2
Twisters,Flight Risk,-4,18.04,18.81,0.76
Twisters,Flow,-10,7.43,6.26,1.18
Twisters,Flow,-9,9.45,11.01,1.56
Twisters,Flow,-8,10.16,12.96,2.81
Twisters,Fly,-14,8.05,8.49,0.43
Twisters,Fly,-13,5.29,8.01,2.73
Twisters,Fly,-12,8.07,9.46,1.39
Twisters,Fly,-11,8.39,8.18,0.21
Twisters,Fly,-10,7.43,6.69,0.74
Twisters,Fly Me to the Moon,-14,8.05,5.76,2.29
Twisters,Fly Me to the Moon,-13,5.29,8.19,2.91
Twisters,Fly Me to the Moon,-12,8.07,6.67,1.4
Twisters,Fly Me to the Moon,-11,8.39,9.37,0.98
Twisters,Fly Me to the Moon,-9,9.45,8.57,0.89
Twisters,Fly Me to the Moon,-8,10.16,10.11,0.05
Twisters,Fly Me to the Moon,-7,10.56,10.41,0.15
Twisters,Fly Me to the Moon: Early Access Screening,-13,5.29,6.47,1.18
Twisters,Fly Me to the Moon: Early Access Screening,-12,8.07,8.88,0.8
Twisters,Fly Me to the Moon: Early Access Screening,-11,8.39,8.56,0.17
Twisters,Fly Me to the Moon: Early Access Screening,-10,7.43,9.85,2.42
Twisters,For King + Country: A Drummer Boy Christmas - Live,-20,3.85,3.93,0.08
Twisters,For King + Country: A Drummer Boy Christmas - Live,-19,4.92,6.35,1.43
Twisters,For King + Country: A Drummer Boy Christmas - Live,-18,7.6,4.67,2.93
Twisters,For the One,-26,3.28,3.94,0.66
Twisters,For the One,-25,3.41,5.22,1.81
Twisters,For the One,-24,3.65,5.6,1.95
Twisters,For the One,-23,2.57,4.6,2.03
Twisters,For the One,-22,3.84,5.46,1.61
Twisters,For the One,-21,6.27,5.51,0.76
Twisters,For the One,-15,4.71,6.12,1.42
Twisters,For the One,-14,8.05,6.29,1.76
Twisters,For the One,-13,5.29,4.82,0.47
Twisters,Freakier Friday,-18,7.6,9.68,2.08
Twisters,Freakier Friday,-17,10.03,9.56,0.47
Twisters,Freakier Friday,-16,6.92,8.83,1.91
Twisters,Free Guy,-5,13.39,13.02,0.37
Twisters,Free Guy,-4,18.04,17.92,0.13
Twisters,Free Guy,-3,29.61,27.63,1.98
Twisters,Furiosa: A Mad Max Saga,-12,8.07,10.45,2.38
Twisters,Furiosa: A Mad Max Saga,-11,8.39,8.48,0.08
Twisters,Furiosa: A Mad Max Saga,-10,7.43,8.36,0.93
Twisters,Furiosa: A Mad Max Saga,-9,9.45,8.48,0.97
Twisters,Furiosa: A Mad Max Saga,-8,10.16,10.4,0.24
Twisters,Furiosa: A Mad Max Saga,-7,10.56,12.42,1.86
Twisters,G-Dragon,-32,3.25,5.01,1.76
Twisters,G-Dragon,-31,3.13,4.36,1.24
Twisters,G-Dragon,-30,5.22,3.19,2.02
Twisters,G-Dragon,-25,3.41,6.36,2.96
Twisters,G-Dragon,-24,3.65,4.56,0.91
Twisters,G-Dragon,-23,2.57,3.56,0.99
Twisters,G-Dragon,-22,3.84,3.53,0.31
Twisters,Gabby's Dollhouse: The Movie,-8,10.16,12.02,1.87
Twisters,Gabby's Dollhouse: The Movie,-7,10.56,12.97,2.4
Twisters,Gabby's Dollhouse: The Movie,-6,16.3,15.22,1.09
Twisters,Gabby's Dollhouse: The Movie,-5,13.39,15.09,1.7
Twisters,Gabby's Dollhouse: The Movie,-4,18.04,19.75,1.71
Twisters,Galaxy Fanmade: ENHYPEN,-12,8.07,9.55,1.47
Twisters,Galaxy Fanmade: ENHYPEN,-11,8.39,7.14,1.26
Twisters,Galaxy Fanmade: ENHYPEN,-10,7.43,4.75,2.69
Twisters,Game Changer,-10,7.43,4.57,2.86
Twisters,Game Changer,-9,9.45,6.51,2.94
Twisters,Game Changer,-8,10.16,9.68,0.48
Twisters,Ghostbusters: Afterlife,-9,9.45,10.83,1.38
Twisters,Ghostbusters: Afterlife,-8,10.16,9.73,0.42
Twisters,Ghostbusters: Afterlife,-7,10.56,8.26,2.3
Twisters,Ghostbusters: Frozen Empire,-14,8.05,6.62,1.43
Twisters,Ghostbusters: Frozen Empire,-13,5.29,6.26,0.97
Twisters,Ghostbusters: Frozen Empire,-12,8.07,6.19,1.89
Twisters,Ghostbusters: Frozen Empire,-11,8.39,7.0,1.4
Twisters,Ghostbusters: Frozen Empire,-10,7.43,5.9,1.54
Twisters,Ghostbusters: Frozen Empire,-9,9.45,6.66,2.79
Twisters,Girl Climber,-11,8.39,9.15,0.75
Twisters,Girl Climber,-10,7.43,7.96,0.53
Twisters,Girl Climber,-9,9.45,11.07,1.62
Twisters,Giselle: Ballet in Cinema,-10,7.43,10.29,2.86
Twisters,Giselle: Ballet in Cinema,-9,9.45,11.29,1.84
Twisters,Giselle: Ballet in Cinema,-8,10.16,9.95,0.21
Twisters,Gladiator II,-37,4.33,2.86,1.47
Twisters,Gladiator II,-36,5.6,3.17,2.43
Twisters,Gladiator II,-35,3.59,2.64,0.96
Twisters,Gladiator II,-34,4.81,4.73,0.09
Twisters,Gladiator II,-33,5.35,5.31,0.05
Twisters,Gladiator II,-32,3.25,6.13,2.88
Twisters,Gladiator II,-31,3.13,4.91,1.79
Twisters,Gladiator II,-29,5.65,7.94,2.29
Twisters,Gladiator II,-28,3.35,5.66,2.31
Twisters,Gladiator II,-27,7.93,5.25,2.68
Twisters,Gladiator II,-26,3.28,4.19,0.91
Twisters,Gladiator II,-25,3.41,5.01,1.61
Twisters,Gladiator II,-24,3.65,3.99,0.34
Twisters,Gladiator II,-23,2.57,3.82,1.26
Twisters,Gladiator II,-22,3.84,3.56,0.29
Twisters,Gladiator II,-21,6.27,5.25,1.03
Twisters,Gladiator II,-20,3.85,4.17,0.32
Twisters,Gladiator II,-19,4.92,4.45,0.47
Twisters,Gladiator II,-18,7.6,5.07,2.53
Twisters,Gladiator II,-11,8.39,6.26,2.14
Twisters,Gladiator II,-10,7.43,7.78,0.34
Twisters,Gladiator II,-9,9.45,7.46,2.0
Twisters,Gladiator II,-8,10.16,7.73,2.42
Twisters,Gladiator II,-7,10.56,8.51,2.05
Twisters,Glass Onion: A Knives Out Mystery,-37,4.33,5.82,1.49
Twisters,Glass Onion: A Knives Out Mystery,-36,5.6,3.91,1.69
Twisters,Glass Onion: A Knives Out Mystery,-35,3.59,3.29,0.3
Twisters,Glass Onion: A Knives Out Mystery,-34,4.81,5.85,1.04
Twisters,Glass Onion: A Knives Out Mystery,-33,5.35,5.89,0.54
Twisters,Glass Onion: A Knives Out Mystery,-32,3.25,2.61,0.64
Twisters,Glass Onion: A Knives Out Mystery,-31,3.13,2.78,0.34
Twisters,Glass Onion: A Knives Out Mystery,-30,5.22,2.95,2.26
Twisters,Glass Onion: A Knives Out Mystery,-26,3.28,4.05,0.77
Twisters,Glass Onion: A Knives Out Mystery,-25,3.41,0.87,2.53
Twisters,Glass Onion: A Knives Out Mystery,-24,3.65,2.34,1.31
Twisters,Glass Onion: A Knives Out Mystery,-23,2.57,2.48,0.08
Twisters,Glass Onion: A Knives Out Mystery,-22,3.84,2.39,1.45
Twisters,Gloria Gaynor: I Will Survive,-25,3.41,3.09,0.31
Twisters,Gloria Gaynor: I Will Survive,-24,3.65,5.34,1.68
Twisters,Gloria Gaynor: I Will Survive,-23,2.57,3.95,1.38
Twisters,Gloria Gaynor: I Will Survive,-21,6.27,3.46,2.81
Twisters,Gloria Gaynor: I Will Survive,-20,3.85,5.29,1.44
Twisters,Gloria Gaynor: I Will Survive,-19,4.92,5.64,0.71
Twisters,Gloria Gaynor: I Will Survive,-15,4.71,4.0,0.71
Twisters,Gloria Gaynor: I Will Survive,-14,8.05,5.61,2.44
Twisters,Gloria Gaynor: I Will Survive,-13,5.29,2.46,2.82
Twisters,Gloria Gaynor: I Will Survive,-12,8.07,5.66,2.42
Twisters,God's Not Dead: In God We Trust,-25,3.41,5.17,1.76
Twisters,God's Not Dead: In God We Trust,-24,3.65,4.33,0.68
Twisters,God's Not Dead: In God We Trust,-23,2.57,5.34,2.77
Twisters,God's Not Dead: In God We Trust,-18,7.6,9.56,1.96
Twisters,God's Not Dead: In God We Trust,-17,10.03,10.28,0.25
Twisters,God's Not Dead: In God We Trust,-16,6.92,6.6,0.32
Twisters,Godzilla Minus One,-21,6.27,9.13,2.86
Twisters,Godzilla Minus One,-20,3.85,6.49,2.64
Twisters,Godzilla Minus One,-19,4.92,6.79,1.87
Twisters,Godzilla Minus One (Reissue),-7,10.56,13.46,2.9
Twisters,Godzilla Minus One (Reissue),-6,16.3,16.76,0.46
Twisters,Godzilla Minus One (Reissue),-5,13.39,12.21,1.18
Twisters,Godzilla x Kong: The New Empire,-11,8.39,11.34,2.95
Twisters,Godzilla x Kong: The New Empire,-10,7.43,10.27,2.83
Twisters,Godzilla x Kong: The New Empire,-9,9.45,10.4,0.95
Twisters,Godzilla x Kong: The New Empire,-8,10.16,10.84,0.68
Twisters,Godzilla x Kong: The New Empire,-7,10.56,11.93,1.37
Twisters,Gone With The Wind 85th Anniversary,-26,3.28,4.72,1.44
Twisters,Gone With The Wind 85th Anniversary,-25,3.41,5.1,1.7
Twisters,Gone With The Wind 85th Anniversary,-24,3.65,3.4,0.25
Twisters,Gone With The Wind 85th Anniversary,-23,2.57,2.63,0.06
Twisters,Gone With The Wind 85th Anniversary,-22,3.84,3.35,0.5
Twisters,Gone With The Wind 85th Anniversary,-20,3.85,3.22,0.63
Twisters,Gone With The Wind 85th Anniversary,-19,4.92,3.45,1.47
Twisters,Gone With The Wind 85th Anniversary,-18,7.6,4.65,2.95
Twisters,Good Boy,-5,13.39,12.23,1.16
Twisters,Good Boy,-4,18.04,16.47,1.57
Twisters,Good Boy,-3,29.61,29.37,0.24
Twisters,Good Boy: Early Access Screening,-7,10.56,10.0,0.56
Twisters,Good Boy: Early Access Screening,-6,16.3,13.82,2.48
Twisters,Good Boy: Early Access Screening,-5,13.39,11.75,1.64
Twisters,Good Fortune,-11,8.39,9.49,1.1
Twisters,Good Fortune,-10,7.43,9.58,2.14
Twisters,Good Fortune,-9,9.45,8.75,0.7
Twisters,Good Fortune,-8,10.16,12.98,2.83
Twisters,Good Fortune,-7,10.56,7.72,2.84
Twisters,Grave of the Fireflies - Studio Ghibli Fest 2025,-25,3.41,2.88,0.53
Twisters,Grave of the Fireflies - Studio Ghibli Fest 2025,-24,3.65,1.05,2.6
Twisters,Grave of the Fireflies - Studio Ghibli Fest 2025,-23,2.57,3.71,1.14
Twisters,Grave of the Fireflies - Studio Ghibli Fest 2025,-22,3.84,1.42,2.43
Twisters,Grease 45th Anniversary,-24,3.65,6.65,3.0
Twisters,Grease 45th Anniversary,-23,2.57,2.83,0.26
Twisters,Grease 45th Anniversary,-22,3.84,2.32,1.52
Twisters,Grease 45th Anniversary,-21,6.27,3.58,2.7
Twisters,Grease 45th Anniversary,-20,3.85,4.77,0.92
Twisters,Grease 45th Anniversary,-19,4.92,3.27,1.65
Twisters,Grease 45th Anniversary,-15,4.71,6.84,2.13
Twisters,Grease 45th Anniversary,-14,8.05,7.66,0.39
Twisters,Grease 45th Anniversary,-13,5.29,8.24,2.95
Twisters,Grease 45th Anniversary,-12,8.07,5.42,2.66
Twisters,Grease 45th Anniversary,-11,8.39,5.6,2.79
Twisters,Grease 45th Anniversary,-10,7.43,6.13,1.3
Twisters,Grease 45th Anniversary,-9,9.45,7.93,1.52
Twisters,Green and Gold,-12,8.07,6.14,1.93
Twisters,Green and Gold,-11,8.39,7.18,1.21
Twisters,Green and Gold,-10,7.43,6.75,0.69
Twisters,Guardians of the Galaxy Vol. 3,-26,3.28,3.46,0.18
Twisters,Guardians of the Galaxy Vol. 3,-25,3.41,5.79,2.39
Twisters,Guardians of the Galaxy Vol. 3,-24,3.65,4.79,1.14
Twisters,Guardians of the Galaxy Vol. 3,-23,2.57,3.53,0.96
Twisters,Guardians of the Galaxy Vol. 3,-22,3.84,3.25,0.59
Twisters,Haikyuu!! The Dumpster Battle,-12,8.07,7.97,0.1
Twisters,Haikyuu!! The Dumpster Battle,-11,8.39,9.06,0.67
Twisters,Haikyuu!! The Dumpster Battle,-10,7.43,6.39,1.04
Twisters,Haikyuu!! The Dumpster Battle,-9,9.45,7.1,2.35
Twisters,Haikyuu!! The Dumpster Battle,-8,10.16,9.46,0.7
Twisters,Haikyuu!! The Dumpster Battle,-7,10.56,8.14,2.42
Twisters,Hans Zimmer & Friends: Diamonds in the Desert,-25,3.41,4.3,0.9
Twisters,Hans Zimmer & Friends: Diamonds in the Desert,-24,3.65,4.16,0.51
Twisters,Hans Zimmer & Friends: Diamonds in the Desert,-23,2.57,3.82,1.25
Twisters,Hans Zimmer & Friends: Diamonds in the Desert,-22,3.84,3.33,0.52
Twisters,Hans Zimmer & Friends: Diamonds in the Desert,-21,6.27,3.33,2.94
Twisters,Hans Zimmer & Friends: Diamonds in the Desert,-20,3.85,3.15,0.7
Twisters,Hans Zimmer & Friends: Diamonds in the Desert,-19,4.92,2.49,2.43
Twisters,Haunted Mansion,-25,3.41,5.97,2.57
Twisters,Haunted Mansion,-24,3.65,6.37,2.72
Twisters,Haunted Mansion,-23,2.57,5.51,2.94
Twisters,Haunted Mansion,-22,3.84,5.02,1.17
Twisters,Haunted Mansion,-21,6.27,5.12,1.16
Twisters,Haunted Mansion,-20,3.85,5.36,1.51
Twisters,Haunted Mansion,-19,4.92,6.28,1.36
Twisters,Haunted Mansion,-18,7.6,5.77,1.83
Twisters,Haunted Mansion,-13,5.29,5.07,0.22
Twisters,Haunted Mansion,-12,8.07,5.37,2.7
Twisters,Haunted Mansion,-11,8.39,6.2,2.19
Twisters,Haunted Mansion,-10,7.43,6.28,1.16
Twisters,Haunted Mansion: Early Access Screening,-18,7.6,9.49,1.89
Twisters,Haunted Mansion: Early Access Screening,-17,10.03,9.78,0.25
Twisters,Haunted Mansion: Early Access Screening,-16,6.92,8.04,1.12
Twisters,Haunted Mansion: Early Access Screening,-15,4.71,6.94,2.23
Twisters,Heart of a Servant - The Father Flanagan Story,-16,6.92,5.54,1.38
Twisters,Heart of a Servant - The Father Flanagan Story,-15,4.71,7.39,2.69
Twisters,Heart of a Servant - The Father Flanagan Story,-14,8.05,8.42,0.37
Twisters,Heart of a Servant - The Father Flanagan Story,-8,10.16,7.61,2.54
Twisters,Heart of a Servant - The Father Flanagan Story,-7,10.56,8.9,1.66
Twisters,Heart of a Servant - The Father Flanagan Story,-6,16.3,18.42,2.12
Twisters,Heathers 35th Anniversary,-16,6.92,5.4,1.52
Twisters,Heathers 35th Anniversary,-15,4.71,4.54,0.17
Twisters,Heathers 35th Anniversary,-14,8.05,7.43,0.62
Twisters,Heathers 35th Anniversary,-12,8.07,6.01,2.07
Twisters,Heathers 35th Anniversary,-11,8.39,10.25,1.86
Twisters,Heathers 35th Anniversary,-10,7.43,9.55,2.12
Twisters,Heathers 35th Anniversary,-9,9.45,11.96,2.51
Twisters,Hell House LLC: Lineage,-22,3.84,5.82,1.97
Twisters,Hell House LLC: Lineage,-21,6.27,6.0,0.27
Twisters,Hell House LLC: Lineage,-20,3.85,4.95,1.1
Twisters,Hell House LLC: Lineage,-19,4.92,2.89,2.03
Twisters,Hell House LLC: Lineage,-15,4.71,3.96,0.75
Twisters,Hell House LLC: Lineage,-14,8.05,5.78,2.27
Twisters,Hell House LLC: Lineage,-13,5.29,4.82,0.47
Twisters,"Hello, Love, Again",-7,10.56,13.44,2.88
Twisters,"Hello, Love, Again",-6,16.3,13.76,2.54
Twisters,"Hello, Love, Again",-5,13.39,11.99,1.39
Twisters,Hellraiser (Remastered),-17,10.03,11.43,1.4
Twisters,Hellraiser (Remastered),-16,6.92,9.46,2.54
Twisters,Hellraiser (Remastered),-15,4.71,7.3,2.59
Twisters,Hellraiser (Remastered),-14,8.05,7.34,0.71
Twisters,Hellraiser (Remastered),-13,5.29,7.96,2.67
Twisters,Hellraiser (Remastered),-11,8.39,10.05,1.66
Twisters,Hellraiser (Remastered),-10,7.43,7.23,0.21
Twisters,Hellraiser (Remastered),-9,9.45,7.73,1.72
Twisters,Hellraiser (Remastered),-8,10.16,7.35,2.81
Twisters,Hellraiser (Remastered),-7,10.56,8.49,2.07
Twisters,Him,-12,8.07,7.61,0.46
Twisters,Him,-11,8.39,11.01,2.62
Twisters,Him,-10,7.43,8.85,1.42
Twisters,Him,-9,9.45,11.21,1.76
Twisters,Him,-8,10.16,9.06,1.09
Twisters,Him,-7,10.56,9.4,1.16
Twisters,Him,-5,13.39,12.23,1.15
Twisters,Him,-4,18.04,18.65,0.61
Twisters,Him,-3,29.61,29.25,0.36
Twisters,Hit Man: Early Access Screening,-10,7.43,9.79,2.35
Twisters,Hit Man: Early Access Screening,-9,9.45,12.22,2.76
Twisters,Hit Man: Early Access Screening,-8,10.16,12.83,2.68
Twisters,Hocus Pocus (2024 Re-Release),-24,3.65,2.43,1.22
Twisters,Hocus Pocus (2024 Re-Release),-23,2.57,1.13,1.44
Twisters,Hocus Pocus (2024 Re-Release),-22,3.84,1.36,2.48
Twisters,Homestead,-27,7.93,5.77,2.15
Twisters,Homestead,-26,3.28,5.34,2.06
Twisters,Homestead,-25,3.41,4.98,1.57
Twisters,Homestead,-24,3.65,3.32,0.33
Twisters,Homestead,-13,5.29,4.36,0.93
Twisters,Homestead,-12,8.07,5.64,2.43
Twisters,Homestead,-11,8.39,5.85,2.54
Twisters,Homestead,-10,7.43,7.53,0.09
Twisters,Hop to the Movies! Featuring Hop,-13,5.29,7.23,1.94
Twisters,Hop to the Movies! Featuring Hop,-12,8.07,5.29,2.78
Twisters,Hop to the Movies! Featuring Hop,-10,7.43,7.03,0.4
Twisters,Hop to the Movies! Featuring The Wild Robot,-27,7.93,5.03,2.89
Twisters,Hop to the Movies! Featuring The Wild Robot,-23,2.57,4.88,2.31
Twisters,Hop to the Movies! Featuring The Wild Robot,-19,4.92,6.21,1.29
Twisters,Hop to the Movies! Featuring The Wild Robot,-14,8.05,5.1,2.96
Twisters,Hotspring Sharkattack,-10,7.43,7.8,0.37
Twisters,Hotspring Sharkattack,-9,9.45,7.88,1.57
Twisters,Hotspring Sharkattack,-8,10.16,9.2,0.96
Twisters,Hotspring Sharkattack,-6,16.3,14.65,1.65
Twisters,Hotspring Sharkattack,-5,13.39,16.18,2.79
Twisters,Hotspring Sharkattack,-4,18.04,15.62,2.43
Twisters,How to Have Sex,-9,9.45,11.19,1.74
Twisters,How to Have Sex,-8,10.16,10.62,0.47
Twisters,How to Have Sex,-7,10.56,10.95,0.39
Twisters,How to Have Sex,-6,16.3,13.48,2.83
Twisters,How to Train Your Dragon,-16,6.92,9.11,2.19
Twisters,How to Train Your Dragon,-15,4.71,4.82,0.11
Twisters,How to Train Your Dragon,-14,8.05,6.73,1.32
Twisters,How to Train Your Dragon,-13,5.29,6.44,1.16
Twisters,How to Train Your Dragon,-12,8.07,7.81,0.26
Twisters,How to Train Your Dragon,-11,8.39,8.83,0.44
Twisters,How to Train Your Dragon,-10,7.43,9.44,2.01
Twisters,How to Train Your Dragon,-9,9.45,12.24,2.78
Twisters,How to Train Your Dragon,-8,10.16,10.34,0.18
Twisters,How to Train Your Dragon,-7,10.56,11.31,0.74
Twisters,How to Train Your Dragon: Early Access Screening,-22,3.84,3.05,0.8
Twisters,How to Train Your Dragon: Early Access Screening,-21,6.27,3.84,2.43
Twisters,How to Train Your Dragon: Early Access Screening,-20,3.85,3.7,0.15
Twisters,How to Train Your Dragon: Early Access Screening,-19,4.92,3.8,1.12
Twisters,How to Train Your Dragon: Early Access Screening,-18,7.6,4.62,2.98
Twisters,Howl's Moving Castle - Studio Ghibli Fest 2025,-30,5.22,3.75,1.46
Twisters,Howl's Moving Castle - Studio Ghibli Fest 2025,-29,5.65,4.37,1.28
Twisters,Howl's Moving Castle - Studio Ghibli Fest 2025,-28,3.35,2.74,0.6
Twisters,Howl's Moving Castle - Studio Ghibli Fest 2025,-27,7.93,4.98,2.95
Twisters,Howl's Moving Castle - Studio Ghibli Fest 2025,-25,3.41,5.1,1.69
Twisters,Howl's Moving Castle - Studio Ghibli Fest 2025,-24,3.65,3.89,0.24
Twisters,Howl's Moving Castle - Studio Ghibli Fest 2025,-23,2.57,4.64,2.07
Twisters,Howl's Moving Castle - Studio Ghibli Fest 2025,-22,3.84,3.19,0.65
Twisters,Howl's Moving Castle - Studio Ghibli Fest 2025,-21,6.27,4.98,1.29
Twisters,Howl's Moving Castle - Studio Ghibli Fest 2025,-20,3.85,3.99,0.14
Twisters,Howl's Moving Castle - Studio Ghibli Fest 2025,-15,4.71,6.47,1.77
Twisters,Howl's Moving Castle - Studio Ghibli Fest 2025,-14,8.05,10.31,2.26
Twisters,Howl's Moving Castle - Studio Ghibli Fest 2025,-13,5.29,6.18,0.89
Twisters,Howl's Moving Castle - Studio Ghibli Fest 2025,-12,8.07,7.24,0.84
Twisters,Howl's Moving Castle 20th Anniversary - Studio Ghibli Fest 2024,-32,3.25,5.42,2.17
Twisters,Howl's Moving Castle 20th Anniversary - Studio Ghibli Fest 2024,-31,3.13,5.11,1.98
Twisters,Howl's Moving Castle 20th Anniversary - Studio Ghibli Fest 2024,-30,5.22,4.39,0.83
Twisters,Howl's Moving Castle 20th Anniversary - Studio Ghibli Fest 2024,-29,5.65,5.17,0.48
Twisters,Howl's Moving Castle 20th Anniversary - Studio Ghibli Fest 2024,-28,3.35,4.82,1.47
Twisters,Howl's Moving Castle 20th Anniversary - Studio Ghibli Fest 2024,-27,7.93,5.25,2.67
Twisters,Howl's Moving Castle 20th Anniversary - Studio Ghibli Fest 2024,-26,3.28,5.67,2.39
Twisters,Howl's Moving Castle 20th Anniversary - Studio Ghibli Fest 2024,-25,3.41,6.1,2.69
Twisters,Howl's Moving Castle 20th Anniversary - Studio Ghibli Fest 2024,-24,3.65,5.21,1.56
Twisters,Howl's Moving Castle 20th Anniversary - Studio Ghibli Fest 2024,-23,2.57,5.33,2.77
Twisters,Howl's Moving Castle 20th Anniversary - Studio Ghibli Fest 2024,-22,3.84,5.25,1.41
Twisters,Howl's Moving Castle 20th Anniversary - Studio Ghibli Fest 2024,-21,6.27,5.83,0.44
Twisters,Howl's Moving Castle 20th Anniversary - Studio Ghibli Fest 2024,-20,3.85,4.96,1.1
Twisters,Howl's Moving Castle 20th Anniversary - Studio Ghibli Fest 2024,-19,4.92,4.71,0.21
Twisters,Howl's Moving Castle 20th Anniversary - Studio Ghibli Fest 2024,-18,7.6,5.21,2.39
Twisters,Howl's Moving Castle 20th Anniversary - Studio Ghibli Fest 2024,-16,6.92,4.98,1.94
Twisters,Howl's Moving Castle 20th Anniversary - Studio Ghibli Fest 2024,-15,4.71,6.71,2.01
Twisters,Howl's Moving Castle 20th Anniversary - Studio Ghibli Fest 2024,-14,8.05,7.68,0.38
Twisters,Howl's Moving Castle 20th Anniversary - Studio Ghibli Fest 2024,-13,5.29,5.67,0.38
Twisters,Howl's Moving Castle 20th Anniversary - Studio Ghibli Fest 2024,-12,8.07,6.63,1.44
Twisters,Howl's Moving Castle 20th Anniversary - Studio Ghibli Fest 2024,-11,8.39,5.81,2.59
Twisters,Howl's Moving Castle 20th Anniversary - Studio Ghibli Fest 2024,-10,7.43,5.55,1.89
Twisters,Hung Up on a Dream: The Zombies Documentary,-10,7.43,9.01,1.57
Twisters,Hung Up on a Dream: The Zombies Documentary,-9,9.45,11.73,2.28
Twisters,Hung Up on a Dream: The Zombies Documentary,-7,10.56,10.78,0.22
Twisters,Hung Up on a Dream: The Zombies Documentary,-6,16.3,14.37,1.93
Twisters,Hurry Up Tomorrow,-14,8.05,5.41,2.65
Twisters,Hurry Up Tomorrow,-13,5.29,5.16,0.13
Twisters,Hurry Up Tomorrow,-12,8.07,5.51,2.56
Twisters,Hurry Up Tomorrow,-11,8.39,5.42,2.98
Twisters,Hurry Up Tomorrow,-9,9.45,7.23,2.22
Twisters,Hurry Up Tomorrow,-8,10.16,9.46,0.7
Twisters,Hurry Up Tomorrow,-7,10.56,7.86,2.7
Twisters,Hurry Up Tomorrow - Fan Event,-23,2.57,4.07,1.51
Twisters,Hurry Up Tomorrow - Fan Event,-22,3.84,3.18,0.66
Twisters,Hurry Up Tomorrow - Fan Event,-21,6.27,4.31,1.96
Twisters,Hurry Up Tomorrow - Fan Event,-20,3.85,3.92,0.07
Twisters,Hurry Up Tomorrow - Fan Event,-19,4.92,6.27,1.35
Twisters,I Am Living Proof,-16,6.92,4.48,2.44
Twisters,I Am Living Proof,-15,4.71,1.88,2.83
Twisters,I Am Living Proof,-14,8.05,7.72,0.33
Twisters,I Don't Understand You live Q and A with stars Andrew Rannells & Nick Kroll,-12,8.07,5.23,2.85
Twisters,I Don't Understand You live Q and A with stars Andrew Rannells & Nick Kroll,-11,8.39,9.32,0.92
Twisters,I Don't Understand You live Q and A with stars Andrew Rannells & Nick Kroll,-10,7.43,4.55,2.89
Twisters,I Heard the Bells,-21,6.27,4.22,2.05
Twisters,I Heard the Bells,-20,3.85,3.09,0.76
Twisters,I Heard the Bells,-19,4.92,3.8,1.12
Twisters,I Know What You Did Last Summer,-6,16.3,15.45,0.86
Twisters,I Know What You Did Last Summer,-5,13.39,15.9,2.51
Twisters,I Know What You Did Last Summer,-4,18.04,19.15,1.1
Twisters,I Know What You Did Last Summer,-3,29.61,30.84,1.23
Twisters,I Saw the TV Glow,-11,8.39,5.64,2.76
Twisters,I Saw the TV Glow,-10,7.43,8.02,0.59
Twisters,I Saw the TV Glow,-9,9.45,9.81,0.36
Twisters,I am the Immaculate Conception,-19,4.92,7.07,2.15
Twisters,I am the Immaculate Conception,-18,7.6,8.14,0.54
Twisters,I am the Immaculate Conception,-17,10.03,7.7,2.33
Twisters,I am the Immaculate Conception,-16,6.92,8.67,1.75
Twisters,I am the Immaculate Conception,-14,8.05,6.09,1.97
Twisters,I am the Immaculate Conception,-13,5.29,7.64,2.36
Twisters,I am the Immaculate Conception,-12,8.07,9.13,1.05
Twisters,I am the Immaculate Conception,-11,8.39,5.49,2.9
Twisters,I am the Immaculate Conception,-10,7.43,9.01,1.57
Twisters,I'm Still Here,-6,16.3,14.01,2.29
Twisters,I'm Still Here,-5,13.39,15.19,1.8
Twisters,I'm Still Here,-4,18.04,19.0,0.95
Twisters,I'm Still Here,-3,29.61,30.55,0.94
Twisters,IF,-9,9.45,8.67,0.78
Twisters,IF,-8,10.16,12.09,1.94
Twisters,IF,-7,10.56,10.4,0.16
Twisters,IF,-5,13.39,11.96,1.43
Twisters,IF,-4,18.04,19.53,1.49
Twisters,IF,-3,29.61,28.8,0.81
Twisters,IMAX Presents Prince - Sign o' the Times,-30,5.22,4.56,0.66
Twisters,IMAX Presents Prince - Sign o' the Times,-29,5.65,4.34,1.31
Twisters,IMAX Presents Prince - Sign o' the Times,-28,3.35,3.41,0.07
Twisters,IMAX Presents Prince - Sign o' the Times,-26,3.28,3.75,0.47
Twisters,IMAX Presents Prince - Sign o' the Times,-25,3.41,3.01,0.4
Twisters,IMAX Presents Prince - Sign o' the Times,-24,3.65,2.63,1.02
Twisters,IMAX Presents Prince - Sign o' the Times,-23,2.57,2.44,0.12
Twisters,IMAX Presents Prince - Sign o' the Times,-22,3.84,3.7,0.14
Twisters,IMAX Presents Prince - Sign o' the Times,-21,6.27,4.05,2.22
Twisters,IMAX Presents Prince - Sign o' the Times,-20,3.85,3.01,0.84
Twisters,IMAX Presents Prince - Sign o' the Times,-19,4.92,3.19,1.73
Twisters,IMAX Presents Prince - Sign o' the Times,-16,6.92,4.62,2.3
Twisters,IMAX Presents Prince - Sign o' the Times,-15,4.71,4.38,0.33
Twisters,IMAX Presents Prince - Sign o' the Times,-14,8.05,6.33,1.72
Twisters,IMAX Presents Prince - Sign o' the Times,-13,5.29,4.62,0.67
Twisters,IMAX Presents: The Grateful Dead Movie 2025 Meet-Up,-32,3.25,2.66,0.6
Twisters,IMAX Presents: The Grateful Dead Movie 2025 Meet-Up,-31,3.13,1.94,1.19
Twisters,IMAX Presents: The Grateful Dead Movie 2025 Meet-Up,-30,5.22,2.29,2.93
Twisters,IMAX Presents: The Grateful Dead Movie 2025 Meet-Up,-26,3.28,3.33,0.05
Twisters,IMAX Presents: The Grateful Dead Movie 2025 Meet-Up,-25,3.41,2.31,1.1
Twisters,IMAX Presents: The Grateful Dead Movie 2025 Meet-Up,-24,3.65,2.34,1.32
Twisters,IMAX Presents: The Grateful Dead Movie 2025 Meet-Up,-23,2.57,2.84,0.27
Twisters,IMAX Presents: The Grateful Dead Movie 2025 Meet-Up,-22,3.84,2.44,1.4
Twisters,IVE: The 1st World Tour in Cinema,-21,6.27,4.87,1.4
Twisters,IVE: The 1st World Tour in Cinema,-20,3.85,6.66,2.81
Twisters,IVE: The 1st World Tour in Cinema,-19,4.92,6.89,1.96
Twisters,Ick,-26,3.28,4.61,1.33
Twisters,Ick,-24,3.65,5.09,1.44
Twisters,Ick,-23,2.57,4.78,2.21
Twisters,Ick,-22,3.84,4.37,0.53
Twisters,Ick,-21,6.27,5.7,0.58
Twisters,Ick,-17,10.03,9.08,0.94
Twisters,Ick,-16,6.92,3.95,2.97
Twisters,Ick,-15,4.71,6.15,1.45
Twisters,Ick,-14,8.05,5.89,2.17
Twisters,Ick,-13,5.29,5.52,0.23
Twisters,Ick,-12,8.07,6.25,1.83
Twisters,If I Had Legs I'd Kick You,-12,8.07,7.61,0.47
Twisters,If I Had Legs I'd Kick You,-11,8.39,7.13,1.26
Twisters,If I Had Legs I'd Kick You,-10,7.43,9.28,1.84
Twisters,If I Had Legs I'd Kick You,-6,16.3,15.38,0.92
Twisters,If I Had Legs I'd Kick You,-5,13.39,10.65,2.74
Twisters,If I Had Legs I'd Kick You,-4,18.04,16.57,1.47
Twisters,Imaginary,-6,16.3,16.81,0.51
Twisters,Imaginary,-5,13.39,15.98,2.59
Twisters,Imaginary,-4,18.04,19.7,1.66
Twisters,Imaginary,-3,29.61,32.16,2.55
Twisters,Imagine Dragons: Live from the Hollywood Bowl,-26,3.28,3.96,0.68
Twisters,Imagine Dragons: Live from the Hollywood Bowl,-25,3.41,3.31,0.1
Twisters,Imagine Dragons: Live from the Hollywood Bowl,-24,3.65,3.04,0.61
Twisters,Imagine Dragons: Live from the Hollywood Bowl,-23,2.57,3.57,1.01
Twisters,Imagine Dragons: Live from the Hollywood Bowl,-22,3.84,2.76,1.08
Twisters,In Whose Name?,-16,6.92,7.07,0.15
Twisters,In Whose Name?,-15,4.71,6.41,1.7
Twisters,In Whose Name?,-14,8.05,6.58,1.47
Twisters,In a Violent Nature,-6,16.3,16.08,0.23
Twisters,In a Violent Nature,-5,13.39,13.79,0.4
Twisters,In a Violent Nature,-4,18.04,15.86,2.18
Twisters,Indiana Jones and the Dial of Destiny,-36,5.6,6.89,1.29
Twisters,Indiana Jones and the Dial of Destiny,-35,3.59,4.93,1.34
Twisters,Indiana Jones and the Dial of Destiny,-34,4.81,4.91,0.09
Twisters,Indiana Jones and the Dial of Destiny,-33,5.35,3.87,1.48
Twisters,Indiana Jones and the Dial of Destiny,-32,3.25,3.59,0.34
Twisters,Indiana Jones and the Dial of Destiny,-31,3.13,3.37,0.24
Twisters,Indiana Jones and the Dial of Destiny,-30,5.22,2.91,2.31
Twisters,Indiana Jones and the Dial of Destiny,-29,5.65,3.06,2.59
Twisters,Indiana Jones and the Dial of Destiny,-28,3.35,3.92,0.57
Twisters,Indiana Jones and the Dial of Destiny,-26,3.28,3.44,0.16
Twisters,Indiana Jones and the Dial of Destiny,-25,3.41,5.41,2.01
Twisters,Indiana Jones and the Dial of Destiny,-24,3.65,3.58,0.07
Twisters,Indiana Jones and the Dial of Destiny,-23,2.57,3.52,0.95
Twisters,Indiana Jones and the Dial of Destiny,-22,3.84,3.77,0.07
Twisters,Indiana Jones and the Dial of Destiny,-21,6.27,3.9,2.37
Twisters,Indiana Jones and the Dial of Destiny,-20,3.85,3.96,0.11
Twisters,Indiana Jones and the Dial of Destiny,-19,4.92,3.96,0.96
Twisters,Indiana Jones and the Dial of Destiny,-15,4.71,3.86,0.85
Twisters,Indiana Jones and the Dial of Destiny,-14,8.05,5.28,2.78
Twisters,Indiana Jones and the Dial of Destiny,-13,5.29,4.49,0.79
Twisters,Indiana Jones and the Dial of Destiny,-11,8.39,5.69,2.7
Twisters,Indiana Jones and the Dial of Destiny,-10,7.43,5.85,1.59
Twisters,Indiana Jones and the Dial of Destiny,-9,9.45,6.49,2.96
Twisters,Indiana Jones and the Last Crusade (2025 Re-Release),-31,3.13,4.89,1.76
Twisters,Indiana Jones and the Last Crusade (2025 Re-Release),-30,5.22,3.1,2.11
Twisters,Indiana Jones and the Last Crusade (2025 Re-Release),-29,5.65,2.76,2.89
Twisters,Indiana Jones and the Last Crusade (2025 Re-Release),-28,3.35,5.19,1.84
Twisters,Indiana Jones and the Last Crusade (2025 Re-Release),-27,7.93,5.47,2.46
Twisters,Indiana Jones and the Last Crusade (2025 Re-Release),-16,6.92,4.67,2.25
Twisters,Indiana Jones and the Last Crusade (2025 Re-Release),-15,4.71,6.32,1.62
Twisters,Indiana Jones and the Last Crusade (2025 Re-Release),-14,8.05,5.47,2.59
Twisters,Indiana Jones and the Last Crusade (2025 Re-Release),-13,5.29,5.66,0.38
Twisters,Indiana Jones and the Last Crusade (2025 Re-Release),-12,8.07,5.36,2.71
Twisters,Indiana Jones and the Last Crusade (2025 Re-Release),-11,8.39,5.9,2.49
Twisters,Indiana Jones and the Last Crusade (2025 Re-Release),-10,7.43,4.85,2.59
Twisters,Infinite Storm,-8,10.16,9.89,0.27
Twisters,Infinite Storm,-7,10.56,13.28,2.72
Twisters,Infinite Storm,-6,16.3,15.77,0.53
Twisters,Inside Out 2,-16,6.92,7.57,0.65
Twisters,Inside Out 2,-15,4.71,6.51,1.8
Twisters,Inside Out 2,-14,8.05,7.82,0.23
Twisters,Inside Out 2,-13,5.29,7.18,1.9
Twisters,Inside Out 2,-12,8.07,8.93,0.86
Twisters,Inside Out 2,-11,8.39,8.77,0.37
Twisters,Inside Out 2,-10,7.43,9.71,2.28
Twisters,Inside Out 2,-9,9.45,9.7,0.25
Twisters,Inside Out 2,-7,10.56,11.66,1.1
Twisters,Inside Out 2,-6,16.3,14.22,2.08
Twisters,Inside Out 2,-5,13.39,14.87,1.49
Twisters,Inside Out 2,-4,18.04,20.88,2.84
Twisters,Inside Out 2,-3,29.61,31.43,1.82
Twisters,Interstellar (2024 Re-release),-15,4.71,3.06,1.65
Twisters,Interstellar (2024 Re-release),-14,8.05,10.38,2.32
Twisters,Interstellar (2024 Re-release),-13,5.29,5.73,0.44
Twisters,Irena's Vow,-15,4.71,4.16,0.55
Twisters,Irena's Vow,-13,5.29,3.49,1.8
Twisters,Irena's Vow,-12,8.07,5.92,2.15
Twisters,It Ends with Us,-6,16.3,13.69,2.61
Twisters,It Ends with Us,-5,13.39,12.36,1.03
Twisters,It Ends with Us,-4,18.04,16.87,1.17
Twisters,It Lives Inside,-6,16.3,15.24,1.06
Twisters,It Lives Inside,-5,13.39,11.69,1.7
Twisters,It Lives Inside,-4,18.04,18.9,0.85
Twisters,It's Such a Beautiful Day + Me,-26,3.28,3.08,0.2
Twisters,It's Such a Beautiful Day + Me,-25,3.41,4.26,0.85
Twisters,It's Such a Beautiful Day + Me,-24,3.65,3.09,0.56
Twisters,It's Such a Beautiful Day + Me,-23,2.57,4.87,2.3
Twisters,It's Such a Beautiful Day + Me,-21,6.27,5.88,0.39
Twisters,It's Such a Beautiful Day + Me,-20,3.85,3.95,0.1
Twisters,It's Such a Beautiful Day + Me,-19,4.92,5.51,0.58
Twisters,J-Hope in the Box,-27,7.93,6.76,1.17
Twisters,J-Hope in the Box,-26,3.28,4.64,1.35
Twisters,J-Hope in the Box,-25,3.41,4.88,1.47
Twisters,J-Hope in the Box,-22,3.84,4.38,0.54
Twisters,J-Hope in the Box,-21,6.27,3.63,2.64
Twisters,J-Hope in the Box,-20,3.85,2.2,1.65
Twisters,Jackass Forever - Fan Appreciation Night,-5,13.39,15.44,2.05
Twisters,Jackass Forever - Fan Appreciation Night,-4,18.04,17.29,0.75
Twisters,Jackass Forever - Fan Appreciation Night,-3,29.61,29.04,0.57
Twisters,Jawan,-11,8.39,11.05,2.66
Twisters,Jawan,-10,7.43,9.95,2.51
Twisters,Jawan,-9,9.45,11.13,1.68
Twisters,Jawan,-8,10.16,10.65,0.49
Twisters,Jawan,-7,10.56,10.1,0.46
Twisters,Jawan,-6,16.3,17.13,0.82
Twisters,Jaws: 50th Anniversary,-37,4.33,3.34,0.99
Twisters,Jaws: 50th Anniversary,-36,5.6,3.1,2.5
Twisters,Jaws: 50th Anniversary,-35,3.59,3.33,0.26
Twisters,Jaws: 50th Anniversary,-34,4.81,3.07,1.75
Twisters,Jaws: 50th Anniversary,-33,5.35,3.39,1.96
Twisters,Jaws: 50th Anniversary,-32,3.25,3.47,0.22
Twisters,Jaws: 50th Anniversary,-31,3.13,3.95,0.82
Twisters,Jaws: 50th Anniversary,-30,5.22,3.24,1.98
Twisters,Jaws: 50th Anniversary,-29,5.65,2.81,2.84
Twisters,Jaws: 50th Anniversary,-28,3.35,2.3,1.05
Twisters,Jaws: 50th Anniversary,-26,3.28,3.42,0.14
Twisters,Jaws: 50th Anniversary,-25,3.41,3.78,0.38
Twisters,Jaws: 50th Anniversary,-24,3.65,2.71,0.94
Twisters,Jaws: 50th Anniversary,-23,2.57,3.19,0.62
Twisters,Jaws: 50th Anniversary,-22,3.84,2.76,1.09
Twisters,Jeanne du Barry,-25,3.41,3.54,0.13
Twisters,Jeanne du Barry,-24,3.65,3.9,0.25
Twisters,Jeanne du Barry,-23,2.57,3.46,0.89
Twisters,Jeanne du Barry,-22,3.84,3.51,0.34
Twisters,Jeanne du Barry,-20,3.85,4.09,0.24
Twisters,Jeanne du Barry,-19,4.92,3.31,1.62
Twisters,Jeanne du Barry,-18,7.6,8.42,0.82
Twisters,Jeen-Yuhs: A Kanye Trilogy (Act 1),-10,7.43,9.26,1.82
Twisters,Jeen-Yuhs: A Kanye Trilogy (Act 1),-9,9.45,6.69,2.76
Twisters,Jeen-Yuhs: A Kanye Trilogy (Act 1),-8,10.16,9.05,1.1
Twisters,Jeen-Yuhs: A Kanye Trilogy (Act 1),-7,10.56,12.19,1.63
Twisters,Jesus,-16,6.92,5.26,1.66
Twisters,Jesus,-15,4.71,3.41,1.3
Twisters,Jesus,-14,8.05,5.54,2.51
Twisters,Jesus,-13,5.29,4.97,0.31
Twisters,Jesus Revolution,-41,21.75,23.75,2.0
Twisters,Jesus Revolution,-40,11.85,11.84,0.01
Twisters,Jesus Revolution,-39,12.09,13.92,1.83
Twisters,Jesus Revolution,-30,5.22,6.41,1.19
Twisters,Jesus Revolution,-29,5.65,5.15,0.5
Twisters,Jesus Revolution,-28,3.35,5.03,1.68
Twisters,Jesus Revolution,-27,7.93,5.02,2.91
Twisters,Jesus Revolution,-26,3.28,3.35,0.07
Twisters,Jesus Revolution,-25,3.41,6.25,2.85
Twisters,Jesus Revolution,-24,3.65,5.03,1.38
Twisters,Jesus Revolution,-23,2.57,5.16,2.6
Twisters,Jesus Revolution,-22,3.84,4.56,0.72
Twisters,Jesus Revolution,-21,6.27,6.11,0.16
Twisters,Jesus Revolution,-20,3.85,5.69,1.84
Twisters,Jesus Revolution,-19,4.92,4.85,0.08
Twisters,Jesus Revolution,-18,7.6,7.82,0.22
Twisters,Jesus Revolution,-16,6.92,6.6,0.32
Twisters,Jesus Revolution,-15,4.71,5.5,0.79
Twisters,Jesus Revolution,-14,8.05,6.25,1.81
Twisters,Jesus Revolution,-13,5.29,4.55,0.74
Twisters,Jesus Revolution,-8,10.16,9.06,1.09
Twisters,Jesus Revolution,-7,10.56,12.33,1.76
Twisters,Jesus Revolution,-6,16.3,13.4,2.9
Twisters,Jesus Revolution,-5,13.39,14.53,1.14
Twisters,Jesus Revolution,-4,18.04,20.83,2.79
Twisters,Jesus Revolution: Early Access Screening,-26,3.28,1.1,2.18
Twisters,Jesus Revolution: Early Access Screening,-25,3.41,0.91,2.5
Twisters,Jesus Revolution: Early Access Screening,-24,3.65,0.66,2.99
Twisters,Jesus Revolution: Early Access Screening,-23,2.57,0.7,1.87
Twisters,Jesus Thirsts: The Miracle of the Eucharist,-30,5.22,5.3,0.08
Twisters,Jesus Thirsts: The Miracle of the Eucharist,-29,5.65,4.41,1.24
Twisters,Jesus Thirsts: The Miracle of the Eucharist,-28,3.35,5.03,1.69
Twisters,Jesus Thirsts: The Miracle of the Eucharist,-16,6.92,6.69,0.23
Twisters,Jesus Thirsts: The Miracle of the Eucharist,-15,4.71,3.65,1.06
Twisters,Jesus Thirsts: The Miracle of the Eucharist,-14,8.05,8.27,0.22
Twisters,Jesus Thirsts: The Miracle of the Eucharist,-9,9.45,7.27,2.18
Twisters,Jesus Thirsts: The Miracle of the Eucharist,-8,10.16,7.17,2.99
Twisters,Jesus Thirsts: The Miracle of the Eucharist,-7,10.56,9.91,0.65
Twisters,Jesus Thirsts: The Miracle of the Eucharist,-6,16.3,14.95,1.35
Twisters,Jesus Thirsts: The Miracle of the Eucharist,-5,13.39,12.26,1.13
Twisters,Jesus Thirsts: The Miracle of the Eucharist,-4,18.04,18.49,0.45
Twisters,John Wick 10th Anniversary,-26,3.28,3.46,0.18
Twisters,John Wick 10th Anniversary,-25,3.41,2.01,1.4
Twisters,John Wick 10th Anniversary,-24,3.65,2.49,1.17
Twisters,John Wick 10th Anniversary,-23,2.57,1.14,1.43
Twisters,John Wick 10th Anniversary,-22,3.84,2.54,1.3
Twisters,John Wick 10th Anniversary,-21,6.27,8.33,2.06
Twisters,John Wick 10th Anniversary,-20,3.85,3.09,0.76
Twisters,John Wick 10th Anniversary,-19,4.92,2.04,2.88
Twisters,John Wick Marathon,-13,5.29,4.83,0.46
Twisters,John Wick Marathon,-11,8.39,6.53,1.86
Twisters,John Wick Marathon,-10,7.43,9.11,1.67
Twisters,John Wick: Chapter 4,-18,7.6,9.37,1.77
Twisters,John Wick: Chapter 4,-17,10.03,8.88,1.15
Twisters,John Wick: Chapter 4,-16,6.92,9.24,2.32
Twisters,John Wick: Chapter 4,-14,8.05,8.0,0.05
Twisters,John Wick: Chapter 4,-13,5.29,8.19,2.9
Twisters,John Wick: Chapter 4,-12,8.07,7.45,0.63
Twisters,John Wick: Chapter 4,-11,8.39,6.8,1.6
Twisters,John Wick: Chapter 4,-10,7.43,6.85,0.59
Twisters,John Wick: Chapter 4,-9,9.45,9.56,0.11
Twisters,John Wick: Chapter 4,-8,10.16,9.27,0.89
Twisters,John Wick: Chapter 4,-7,10.56,9.18,1.38
Twisters,Joker: Folie a Deux,-11,8.39,6.9,1.49
Twisters,Joker: Folie a Deux,-10,7.43,6.23,1.21
Twisters,Joker: Folie a Deux,-9,9.45,7.22,2.24
Twisters,Joker: Folie a Deux,-8,10.16,7.35,2.81
Twisters,Joker: Folie a Deux,-7,10.56,7.77,2.8
Twisters,Journey to Bethlehem,-19,4.92,6.3,1.38
Twisters,Journey to Bethlehem,-18,7.6,7.94,0.34
Twisters,Journey to Bethlehem,-17,10.03,8.3,1.73
Twisters,Journey to Bethlehem,-12,8.07,7.03,1.04
Twisters,Journey to Bethlehem,-11,8.39,6.8,1.59
Twisters,Journey to Bethlehem,-10,7.43,6.98,0.46
Twisters,Joy Ride,-10,7.43,6.77,0.67
Twisters,Joy Ride,-9,9.45,9.67,0.22
Twisters,Joy Ride,-8,10.16,9.81,0.35
Twisters,Joy Ride,-7,10.56,9.42,1.15
Twisters,Jujutsu Kaisen 0: The Movie,-15,4.71,5.7,0.99
Twisters,Jujutsu Kaisen 0: The Movie,-14,8.05,5.26,2.8
Twisters,Jujutsu Kaisen 0: The Movie,-13,5.29,7.47,2.19
Twisters,Jujutsu Kaisen 0: The Movie,-12,8.07,5.69,2.39
Twisters,Jujutsu Kaisen: Hidden Inventory/Premature Death - The Movie,-18,7.6,8.26,0.66
Twisters,Jujutsu Kaisen: Hidden Inventory/Premature Death - The Movie,-17,10.03,7.74,2.29
Twisters,Jujutsu Kaisen: Hidden Inventory/Premature Death - The Movie,-16,6.92,7.89,0.97
Twisters,Jujutsu Kaisen: Hidden Inventory/Premature Death - The Movie,-11,8.39,11.11,2.72
Twisters,Jujutsu Kaisen: Hidden Inventory/Premature Death - The Movie,-10,7.43,8.6,1.17
Twisters,Jujutsu Kaisen: Hidden Inventory/Premature Death - The Movie,-9,9.45,11.62,2.17
Twisters,Jujutsu Kaisen: Hidden Inventory/Premature Death - The Movie,-8,10.16,12.44,2.29
Twisters,Jung Kook: I Am Still,-25,3.41,4.85,1.45
Twisters,Jung Kook: I Am Still,-24,3.65,4.11,0.46
Twisters,Jung Kook: I Am Still,-23,2.57,2.78,0.21
Twisters,Jung Kook: I Am Still,-22,3.84,4.63,0.79
Twisters,Jungle Cruise,-9,9.45,9.74,0.29
Twisters,Jungle Cruise,-8,10.16,11.76,1.6
Twisters,Jungle Cruise,-7,10.56,11.21,0.65
Twisters,Jungle Cruise,-6,16.3,13.56,2.74
Twisters,Jungle Cruise,-5,13.39,14.01,0.62
Twisters,Jurassic World Dominion Live Q&A with Special Guests,-40,11.85,12.87,1.02
Twisters,Jurassic World Dominion Live Q&A with Special Guests,-39,12.09,11.76,0.33
Twisters,Jurassic World Dominion Live Q&A with Special Guests,-38,6.71,5.17,1.54
Twisters,Jurassic World Dominion Live Q&A with Special Guests,-37,4.33,3.31,1.02
Twisters,Jurassic World Dominion Live Q&A with Special Guests,-35,3.59,2.15,1.45
Twisters,Jurassic World Dominion Live Q&A with Special Guests,-34,4.81,6.06,1.25
Twisters,Jurassic World Dominion Live Q&A with Special Guests,-33,5.35,3.29,2.06
Twisters,Jurassic World Dominion Live Q&A with Special Guests,-32,3.25,4.84,1.59
Twisters,Jurassic World Dominion Live Q&A with Special Guests,-31,3.13,2.24,0.88
Twisters,Jurassic World Dominion Live Q&A with Special Guests,-26,3.28,0.92,2.36
Twisters,Jurassic World Dominion Live Q&A with Special Guests,-25,3.41,1.11,2.3
Twisters,Jurassic World Dominion Live Q&A with Special Guests,-24,3.65,1.0,2.65
Twisters,Jurassic World Rebirth,-41,21.75,20.08,1.67
Twisters,Jurassic World Rebirth,-40,11.85,12.53,0.68
Twisters,Jurassic World Rebirth,-39,12.09,11.73,0.36
Twisters,Jurassic World Rebirth,-38,6.71,6.13,0.58
Twisters,Jurassic World Rebirth,-37,4.33,5.53,1.19
Twisters,Jurassic World Rebirth,-36,5.6,5.0,0.6
Twisters,Jurassic World Rebirth,-35,3.59,4.63,1.03
Twisters,Jurassic World Rebirth,-34,4.81,4.24,0.58
Twisters,Jurassic World Rebirth,-33,5.35,3.32,2.03
Twisters,Jurassic World Rebirth,-32,3.25,3.4,0.15
Twisters,Jurassic World Rebirth,-31,3.13,3.78,0.66
Twisters,Jurassic World Rebirth,-30,5.22,3.79,1.43
Twisters,Jurassic World Rebirth,-29,5.65,3.64,2.01
Twisters,Jurassic World Rebirth,-28,3.35,5.08,1.73
Twisters,Jurassic World Rebirth,-26,3.28,4.25,0.97
Twisters,Jurassic World Rebirth,-25,3.41,3.72,0.32
Twisters,Jurassic World Rebirth,-24,3.65,3.73,0.08
Twisters,Jurassic World Rebirth,-23,2.57,4.09,1.52
Twisters,Jurassic World Rebirth,-22,3.84,3.05,0.79
Twisters,Jurassic World Rebirth,-21,6.27,4.2,2.08
Twisters,Jurassic World Rebirth,-20,3.85,3.62,0.23
Twisters,Jurassic World Rebirth,-19,4.92,5.72,0.8
Twisters,Jurassic World Rebirth,-18,7.6,5.51,2.09
Twisters,Jurassic World Rebirth,-16,6.92,5.33,1.59
Twisters,Jurassic World Rebirth,-15,4.71,5.99,1.28
Twisters,Jurassic World Rebirth,-14,8.05,6.44,1.61
Twisters,Jurassic World Rebirth,-13,5.29,7.53,2.24
Twisters,Jurassic World Rebirth,-12,8.07,7.24,0.83
Twisters,Jurassic World Rebirth,-11,8.39,6.92,1.47
Twisters,Jurassic World Rebirth,-10,7.43,6.47,0.96
Twisters,Jurassic World Rebirth,-9,9.45,8.07,1.38
Twisters,Jurassic World Rebirth,-8,10.16,9.02,1.14
Twisters,Jurassic World Rebirth,-7,10.56,11.09,0.53
Twisters,Jurassic World: Dominion,-38,6.71,5.28,1.43
Twisters,Jurassic World: Dominion,-37,4.33,4.7,0.37
Twisters,Jurassic World: Dominion,-36,5.6,4.86,0.74
Twisters,Jurassic World: Dominion,-35,3.59,4.76,1.17
Twisters,Jurassic World: Dominion,-34,4.81,4.38,0.43
Twisters,Jurassic World: Dominion,-33,5.35,5.63,0.28
Twisters,Jurassic World: Dominion,-32,3.25,4.4,1.14
Twisters,Jurassic World: Dominion,-31,3.13,2.77,0.36
Twisters,Jurassic World: Dominion,-30,5.22,3.58,1.64
Twisters,Jurassic World: Dominion,-29,5.65,3.98,1.67
Twisters,Jurassic World: Dominion,-28,3.35,2.91,0.44
Twisters,Jurassic World: Dominion,-26,3.28,2.84,0.44
Twisters,Jurassic World: Dominion,-25,3.41,3.6,0.19
Twisters,Jurassic World: Dominion,-24,3.65,3.6,0.05
Twisters,Jurassic World: Dominion,-23,2.57,5.03,2.47
Twisters,Jurassic World: Dominion,-22,3.84,2.2,1.64
Twisters,Jurassic World: Dominion,-21,6.27,3.3,2.97
Twisters,Jurassic World: Dominion,-20,3.85,4.78,0.93
Twisters,Jurassic World: Dominion,-19,4.92,3.8,1.13
Twisters,Jurassic World: Dominion,-13,5.29,4.91,0.38
Twisters,Jurassic World: Dominion,-12,8.07,5.76,2.31
Twisters,Jurassic World: Dominion,-11,8.39,6.44,1.95
Twisters,Jurassic World: Dominion,-10,7.43,7.93,0.49
Twisters,Jurassic World: Dominion,-9,9.45,6.78,2.67
Twisters,Jurassic World: Dominion,-8,10.16,8.69,1.46
Twisters,Jurassic World: Dominion,-7,10.56,10.39,0.17
Twisters,Juror #2,-18,7.6,6.07,1.53
Twisters,Juror #2,-17,10.03,7.23,2.8
Twisters,Juror #2,-16,6.92,8.0,1.08
Twisters,Juror #2,-15,4.71,6.49,1.78
Twisters,Juror #2,-14,8.05,8.95,0.89
Twisters,Kaiju No. 8: Mission Recon,-11,8.39,6.5,1.89
Twisters,Kaiju No. 8: Mission Recon,-10,7.43,7.79,0.35
Twisters,Kaiju No. 8: Mission Recon,-9,9.45,7.61,1.85
Twisters,Kaiju No. 8: Mission Recon,-8,10.16,8.22,1.94
Twisters,Kalki 2898 AD,-9,9.45,7.57,1.88
Twisters,Kalki 2898 AD,-8,10.16,9.86,0.3
Twisters,Kalki 2898 AD,-7,10.56,12.06,1.5
Twisters,Karate Kid: Legends,-8,10.16,11.9,1.74
Twisters,Karate Kid: Legends,-7,10.56,12.39,1.83
Twisters,Karate Kid: Legends,-6,16.3,15.95,0.35
Twisters,Karate Kid: Legends,-5,13.39,15.47,2.09
Twisters,Karate Kid: Legends,-4,18.04,17.07,0.97
Twisters,Karen Kingsbury's The Christmas Ring,-12,8.07,9.05,0.97
Twisters,Karen Kingsbury's The Christmas Ring,-11,8.39,7.54,0.85
Twisters,Karen Kingsbury's The Christmas Ring,-10,7.43,10.01,2.57
Twisters,Karen Kingsbury's The Christmas Ring,-9,9.45,7.47,1.99
Twisters,Karen Kingsbury's The Christmas Ring,-8,10.16,7.84,2.32
Twisters,Karen Kingsbury's The Christmas Ring,-7,10.56,13.37,2.81
Twisters,Karen Kingsbury's The Christmas Ring,-6,16.3,15.07,1.24
Twisters,Karen Kingsbury's The Christmas Ring,-5,13.39,11.1,2.29
Twisters,Kiki's Delivery Service - Studio Ghibli Fest 2025,-9,9.45,9.63,0.18
Twisters,Kiki's Delivery Service - Studio Ghibli Fest 2025,-8,10.16,10.23,0.08
Twisters,Kiki's Delivery Service - Studio Ghibli Fest 2025,-7,10.56,10.71,0.15
Twisters,Kiki's Delivery Service 35th Anniversary - Studio Ghibli Fest 2024,-25,3.41,5.79,2.38
Twisters,Kiki's Delivery Service 35th Anniversary - Studio Ghibli Fest 2024,-24,3.65,2.73,0.92
Twisters,Kiki's Delivery Service 35th Anniversary - Studio Ghibli Fest 2024,-23,2.57,4.72,2.15
Twisters,Kiki's Delivery Service 35th Anniversary - Studio Ghibli Fest 2024,-22,3.84,3.84,0.0
Twisters,Kiki's Delivery Service 35th Anniversary - Studio Ghibli Fest 2024,-21,6.27,4.22,2.06
Twisters,Kiki's Delivery Service 35th Anniversary - Studio Ghibli Fest 2024,-20,3.85,4.09,0.24
Twisters,Kiki's Delivery Service 35th Anniversary - Studio Ghibli Fest 2024,-13,5.29,5.56,0.27
Twisters,Kiki's Delivery Service 35th Anniversary - Studio Ghibli Fest 2024,-12,8.07,5.66,2.41
Twisters,Kiki's Delivery Service 35th Anniversary - Studio Ghibli Fest 2024,-11,8.39,5.89,2.5
Twisters,Kiki's Delivery Service 35th Anniversary - Studio Ghibli Fest 2024,-10,7.43,4.6,2.84
Twisters,Killers of the Flower Moon,-13,5.29,5.84,0.55
Twisters,Killers of the Flower Moon,-12,8.07,5.22,2.85
Twisters,Killers of the Flower Moon,-11,8.39,5.75,2.64
Twisters,Killers of the Flower Moon,-10,7.43,6.09,1.34
Twisters,Killers of the Flower Moon,-9,9.45,7.05,2.4
Twisters,Kingdom of the Planet of the Apes,-25,3.41,6.01,2.6
Twisters,Kingdom of the Planet of the Apes,-24,3.65,4.01,0.36
Twisters,Kingdom of the Planet of the Apes,-23,2.57,4.2,1.63
Twisters,Kingdom of the Planet of the Apes,-22,3.84,5.32,1.48
Twisters,Kingdom of the Planet of the Apes,-21,6.27,3.63,2.64
Twisters,Kingdom of the Planet of the Apes,-20,3.85,4.0,0.15
Twisters,Kingdom of the Planet of the Apes,-19,4.92,4.17,0.75
Twisters,Kingdom of the Planet of the Apes,-16,6.92,6.26,0.66
Twisters,Kingdom of the Planet of the Apes,-15,4.71,4.13,0.58
Twisters,Kingdom of the Planet of the Apes,-14,8.05,5.44,2.62
Twisters,Kingdom of the Planet of the Apes,-13,5.29,7.41,2.12
Twisters,Kingdom of the Planet of the Apes,-12,8.07,5.3,2.77
Twisters,Kingdom of the Planet of the Apes,-11,8.39,5.87,2.53
Twisters,Kingdom of the Planet of the Apes,-10,7.43,6.32,1.11
Twisters,Kingdom of the Planet of the Apes,-9,9.45,12.11,2.66
Twisters,Kingdom of the Planet of the Apes,-8,10.16,8.26,1.9
Twisters,Kingdom of the Planet of the Apes,-7,10.56,10.34,0.22
Twisters,Kingdom of the Planet of the Apes: Early Access Screening,-27,7.93,5.49,2.44
Twisters,Kingdom of the Planet of the Apes: Early Access Screening,-26,3.28,5.39,2.11
Twisters,Kingdom of the Planet of the Apes: Early Access Screening,-25,3.41,4.06,0.66
Twisters,Kingdom of the Planet of the Apes: Early Access Screening,-24,3.65,3.47,0.18
Twisters,Kingdom of the Planet of the Apes: Early Access Screening,-23,2.57,2.85,0.28
Twisters,Kingdom of the Planet of the Apes: Early Access Screening,-22,3.84,2.51,1.33
Twisters,Kneecap,-6,16.3,15.62,0.69
Twisters,Kneecap,-5,13.39,14.71,1.32
Twisters,Kneecap,-4,18.04,17.14,0.9
Twisters,Knock at the Cabin,-22,3.84,6.45,2.61
Twisters,Knock at the Cabin,-21,6.27,5.29,0.98
Twisters,Knock at the Cabin,-20,3.85,5.65,1.8
Twisters,Knock at the Cabin,-19,4.92,5.35,0.43
Twisters,Knock at the Cabin,-18,7.6,5.48,2.11
Twisters,Knock at the Cabin,-17,10.03,7.77,2.26
Twisters,Knock at the Cabin,-16,6.92,6.27,0.65
Twisters,Knock at the Cabin,-15,4.71,4.35,0.36
Twisters,Knock at the Cabin,-5,13.39,11.17,2.22
Twisters,Knock at the Cabin,-4,18.04,20.5,2.45
Twisters,Knock at the Cabin,-3,29.61,29.29,0.32
Twisters,Kygo: Back at the Bowl,-17,10.03,7.83,2.2
Twisters,Kygo: Back at the Bowl,-16,6.92,4.43,2.49
Twisters,Kygo: Back at the Bowl,-15,4.71,7.64,2.93
Twisters,Kygo: Back at the Bowl,-13,5.29,5.5,0.21
Twisters,Kygo: Back at the Bowl,-12,8.07,6.87,1.21
Twisters,Kygo: Back at the Bowl,-11,8.39,6.49,1.91
Twisters,Last Night in Soho,-12,8.07,8.99,0.92
Twisters,Last Night in Soho,-11,8.39,9.68,1.29
Twisters,Last Night in Soho,-10,7.43,9.73,2.29
Twisters,Last Night to Login: Overlord 10th Anniversary Celebration,-9,9.45,9.38,0.07
Twisters,Last Night to Login: Overlord 10th Anniversary Celebration,-8,10.16,7.55,2.6
Twisters,Last Night to Login: Overlord 10th Anniversary Celebration,-7,10.56,9.93,0.63
Twisters,Laufey's A Night at the Symphony: Hollywood Bowl,-33,5.35,6.18,0.83
Twisters,Laufey's A Night at the Symphony: Hollywood Bowl,-32,3.25,5.87,2.62
Twisters,Laufey's A Night at the Symphony: Hollywood Bowl,-31,3.13,4.07,0.95
Twisters,Laufey's A Night at the Symphony: Hollywood Bowl,-30,5.22,3.62,1.59
Twisters,Laufey's A Night at the Symphony: Hollywood Bowl,-26,3.28,2.59,0.7
Twisters,Laufey's A Night at the Symphony: Hollywood Bowl,-25,3.41,2.41,1.0
Twisters,Laufey's A Night at the Symphony: Hollywood Bowl,-24,3.65,2.1,1.55
Twisters,Laufey's A Night at the Symphony: Hollywood Bowl,-23,2.57,2.2,0.36
Twisters,Laufey's A Night at the Symphony: Hollywood Bowl,-22,3.84,3.14,0.71
Twisters,Lawrence of Arabia (2024 Re-Release),-26,3.28,2.92,0.37
Twisters,Lawrence of Arabia (2024 Re-Release),-25,3.41,2.63,0.78
Twisters,Lawrence of Arabia (2024 Re-Release),-24,3.65,2.67,0.98
Twisters,Lawrence of Arabia (2024 Re-Release),-23,2.57,2.44,0.13
Twisters,Lawrence of Arabia (2024 Re-Release),-22,3.84,3.86,0.02
Twisters,Lawrence of Arabia (2024 Re-Release),-12,8.07,5.29,2.79
Twisters,Lawrence of Arabia (2024 Re-Release),-11,8.39,5.46,2.93
Twisters,Lawrence of Arabia (2024 Re-Release),-10,7.43,6.28,1.16
Twisters,Left Behind: Rise of The Antichrist,-18,7.6,7.58,0.02
Twisters,Left Behind: Rise of The Antichrist,-17,10.03,8.14,1.89
Twisters,Left Behind: Rise of The Antichrist,-16,6.92,7.96,1.04
Twisters,Left Behind: Rise of The Antichrist,-7,10.56,13.25,2.69
Twisters,Left Behind: Rise of The Antichrist,-6,16.3,13.63,2.67
Twisters,Left Behind: Rise of The Antichrist,-5,13.39,12.26,1.13
Twisters,Leo (NET),-10,7.43,5.28,2.15
Twisters,Leo (NET),-9,9.45,7.02,2.43
Twisters,Leo (NET),-8,10.16,8.72,1.44
Twisters,Les Miserables (2024 Re-Release),-26,3.28,4.34,1.06
Twisters,Les Miserables (2024 Re-Release),-25,3.41,4.61,1.21
Twisters,Les Miserables (2024 Re-Release),-24,3.65,3.36,0.29
Twisters,Les Miserables (2024 Re-Release),-23,2.57,2.5,0.07
Twisters,Les Miserables (2024 Re-Release),-22,3.84,3.31,0.54
Twisters,Les Miserables (2024 Re-Release),-21,6.27,4.4,1.88
Twisters,Les Miserables (2024 Re-Release),-20,3.85,4.47,0.62
Twisters,Les Miserables (2024 Re-Release),-19,4.92,5.04,0.12
Twisters,Lifemark,-12,8.07,7.06,1.02
Twisters,Lifemark,-11,8.39,8.07,0.32
Twisters,Lifemark,-10,7.43,4.61,2.82
Twisters,Light of the World,-11,8.39,6.14,2.26
Twisters,Light of the World,-10,7.43,9.39,1.95
Twisters,Light of the World,-9,9.45,9.6,0.15
Twisters,Lilo & Stitch,-6,16.3,16.63,0.33
Twisters,Lilo & Stitch,-5,13.39,14.94,1.55
Twisters,Lilo & Stitch,-4,18.04,19.78,1.73
Twisters,Lisa Frankenstein,-9,9.45,9.6,0.15
Twisters,Lisa Frankenstein,-8,10.16,10.92,0.77
Twisters,Lisa Frankenstein,-7,10.56,9.34,1.22
Twisters,Lisa Frankenstein,-6,16.3,13.45,2.85
Twisters,Lisa Frankenstein,-5,13.39,13.56,0.17
Twisters,Lisa Frankenstein,-4,18.04,15.45,2.59
Twisters,Lisa Live is Smile Always -Lander,-13,5.29,4.41,0.88
Twisters,Lisa Live is Smile Always -Lander,-12,8.07,7.02,1.06
Twisters,Lisa Live is Smile Always -Lander,-11,8.39,11.26,2.87
Twisters,Little Empty Boxes Q&A,-20,3.85,6.29,2.44
Twisters,Little Empty Boxes Q&A,-19,4.92,4.61,0.32
Twisters,Little Empty Boxes Q&A,-18,7.6,5.03,2.57
Twisters,Little Empty Boxes Q&A,-16,6.92,4.62,2.3
Twisters,Little Empty Boxes Q&A,-15,4.71,4.42,0.29
Twisters,Little Empty Boxes Q&A,-13,5.29,6.88,1.59
Twisters,Longlegs,-7,10.56,11.84,1.28
Twisters,Longlegs,-6,16.3,17.17,0.87
Twisters,Longlegs,-5,13.39,13.04,0.35
Twisters,Lord of the Rings: Fellowship of the Ring (2024 Re-release),-36,5.6,5.44,0.16
Twisters,Lord of the Rings: Fellowship of the Ring (2024 Re-release),-35,3.59,4.58,0.98
Twisters,Lord of the Rings: Fellowship of the Ring (2024 Re-release),-34,4.81,4.22,0.6
Twisters,Lord of the Rings: Fellowship of the Ring (2024 Re-release),-33,5.35,5.41,0.05
Twisters,Lord of the Rings: Fellowship of the Ring (2024 Re-release),-32,3.25,4.72,1.46
Twisters,Lord of the Rings: Fellowship of the Ring (2024 Re-release),-31,3.13,3.49,0.36
Twisters,Lord of the Rings: Fellowship of the Ring (2024 Re-release),-30,5.22,2.82,2.39
Twisters,Lord of the Rings: Fellowship of the Ring (2024 Re-release),-29,5.65,3.66,1.99
Twisters,Lord of the Rings: Fellowship of the Ring (2024 Re-release),-28,3.35,2.81,0.54
Twisters,Lord of the Rings: Fellowship of the Ring (2024 Re-release),-26,3.28,2.65,0.63
Twisters,Lord of the Rings: Fellowship of the Ring (2024 Re-release),-25,3.41,2.32,1.08
Twisters,Lord of the Rings: Fellowship of the Ring (2024 Re-release),-24,3.65,1.92,1.73
Twisters,Lord of the Rings: Fellowship of the Ring (2024 Re-release),-23,2.57,1.97,0.59
Twisters,Lord of the Rings: Fellowship of the Ring (2024 Re-release),-22,3.84,2.56,1.28
Twisters,Lord of the Rings: The Two Towers (2024 Re-release),-37,4.33,5.39,1.06
Twisters,Lord of the Rings: The Two Towers (2024 Re-release),-36,5.6,6.44,0.84
Twisters,Lord of the Rings: The Two Towers (2024 Re-release),-35,3.59,4.77,1.18
Twisters,Lord of the Rings: The Two Towers (2024 Re-release),-34,4.81,6.05,1.23
Twisters,Lord of the Rings: The Two Towers (2024 Re-release),-33,5.35,7.36,2.01
Twisters,Lord of the Rings: The Two Towers (2024 Re-release),-26,3.28,2.09,1.19
Twisters,Lord of the Rings: The Two Towers (2024 Re-release),-25,3.41,2.15,1.26
Twisters,Lord of the Rings: The Two Towers (2024 Re-release),-24,3.65,2.26,1.39
Twisters,Lord of the Rings: The Two Towers (2024 Re-release),-23,2.57,3.61,1.04
Twisters,Lord of the Rings: The Two Towers (2024 Re-release),-22,3.84,2.72,1.12
Twisters,Lost & Found in Cleveland,-11,8.39,9.96,1.57
Twisters,Lost & Found in Cleveland,-10,7.43,10.17,2.73
Twisters,Lost & Found in Cleveland,-9,9.45,9.66,0.2
Twisters,Love Actually 20th Anniversary,-15,4.71,7.04,2.34
Twisters,Love Actually 20th Anniversary,-14,8.05,7.41,0.64
Twisters,Love Actually 20th Anniversary,-13,5.29,6.15,0.87
Twisters,Love Actually 20th Anniversary,-12,8.07,8.68,0.61
Twisters,Love Actually 20th Anniversary,-11,8.39,9.17,0.77
Twisters,Love Actually 20th Anniversary,-10,7.43,8.77,1.33
Twisters,Love Actually 20th Anniversary,-9,9.45,7.65,1.8
Twisters,Love Hurts,-8,10.16,11.98,1.83
Twisters,Love Hurts,-7,10.56,12.88,2.32
Twisters,Love Hurts,-6,16.3,17.18,0.88
Twisters,Luca (2021) - Pixar Special Theatrical Engagement,-24,3.65,2.38,1.27
Twisters,Luca (2021) - Pixar Special Theatrical Engagement,-23,2.57,3.41,0.84
Twisters,Luca (2021) - Pixar Special Theatrical Engagement,-22,3.84,1.58,2.26
Twisters,Luca (2021) - Pixar Special Theatrical Engagement,-21,6.27,3.9,2.37
Twisters,Luca (2021) - Pixar Special Theatrical Engagement,-20,3.85,3.15,0.7
Twisters,Luca (2021) - Pixar Special Theatrical Engagement,-19,4.92,2.96,1.96
Twisters,Lucia di Lammermoor: Met Summer Encore 2025,-15,4.71,2.09,2.62
Twisters,Lucia di Lammermoor: Met Summer Encore 2025,-14,8.05,5.84,2.21
Twisters,Lucia di Lammermoor: Met Summer Encore 2025,-13,5.29,6.07,0.78
Twisters,Lucia di Lammermoor: Met Summer Encore 2025,-12,8.07,5.52,2.55
Twisters,M3GAN 2.0,-22,3.84,5.43,1.58
Twisters,M3GAN 2.0,-21,6.27,5.58,0.69
Twisters,M3GAN 2.0,-20,3.85,5.76,1.91
Twisters,M3GAN 2.0,-19,4.92,5.08,0.15
Twisters,M3GAN 2.0,-16,6.92,4.79,2.13
Twisters,M3GAN 2.0,-15,4.71,1.97,2.74
Twisters,M3GAN 2.0,-14,8.05,10.55,2.5
Twisters,M3GAN 2.0,-13,5.29,6.05,0.76
Twisters,M3GAN 2.0,-12,8.07,5.17,2.9
Twisters,M3GAN 2.0,-11,8.39,6.16,2.24
Twisters,M3GAN 2.0,-10,7.43,6.22,1.22
Twisters,M3GAN 2.0,-9,9.45,7.17,2.28
Twisters,M3gan,-24,3.65,5.28,1.63
Twisters,M3gan,-23,2.57,3.81,1.24
Twisters,M3gan,-22,3.84,5.32,1.47
Twisters,M3gan,-21,6.27,4.18,2.09
Twisters,M3gan,-20,3.85,3.27,0.58
Twisters,M3gan,-19,4.92,5.39,0.46
Twisters,M3gan,-18,7.6,7.71,0.11
Twisters,M3gan,-16,6.92,8.89,1.97
Twisters,M3gan,-15,4.71,5.43,0.72
Twisters,M3gan,-14,8.05,7.6,0.45
Twisters,M3gan,-13,5.29,6.76,1.47
Twisters,M3gan: Halfway to Halloween,-12,8.07,8.3,0.23
Twisters,M3gan: Halfway to Halloween,-11,8.39,11.33,2.94
Twisters,M3gan: Halfway to Halloween,-10,7.43,6.13,1.31
Twisters,MET Opera: Andrea Chenier (2025),-34,4.81,5.2,0.38
Twisters,MET Opera: Andrea Chenier (2025),-33,5.35,3.71,1.64
Twisters,MET Opera: Andrea Chenier (2025),-32,3.25,1.81,1.45
Twisters,MET Opera: Andrea Chenier (2025),-31,3.13,2.11,1.02
Twisters,MET Opera: Andrea Chenier (2025),-30,5.22,3.26,1.96
Twisters,MET Opera: Andrea Chenier (2025),-29,5.65,3.58,2.08
Twisters,MET Opera: Andrea Chenier (2025),-28,3.35,0.84,2.51
Twisters,MET Opera: Arabella (2025),-26,3.28,0.62,2.66
Twisters,MET Opera: Arabella (2025),-25,3.41,1.15,2.26
Twisters,MET Opera: Arabella (2025),-24,3.65,1.16,2.49
Twisters,MET Opera: Arabella (2025),-23,2.57,0.86,1.7
Twisters,MET Opera: Arabella (2025),-22,3.84,1.25,2.59
Twisters,MET Opera: La Boheme (2025),-25,3.41,1.39,2.02
Twisters,MET Opera: La Boheme (2025),-24,3.65,1.82,1.83
Twisters,MET Opera: La Boheme (2025),-23,2.57,1.93,0.63
Twisters,MET Opera: La Boheme (2025),-22,3.84,2.29,1.55
Twisters,MET Opera: Magic Flute Holiday Encore (2025),-28,3.35,1.57,1.78
Twisters,MET Opera: Magic Flute Holiday Encore (2025),-27,7.93,6.14,1.79
Twisters,MET Opera: Magic Flute Holiday Encore (2025),-26,3.28,4.64,1.35
Twisters,MET Opera: Magic Flute Holiday Encore (2025),-25,3.41,2.56,0.85
Twisters,MET Opera: Magic Flute Holiday Encore (2025),-24,3.65,2.33,1.32
Twisters,MONSTA X: CONNECT x in CINEMAS,-24,3.65,5.73,2.08
Twisters,MONSTA X: CONNECT x in CINEMAS,-23,2.57,4.53,1.96
Twisters,MONSTA X: CONNECT x in CINEMAS,-22,3.84,4.87,1.03
Twisters,MONSTA X: CONNECT x in CINEMAS,-21,6.27,3.75,2.52
Twisters,MONSTA X: CONNECT x in CINEMAS,-20,3.85,5.6,1.75
Twisters,MONSTA X: CONNECT x in CINEMAS,-19,4.92,3.56,1.36
Twisters,Ma: Halfway to Halloween,-25,3.41,5.32,1.92
Twisters,Ma: Halfway to Halloween,-24,3.65,3.75,0.1
Twisters,Ma: Halfway to Halloween,-23,2.57,3.55,0.98
Twisters,Ma: Halfway to Halloween,-21,6.27,5.22,1.06
Twisters,Ma: Halfway to Halloween,-20,3.85,3.16,0.7
Twisters,Ma: Halfway to Halloween,-19,4.92,2.79,2.13
Twisters,Ma: Halfway to Halloween,-9,9.45,12.12,2.67
Twisters,Ma: Halfway to Halloween,-8,10.16,9.63,0.53
Twisters,Ma: Halfway to Halloween,-7,10.56,8.53,2.03
Twisters,MaXXXine,-12,8.07,5.86,2.22
Twisters,MaXXXine,-11,8.39,5.66,2.74
Twisters,MaXXXine,-10,7.43,10.04,2.61
Twisters,MaXXXine,-9,9.45,10.16,0.71
Twisters,MaXXXine,-8,10.16,8.69,1.46
Twisters,MaXXXine,-7,10.56,11.52,0.96
Twisters,MaXXXine: Early Access Screening,-12,8.07,8.86,0.79
Twisters,MaXXXine: Early Access Screening,-11,8.39,9.62,1.23
Twisters,MaXXXine: Early Access Screening,-10,7.43,4.99,2.45
Twisters,Macbeth,-30,5.22,5.51,0.3
Twisters,Macbeth,-29,5.65,4.36,1.29
Twisters,Macbeth,-28,3.35,4.01,0.66
Twisters,Macbeth,-27,7.93,8.77,0.85
Twisters,Macbeth,-20,3.85,2.75,1.1
Twisters,Macbeth,-19,4.92,3.55,1.37
Twisters,Macbeth,-18,7.6,4.88,2.72
Twisters,Macbeth,-16,6.92,7.25,0.33
Twisters,Macbeth,-15,4.71,5.87,1.16
Twisters,Macbeth,-14,8.05,7.01,1.04
Twisters,Macbeth,-13,5.29,6.27,0.98
Twisters,Macbeth: David Tennant & Cush Jumbo,-38,6.71,4.91,1.8
Twisters,Macbeth: David Tennant & Cush Jumbo,-37,4.33,3.34,0.99
Twisters,Macbeth: David Tennant & Cush Jumbo,-36,5.6,4.16,1.44
Twisters,Macbeth: David Tennant & Cush Jumbo,-35,3.59,3.2,0.4
Twisters,Macbeth: David Tennant & Cush Jumbo,-34,4.81,4.75,0.07
Twisters,Macbeth: David Tennant & Cush Jumbo,-33,5.35,3.19,2.16
Twisters,Macbeth: David Tennant & Cush Jumbo,-31,3.13,3.53,0.41
Twisters,Macbeth: David Tennant & Cush Jumbo,-30,5.22,4.31,0.91
Twisters,Macbeth: David Tennant & Cush Jumbo,-29,5.65,3.26,2.39
Twisters,Macbeth: David Tennant & Cush Jumbo,-28,3.35,2.25,1.1
Twisters,Macbeth: David Tennant & Cush Jumbo,-26,3.28,5.04,1.76
Twisters,Macbeth: David Tennant & Cush Jumbo,-25,3.41,3.2,0.21
Twisters,Macbeth: David Tennant & Cush Jumbo,-24,3.65,4.72,1.07
Twisters,Macbeth: David Tennant & Cush Jumbo,-23,2.57,2.71,0.14
Twisters,Macbeth: David Tennant & Cush Jumbo,-22,3.84,2.82,1.02
Twisters,Macbeth: David Tennant & Cush Jumbo,-21,6.27,4.23,2.04
Twisters,Macbeth: David Tennant & Cush Jumbo,-20,3.85,2.93,0.92
Twisters,Magic Mike's Last Dance,-4,18.04,19.73,1.69
Twisters,Magic Mike's Last Dance,-3,29.61,26.91,2.7
Twisters,Magic Mike's Last Dance,-2,28.86,30.37,1.51
Twisters,Mamoru Hosoda’s The Boy and The Beast,-12,8.07,11.04,2.96
Twisters,Mamoru Hosoda’s The Boy and The Beast,-11,8.39,10.08,1.69
Twisters,Mamoru Hosoda’s The Boy and The Beast,-10,7.43,7.84,0.41
Twisters,Man and Witch: The Dance of a Thousand Steps,-36,5.6,3.55,2.05
Twisters,Man and Witch: The Dance of a Thousand Steps,-35,3.59,2.48,1.11
Twisters,Man and Witch: The Dance of a Thousand Steps,-34,4.81,3.41,1.4
Twisters,Man and Witch: The Dance of a Thousand Steps,-33,5.35,5.45,0.09
Twisters,Man and Witch: The Dance of a Thousand Steps,-32,3.25,2.42,0.84
Twisters,Man and Witch: The Dance of a Thousand Steps,-31,3.13,2.12,1.0
Twisters,Man and Witch: The Dance of a Thousand Steps,-29,5.65,5.93,0.28
Twisters,Man and Witch: The Dance of a Thousand Steps,-28,3.35,3.74,0.4
Twisters,Man and Witch: The Dance of a Thousand Steps,-26,3.28,2.0,1.28
Twisters,Man and Witch: The Dance of a Thousand Steps,-23,2.57,3.51,0.94
Twisters,Man and Witch: The Dance of a Thousand Steps,-22,3.84,3.6,0.24
Twisters,Marry Me,-8,10.16,13.13,2.98
Twisters,Marry Me,-7,10.56,13.36,2.8
Twisters,Marry Me,-6,16.3,14.22,2.08
Twisters,Marry Me,-5,13.39,15.95,2.56
Twisters,Marry Me,-4,18.04,17.29,0.75
Twisters,Marvel Studios G.O.A.T. Marathon: Greatest of All Thor,-20,3.85,5.57,1.72
Twisters,Marvel Studios G.O.A.T. Marathon: Greatest of All Thor,-19,4.92,4.0,0.93
Twisters,Marvel Studios G.O.A.T. Marathon: Greatest of All Thor,-18,7.6,5.21,2.39
Twisters,Mary J. Blige: For My Fans,-19,4.92,7.83,2.91
Twisters,Mary J. Blige: For My Fans,-18,7.6,8.13,0.53
Twisters,Mary J. Blige: For My Fans,-17,10.03,11.42,1.4
Twisters,Mary J. Blige: For My Fans,-16,6.92,3.98,2.94
Twisters,Mary J. Blige: For My Fans,-15,4.71,3.64,1.06
Twisters,Mary J. Blige: For My Fans,-13,5.29,3.67,1.62
Twisters,Mary J. Blige: For My Fans,-12,8.07,8.61,0.53
Twisters,Mary J. Blige: For My Fans,-11,8.39,8.79,0.4
Twisters,Mary J. Blige: For My Fans,-10,7.43,4.93,2.5
Twisters,Mean Girls 20th Anniversary,-21,6.27,3.31,2.96
Twisters,Mean Girls 20th Anniversary,-20,3.85,3.75,0.1
Twisters,Mean Girls 20th Anniversary,-19,4.92,4.21,0.71
Twisters,Mean Girls 20th Anniversary,-18,7.6,4.72,2.88
Twisters,Mean Girls: Early Access Screening,-12,8.07,7.84,0.23
Twisters,Mean Girls: Early Access Screening,-11,8.39,5.54,2.85
Twisters,Mean Girls: Early Access Screening,-10,7.43,4.45,2.99
Twisters,Men in Black 25th Anniversary,-17,10.03,9.0,1.03
Twisters,Men in Black 25th Anniversary,-16,6.92,4.86,2.06
Twisters,Men in Black 25th Anniversary,-15,4.71,6.97,2.26
Twisters,Merrily We Roll Along,-38,6.71,4.83,1.88
Twisters,Merrily We Roll Along,-37,4.33,2.7,1.63
Twisters,Merrily We Roll Along,-36,5.6,2.95,2.65
Twisters,Merrily We Roll Along,-35,3.59,3.48,0.12
Twisters,Merrily We Roll Along,-34,4.81,3.23,1.59
Twisters,Merrily We Roll Along,-33,5.35,3.57,1.78
Twisters,Merrily We Roll Along,-32,3.25,3.68,0.43
Twisters,Merrily We Roll Along,-31,3.13,4.25,1.12
Twisters,Merrily We Roll Along,-30,5.22,3.73,1.49
Twisters,Merrily We Roll Along,-29,5.65,3.29,2.36
Twisters,Merrily We Roll Along,-28,3.35,3.04,0.31
Twisters,Merrily We Roll Along,-26,3.28,2.66,0.62
Twisters,Merrily We Roll Along,-25,3.41,3.18,0.22
Twisters,Merrily We Roll Along,-24,3.65,2.55,1.1
Twisters,Merrily We Roll Along,-23,2.57,3.22,0.65
Twisters,Merrily We Roll Along,-22,3.84,2.94,0.9
Twisters,Mickey 17,-12,8.07,9.46,1.39
Twisters,Mickey 17,-11,8.39,9.98,1.59
Twisters,Mickey 17,-10,7.43,10.37,2.93
Twisters,Mickey 17,-9,9.45,9.59,0.14
Twisters,Mickey 17,-8,10.16,10.15,0.0
Twisters,Mickey 17,-7,10.56,9.4,1.16
Twisters,Microphone Check,-34,4.81,6.48,1.67
Twisters,Microphone Check,-25,3.41,5.84,2.43
Twisters,Microphone Check,-20,3.85,5.59,1.74
Twisters,Miley Cyrus: Something Beautiful,-16,6.92,5.4,1.52
Twisters,Miley Cyrus: Something Beautiful,-15,4.71,6.02,1.31
Twisters,Miley Cyrus: Something Beautiful,-14,8.05,6.55,1.5
Twisters,Miley Cyrus: Something Beautiful,-13,5.29,6.7,1.41
Twisters,Miley Cyrus: Something Beautiful,-12,8.07,9.41,1.34
Twisters,Minions: The Rise of Gru,-18,7.6,8.72,1.12
Twisters,Minions: The Rise of Gru,-17,10.03,9.58,0.45
Twisters,Minions: The Rise of Gru,-16,6.92,9.52,2.6
Twisters,Minions: The Rise of Gru,-15,4.71,6.06,1.36
Twisters,Minions: The Rise of Gru,-14,8.05,8.06,0.01
Twisters,Minions: The Rise of Gru,-13,5.29,5.32,0.04
Twisters,Minions: The Rise of Gru,-12,8.07,8.19,0.12
Twisters,Minions: The Rise of Gru,-11,8.39,9.75,1.35
Twisters,Minions: The Rise of Gru,-10,7.43,9.44,2.0
Twisters,Minions: The Rise of Gru,-9,9.45,10.91,1.46
Twisters,Miss Kobayashi's Dragon Maid: A lonely dragon wants to be loved,-9,9.45,11.2,1.75
Twisters,Miss Kobayashi's Dragon Maid: A lonely dragon wants to be loved,-8,10.16,10.95,0.79
Twisters,Miss Kobayashi's Dragon Maid: A lonely dragon wants to be loved,-7,10.56,8.26,2.3
Twisters,Missing (2023),-5,13.39,11.54,1.85
Twisters,Missing (2023),-4,18.04,16.11,1.93
Twisters,Missing (2023),-3,29.61,28.53,1.08
Twisters,Mission: Impossible - Dead Reckoning Part One,-21,6.27,7.99,1.72
Twisters,Mission: Impossible - Dead Reckoning Part One,-20,3.85,5.57,1.72
Twisters,Mission: Impossible - Dead Reckoning Part One,-19,4.92,6.3,1.38
Twisters,Mission: Impossible - Dead Reckoning Part One,-16,6.92,4.27,2.65
Twisters,Mission: Impossible - Dead Reckoning Part One,-15,4.71,4.59,0.12
Twisters,Mission: Impossible - Dead Reckoning Part One,-14,8.05,6.53,1.52
Twisters,Mission: Impossible - Dead Reckoning Part One,-13,5.29,5.52,0.23
Twisters,Mission: Impossible - Dead Reckoning Part One,-12,8.07,5.42,2.65
Twisters,Mission: Impossible - Dead Reckoning Part One,-11,8.39,6.31,2.08
Twisters,Mission: Impossible - Dead Reckoning Part One,-10,7.43,5.73,1.71
Twisters,Mission: Impossible - Dead Reckoning Part One,-9,9.45,6.91,2.54
Twisters,Mission: Impossible - Dead Reckoning Part One,-8,10.16,7.63,2.52
Twisters,Mission: Impossible - Dead Reckoning Part One,-7,10.56,8.63,1.93
Twisters,Mission: Impossible - The Final Reckoning,-16,6.92,6.76,0.16
Twisters,Mission: Impossible - The Final Reckoning,-15,4.71,6.56,1.86
Twisters,Mission: Impossible - The Final Reckoning,-14,8.05,6.21,1.84
Twisters,Mission: Impossible - The Final Reckoning,-13,5.29,6.53,1.25
Twisters,Mission: Impossible - The Final Reckoning,-12,8.07,6.31,1.76
Twisters,Mission: Impossible - The Final Reckoning,-11,8.39,7.2,1.19
Twisters,Mission: Impossible - The Final Reckoning,-10,7.43,6.59,0.85
Twisters,Mission: Impossible - The Final Reckoning,-9,9.45,8.38,1.07
Twisters,Mission: Impossible - The Final Reckoning,-8,10.16,8.39,1.77
Twisters,Mission: Impossible - The Final Reckoning,-7,10.56,8.56,2.0
Twisters,Mission: Impossible - The Final Reckoning IMAX Opening Day Fan Event,-21,6.27,7.9,1.63
Twisters,Mission: Impossible - The Final Reckoning IMAX Opening Day Fan Event,-20,3.85,5.81,1.96
Twisters,Mission: Impossible - The Final Reckoning IMAX Opening Day Fan Event,-19,4.92,5.2,0.28
Twisters,Moana (2016) - Disney100 Special Engagement,-26,3.28,2.73,0.55
Twisters,Moana (2016) - Disney100 Special Engagement,-22,3.84,3.99,0.14
Twisters,Moana (2016) - Disney100 Special Engagement,-20,3.85,3.57,0.28
Twisters,Moana (2016) - Disney100 Special Engagement,-19,4.92,4.92,0.0
Twisters,Moana 2,-18,7.6,9.76,2.16
Twisters,Moana 2,-17,10.03,9.5,0.53
Twisters,Moana 2,-16,6.92,9.89,2.97
Twisters,Moana 2,-14,8.05,7.86,0.2
Twisters,Moana 2,-13,5.29,7.96,2.67
Twisters,Moana 2,-12,8.07,8.42,0.35
Twisters,Moana 2,-11,8.39,8.37,0.02
Twisters,Moana 2,-10,7.43,8.79,1.36
Twisters,Moana 2,-9,9.45,10.46,1.01
Twisters,Moana 2,-8,10.16,10.7,0.54
Twisters,Moana 2,-7,10.56,10.49,0.07
Twisters,Mobile Suit Gundam GQuuuuuuX: Beginning,-12,8.07,7.94,0.14
Twisters,Mobile Suit Gundam GQuuuuuuX: Beginning,-11,8.39,10.21,1.81
Twisters,Mobile Suit Gundam GQuuuuuuX: Beginning,-10,7.43,9.05,1.62
Twisters,Mobile Suit Gundam GQuuuuuuX: Beginning,-9,9.45,9.98,0.53
Twisters,Mobile Suit Gundam GQuuuuuuX: Beginning: Early Access Screening,-11,8.39,7.03,1.36
Twisters,Mobile Suit Gundam GQuuuuuuX: Beginning: Early Access Screening,-10,7.43,7.61,0.18
Twisters,Mobile Suit Gundam GQuuuuuuX: Beginning: Early Access Screening,-9,9.45,6.94,2.51
Twisters,Mobile Suit Gundam GQuuuuuuX: Beginning: Early Access Screening,-8,10.16,7.86,2.29
Twisters,Mobile Suit Gundam GQuuuuuuX: Beginning: Early Access Screening,-7,10.56,8.06,2.5
Twisters,Mobile Suit Gundam Seed Freedom,-22,3.84,5.66,1.82
Twisters,Mobile Suit Gundam Seed Freedom,-21,6.27,6.25,0.03
Twisters,Mobile Suit Gundam Seed Freedom,-20,3.85,3.05,0.8
Twisters,Mobile Suit Gundam Seed Freedom,-19,4.92,2.93,1.99
Twisters,Mobile Suit Gundam Seed Freedom,-13,5.29,7.04,1.76
Twisters,Mobile Suit Gundam Seed Freedom,-12,8.07,6.24,1.84
Twisters,Mobile Suit Gundam Seed Freedom,-11,8.39,6.84,1.56
Twisters,Mobile Suit Gundam Seed Freedom,-10,7.43,5.96,1.47
Twisters,Monday Mystery Movie - Nov 10,-15,4.71,6.25,1.54
Twisters,Monday Mystery Movie - Nov 10,-12,8.07,10.44,2.37
Twisters,Monday Mystery Movie - Nov 10,-11,8.39,7.46,0.93
Twisters,Monday Mystery Movie - Nov 10,-10,7.43,6.48,0.95
Twisters,Monday Mystery Movie - Nov 10,-9,9.45,8.26,1.19
Twisters,Monkey Man,-15,4.71,5.72,1.02
Twisters,Monkey Man,-14,8.05,7.86,0.19
Twisters,Monkey Man,-13,5.29,6.84,1.55
Twisters,Monkey Man,-12,8.07,7.54,0.53
Twisters,Monkey Man,-11,8.39,6.59,1.8
Twisters,Monkey Man,-10,7.43,7.0,0.43
Twisters,Monkey Man,-9,9.45,8.92,0.53
Twisters,Monkey Man,-8,10.16,7.39,2.77
Twisters,Monkey Man,-3,29.61,27.73,1.88
Twisters,Monkey Man,-2,28.86,28.54,0.32
Twisters,Monkey Man,-1,76.33,76.33,0.01
Twisters,Monkey Man,1,87.68,86.04,1.64
Twisters,Monty Python and the Holy Grail 48½ Anniversary,-26,3.28,1.92,1.36
Twisters,Monty Python and the Holy Grail 48½ Anniversary,-25,3.41,4.1,0.69
Twisters,Monty Python and the Holy Grail 48½ Anniversary,-24,3.65,2.48,1.17
Twisters,Monty Python and the Holy Grail 48½ Anniversary,-23,2.57,2.55,0.02
Twisters,Monty Python and the Holy Grail 48½ Anniversary,-22,3.84,2.78,1.06
Twisters,Monty Python and the Holy Grail 50th Anniversary,-18,7.6,6.47,1.13
Twisters,Monty Python and the Holy Grail 50th Anniversary,-17,10.03,9.12,0.91
Twisters,Monty Python and the Holy Grail 50th Anniversary,-16,6.92,8.24,1.32
Twisters,Monty Python and the Holy Grail 50th Anniversary,-12,8.07,7.71,0.36
Twisters,Monty Python and the Holy Grail 50th Anniversary,-11,8.39,7.56,0.84
Twisters,Monty Python and the Holy Grail 50th Anniversary,-10,7.43,5.81,1.63
Twisters,Monty Python and the Holy Grail 50th Anniversary,-9,9.45,6.57,2.88
Twisters,Mother's Day Brunch Featuring Little Women (2019),-11,8.39,8.07,0.32
Twisters,Mother's Day Brunch Featuring Little Women (2019),-10,7.43,7.48,0.05
Twisters,Mother's Day Brunch Featuring Little Women (2019),-9,9.45,10.86,1.41
Twisters,Mother's Day Brunch Featuring Little Women (2019),-8,10.16,8.4,1.75
Twisters,Mother's Day Brunch Featuring Little Women (2019),-7,10.56,7.71,2.85
Twisters,Mother's Day Brunch Featuring The Fall Guy,-10,7.43,6.29,1.15
Twisters,Mother's Day Brunch Featuring The Fall Guy,-9,9.45,8.97,0.49
Twisters,Mother's Day Brunch Featuring The Fall Guy,-8,10.16,11.29,1.13
Twisters,Mother's Day Brunch featuring The Wizard of Oz (1939),-26,3.28,5.47,2.18
Twisters,Mother's Day Brunch featuring The Wizard of Oz (1939),-25,3.41,4.44,1.04
Twisters,Mother's Day Brunch featuring The Wizard of Oz (1939),-24,3.65,5.3,1.65
Twisters,Mother's Day Brunch featuring The Wizard of Oz (1939),-23,2.57,4.71,2.15
Twisters,MountainFilm Adventure Shorts presented by REI,-14,8.05,5.24,2.81
Twisters,MountainFilm Adventure Shorts presented by REI,-12,8.07,10.1,2.03
Twisters,MountainFilm Adventure Shorts presented by REI,-11,8.39,8.45,0.06
Twisters,Mr. Malcolm's List,-19,4.92,7.59,2.66
Twisters,Mr. Malcolm's List,-18,7.6,4.83,2.77
Twisters,Mr. Malcolm's List,-17,10.03,8.65,1.38
Twisters,Mufasa: The Lion King,-19,4.92,7.89,2.96
Twisters,Mufasa: The Lion King,-18,7.6,8.28,0.68
Twisters,Mufasa: The Lion King,-17,10.03,9.81,0.22
Twisters,Mufasa: The Lion King,-16,6.92,7.29,0.37
Twisters,Mufasa: The Lion King,-15,4.71,6.75,2.05
Twisters,Mufasa: The Lion King,-14,8.05,6.49,1.56
Twisters,Mufasa: The Lion King,-13,5.29,7.87,2.58
Twisters,Mufasa: The Lion King,-12,8.07,7.58,0.49
Twisters,Mufasa: The Lion King,-11,8.39,8.36,0.03
Twisters,Mufasa: The Lion King,-9,9.45,8.13,1.32
Twisters,Mufasa: The Lion King,-8,10.16,7.71,2.45
Twisters,Mufasa: The Lion King,-7,10.56,8.43,2.13
Twisters,Multiplied,-12,8.07,8.93,0.86
Twisters,Multiplied,-11,8.39,5.96,2.44
Twisters,Multiplied,-10,7.43,4.64,2.79
Twisters,My Animal,-12,8.07,9.7,1.63
Twisters,My Animal,-11,8.39,6.33,2.07
Twisters,My Animal,-10,7.43,6.85,0.58
Twisters,My Fair Lady 60th Anniversary,-8,10.16,10.56,0.4
Twisters,My Fair Lady 60th Anniversary,-7,10.56,10.87,0.3
Twisters,My Fair Lady 60th Anniversary,-6,16.3,16.9,0.6
Twisters,My Fair Lady 60th Anniversary,-5,13.39,15.45,2.06
Twisters,My Hero Academia: World Heroes' Mission,-21,6.27,6.77,0.49
Twisters,My Hero Academia: World Heroes' Mission,-20,3.85,6.26,2.41
Twisters,My Hero Academia: World Heroes' Mission,-19,4.92,6.52,1.6
Twisters,My Hero Academia: World Heroes' Mission,-18,7.6,5.58,2.02
Twisters,My Hero Academia: World Heroes' Mission,-16,6.92,5.64,1.28
Twisters,My Hero Academia: World Heroes' Mission,-15,4.71,5.37,0.66
Twisters,My Hero Academia: World Heroes' Mission,-14,8.05,5.93,2.13
Twisters,My Hero Academia: You're Next,-10,7.43,6.99,0.44
Twisters,My Hero Academia: You're Next,-9,9.45,11.51,2.06
Twisters,My Hero Academia: You're Next,-8,10.16,10.6,0.45
Twisters,My Hero Academia: You're Next,-7,10.56,11.06,0.5
Twisters,My Love Will Make You Disappear,-12,8.07,9.04,0.97
Twisters,My Love Will Make You Disappear,-11,8.39,9.7,1.31
Twisters,My Love Will Make You Disappear,-10,7.43,5.82,1.61
Twisters,My Love Will Make You Disappear,-9,9.45,8.17,1.29
Twisters,My Love Will Make You Disappear,-8,10.16,7.75,2.41
Twisters,My Love Will Make You Disappear,-7,10.56,8.35,2.21
Twisters,My Neighbor Totoro - Studio Ghibli Fest 2024,-26,3.28,2.1,1.18
Twisters,My Neighbor Totoro - Studio Ghibli Fest 2024,-25,3.41,2.12,1.29
Twisters,My Neighbor Totoro - Studio Ghibli Fest 2024,-24,3.65,1.13,2.52
Twisters,My Neighbor Totoro - Studio Ghibli Fest 2024,-23,2.57,1.63,0.93
Twisters,My Neighbor Totoro - Studio Ghibli Fest 2024,-22,3.84,1.67,2.18
Twisters,My Neighbor Totoro - Studio Ghibli Fest 2025,-20,3.85,3.81,0.04
Twisters,My Neighbor Totoro - Studio Ghibli Fest 2025,-19,4.92,3.49,1.43
Twisters,My Neighbor Totoro - Studio Ghibli Fest 2025,-18,7.6,5.68,1.92
Twisters,My Neighbor Totoro - Studio Ghibli Fest 2025,-13,5.29,5.31,0.03
Twisters,My Neighbor Totoro - Studio Ghibli Fest 2025,-12,8.07,6.92,1.15
Twisters,My Neighbor Totoro - Studio Ghibli Fest 2025,-11,8.39,5.52,2.87
Twisters,My Neighbor Totoro - Studio Ghibli Fest 2025,-10,7.43,5.61,1.83
Twisters,My Old Ass,-12,8.07,7.21,0.86
Twisters,My Old Ass,-11,8.39,6.07,2.32
Twisters,My Old Ass,-10,7.43,5.54,1.89
Twisters,My Old Ass,-9,9.45,12.25,2.79
Twisters,My Old Ass,-8,10.16,12.67,2.51
Twisters,My Old Ass: Early Access Screening,-9,9.45,9.84,0.39
Twisters,My Old Ass: Early Access Screening,-8,10.16,9.74,0.41
Twisters,My Old Ass: Early Access Screening,-7,10.56,13.04,2.48
Twisters,My Policeman,-15,4.71,7.62,2.91
Twisters,My Policeman,-14,8.05,8.12,0.07
Twisters,My Policeman,-13,5.29,5.49,0.2
Twisters,My Policeman,-12,8.07,5.93,2.15
Twisters,Mystery Machine (7/21/2025),-10,7.43,6.71,0.72
Twisters,Mystery Machine (7/21/2025),-9,9.45,7.93,1.52
Twisters,Mystery Machine (7/21/2025),-8,10.16,9.46,0.7
Twisters,Mystery Movie - Better Man,-8,10.16,12.0,1.84
Twisters,Mystery Movie - Better Man,-7,10.56,12.1,1.54
Twisters,Mystery Movie - Better Man,-6,16.3,14.61,1.69
Twisters,Mystery Movie - Christy,-16,6.92,5.89,1.03
Twisters,Mystery Movie - Christy,-15,4.71,4.48,0.23
Twisters,Mystery Movie - Christy,-14,8.05,6.76,1.29
Twisters,Mystery Movie - Christy,-9,9.45,11.81,2.36
Twisters,Mystery Movie - Christy,-8,10.16,9.84,0.31
Twisters,Mystery Movie - Christy,-7,10.56,10.94,0.38
Twisters,Mystery Movie - Dangerous Animals,-14,8.05,7.32,0.73
Twisters,Mystery Movie - Dangerous Animals,-13,5.29,7.27,1.99
Twisters,Mystery Movie - Dangerous Animals,-12,8.07,6.39,1.69
Twisters,Mystery Movie - Eden,-16,6.92,9.17,2.25
Twisters,Mystery Movie - Eden,-15,4.71,5.34,0.63
Twisters,Mystery Movie - Eden,-14,8.05,6.5,1.55
Twisters,Mystery Movie - Eden,-9,9.45,11.48,2.03
Twisters,Mystery Movie - Eden,-8,10.16,12.88,2.72
Twisters,Mystery Movie - Eden,-7,10.56,12.15,1.59
Twisters,Mystery Movie - Fight or Flight,-8,10.16,11.62,1.47
Twisters,Mystery Movie - Fight or Flight,-7,10.56,12.44,1.88
Twisters,Mystery Movie - Fight or Flight,-6,16.3,15.36,0.95
Twisters,Mystery Movie - Fight or Flight,-5,13.39,10.96,2.43
Twisters,Mystery Movie - Gladiator II,-8,10.16,11.14,0.99
Twisters,Mystery Movie - Gladiator II,-7,10.56,12.1,1.54
Twisters,Mystery Movie - Gladiator II,-6,16.3,17.02,0.72
Twisters,"Mystery Movie - Oh, Hi!",-8,10.16,11.92,1.76
Twisters,"Mystery Movie - Oh, Hi!",-7,10.56,11.0,0.44
Twisters,"Mystery Movie - Oh, Hi!",-6,16.3,15.88,0.43
Twisters,Mystery Movie - Relay,-26,3.28,3.15,0.13
Twisters,Mystery Movie - Relay,-25,3.41,4.43,1.02
Twisters,Mystery Movie - Relay,-24,3.65,3.01,0.64
Twisters,Mystery Movie - Relay,-23,2.57,1.42,1.15
Twisters,Mystery Movie - Relay,-22,3.84,2.31,1.53
Twisters,Mystery Movie - September 5,-17,10.03,12.1,2.07
Twisters,Mystery Movie - September 5,-16,6.92,8.0,1.08
Twisters,Mystery Movie - September 5,-15,4.71,5.36,0.65
Twisters,Mystery Movie - September 5,-14,8.05,8.4,0.34
Twisters,Mystery Movie - The Bikeriders,-10,7.43,10.02,2.58
Twisters,Mystery Movie - The Bikeriders,-9,9.45,7.64,1.81
Twisters,Mystery Movie - The Bikeriders,-8,10.16,7.16,2.99
Twisters,Mystery Movie - The Fire Inside,-9,9.45,9.05,0.4
Twisters,Mystery Movie - The Fire Inside,-8,10.16,8.57,1.59
Twisters,Mystery Movie - The Fire Inside,-7,10.56,11.43,0.87
Twisters,Mystery Movie - The Life of Chuck,-8,10.16,11.41,1.25
Twisters,Mystery Movie - The Life of Chuck,-7,10.56,10.83,0.27
Twisters,Mystery Movie - The Life of Chuck,-6,16.3,16.15,0.15
Twisters,NBC’s Paris Olympics Opening Ceremony in IMAX,-16,6.92,5.31,1.61
Twisters,NBC’s Paris Olympics Opening Ceremony in IMAX,-15,4.71,5.24,0.54
Twisters,NBC’s Paris Olympics Opening Ceremony in IMAX,-14,8.05,6.71,1.34
Twisters,NBC’s Paris Olympics Opening Ceremony in IMAX,-13,5.29,6.72,1.44
Twisters,NBC’s Paris Olympics Opening Ceremony in IMAX,-12,8.07,6.09,1.99
Twisters,NBC’s Paris Olympics Opening Ceremony in IMAX,-11,8.39,6.24,2.15
Twisters,NBC’s Paris Olympics Opening Ceremony in IMAX,-10,7.43,6.32,1.11
Twisters,NT Live: The Fifth Step,-35,3.59,3.26,0.34
Twisters,NT Live: The Fifth Step,-34,4.81,2.03,2.79
Twisters,NT Live: The Fifth Step,-33,5.35,2.87,2.48
Twisters,NT Live: The Fifth Step,-32,3.25,2.58,0.68
Twisters,NT Live: The Fifth Step,-31,3.13,2.93,0.2
Twisters,NT Live: The Fifth Step,-30,5.22,2.24,2.98
Twisters,NT Live: The Fifth Step,-26,3.28,3.64,0.36
Twisters,NT Live: The Fifth Step,-25,3.41,2.64,0.77
Twisters,NT Live: The Fifth Step,-24,3.65,2.4,1.25
Twisters,NT Live: The Fifth Step,-23,2.57,1.67,0.9
Twisters,NT Live: The Fifth Step,-22,3.84,2.47,1.38
Twisters,NT Live: The Fifth Step,-16,6.92,5.05,1.87
Twisters,NT Live: The Fifth Step,-15,4.71,2.34,2.37
Twisters,NT Live: The Fifth Step,-14,8.05,9.28,1.22
Twisters,NT Live: The Fifth Step,-13,5.29,4.53,0.75
Twisters,NT Live: The Importance of Being Earnest,-25,3.41,1.63,1.78
Twisters,NT Live: The Importance of Being Earnest,-23,2.57,3.2,0.63
Twisters,NT Live: The Importance of Being Earnest,-22,3.84,5.27,1.43
Twisters,NT Live: The Importance of Being Earnest,-15,4.71,5.92,1.22
Twisters,NT Live: The Importance of Being Earnest,-14,8.05,6.9,1.16
Twisters,NT Live: The Importance of Being Earnest,-13,5.29,4.68,0.6
Twisters,National Theater Live: Vanya,-26,3.28,3.15,0.13
Twisters,National Theater Live: Vanya,-25,3.41,4.23,0.82
Twisters,National Theater Live: Vanya,-24,3.65,3.2,0.45
Twisters,National Theater Live: Vanya,-22,3.84,5.38,1.53
Twisters,National Theater Live: Vanya,-21,6.27,4.44,1.83
Twisters,National Theater Live: Vanya,-20,3.85,5.71,1.86
Twisters,National Theater Live: Vanya,-19,4.92,7.41,2.48
Twisters,National Theater Live: Vanya,-18,7.6,5.52,2.08
Twisters,National Theater Live: Vanya,-16,6.92,7.73,0.81
Twisters,National Theater Live: Vanya,-15,4.71,3.82,0.88
Twisters,National Theater Live: Vanya,-14,8.05,6.25,1.8
Twisters,National Theater Live: Vanya,-13,5.29,4.46,0.82
Twisters,Nausicaa of the Valley of the Wind 40th Anniversary - Studio Ghibli Fest 2024,-26,3.28,4.09,0.81
Twisters,Nausicaa of the Valley of the Wind 40th Anniversary - Studio Ghibli Fest 2024,-25,3.41,1.58,1.82
Twisters,Nausicaa of the Valley of the Wind 40th Anniversary - Studio Ghibli Fest 2024,-24,3.65,4.69,1.04
Twisters,Nausicaa of the Valley of the Wind 40th Anniversary - Studio Ghibli Fest 2024,-23,2.57,3.76,1.19
Twisters,Nausicaa of the Valley of the Wind 40th Anniversary - Studio Ghibli Fest 2024,-22,3.84,4.55,0.7
Twisters,Nausicaa of the Valley of the Wind 40th Anniversary - Studio Ghibli Fest 2024,-21,6.27,3.62,2.65
Twisters,Nausicaa of the Valley of the Wind 40th Anniversary - Studio Ghibli Fest 2024,-16,6.92,7.07,0.15
Twisters,Nausicaa of the Valley of the Wind 40th Anniversary - Studio Ghibli Fest 2024,-15,4.71,5.15,0.44
Twisters,Nausicaa of the Valley of the Wind 40th Anniversary - Studio Ghibli Fest 2024,-14,8.05,5.15,2.9
Twisters,Nausicaa of the Valley of the Wind 40th Anniversary - Studio Ghibli Fest 2024,-13,5.29,6.06,0.77
Twisters,Ne Zha II,-6,16.3,14.98,1.32
Twisters,Ne Zha II,-5,13.39,15.43,2.04
Twisters,Ne Zha II,-4,18.04,17.02,1.02
Twisters,Ne Zha II,-3,29.61,27.65,1.96
Twisters,Ne Zha II: Early Access Screening,-14,8.05,9.97,1.91
Twisters,Ne Zha II: Early Access Screening,-13,5.29,5.17,0.11
Twisters,Ne Zha II: Early Access Screening,-12,8.07,9.16,1.09
Twisters,Ne Zha II: Early Access Screening,-11,8.39,8.72,0.33
Twisters,Ne Zha II: Early Access Screening,-10,7.43,8.96,1.52
Twisters,Ne Zha II: Early Access Screening,-9,9.45,11.89,2.44
Twisters,Ne Zha II: Early Access Screening,-8,10.16,9.66,0.49
Twisters,Ne Zha II: Early Access Screening,-7,10.56,8.99,1.58
Twisters,Neil Young: Coastal,-26,3.28,5.83,2.54
Twisters,Neil Young: Coastal,-25,3.41,3.34,0.06
Twisters,Neil Young: Coastal,-24,3.65,3.88,0.23
Twisters,Neil Young: Coastal,-23,2.57,2.66,0.09
Twisters,Neil Young: Coastal,-22,3.84,3.27,0.58
Twisters,Neil Young: Coastal,-20,3.85,3.93,0.08
Twisters,Neil Young: Coastal,-19,4.92,2.34,2.58
Twisters,Neil Young: Coastal,-18,7.6,6.51,1.09
Twisters,Nickel Boys In-Person Q&A w/ Director RaMell Ross,-16,6.92,4.49,2.43
Twisters,Nickel Boys In-Person Q&A w/ Director RaMell Ross,-15,4.71,3.94,0.76
Twisters,Nickel Boys In-Person Q&A w/ Director RaMell Ross,-13,5.29,5.45,0.17
Twisters,No Address,-22,3.84,4.39,0.55
Twisters,No Address,-21,6.27,3.62,2.66
Twisters,No Address,-20,3.85,2.97,0.88
Twisters,No Time To Die: Early Access Screenings,-10,7.43,10.38,2.95
Twisters,No Time To Die: Early Access Screenings,-9,9.45,11.46,2.01
Twisters,No Time To Die: Early Access Screenings,-8,10.16,10.33,0.18
Twisters,Nobody 2,-19,4.92,7.86,2.94
Twisters,Nobody 2,-18,7.6,7.41,0.19
Twisters,Nobody 2,-17,10.03,7.89,2.14
Twisters,Nobody 2,-16,6.92,7.16,0.24
Twisters,Nobody 2,-15,4.71,6.78,2.08
Twisters,Nobody 2,-14,8.05,8.3,0.25
Twisters,Nobody 2,-13,5.29,6.52,1.24
Twisters,Nobody 2,-12,8.07,10.26,2.19
Twisters,Nobody 2,-11,8.39,7.88,0.51
Twisters,Nobody 2,-10,7.43,8.57,1.14
Twisters,Nobody 2,-9,9.45,8.25,1.2
Twisters,Nobody 2,-8,10.16,8.43,1.72
Twisters,Nobody 2,-7,10.56,7.99,2.57
Twisters,Nope,-38,6.71,8.69,1.98
Twisters,Nope,-37,4.33,5.59,1.26
Twisters,Nope,-36,5.6,2.9,2.7
Twisters,Nope,-35,3.59,3.46,0.13
Twisters,Nope,-34,4.81,3.65,1.16
Twisters,Nope,-33,5.35,3.12,2.24
Twisters,Nope,-32,3.25,3.14,0.12
Twisters,Nope,-31,3.13,3.45,0.32
Twisters,Nope,-26,3.28,2.83,0.45
Twisters,Nope,-25,3.41,3.49,0.08
Twisters,Nope,-24,3.65,3.42,0.23
Twisters,Nope,-16,6.92,4.74,2.18
Twisters,Nope,-15,4.71,4.78,0.08
Twisters,Nope,-14,8.05,5.46,2.59
Twisters,Nope,-13,5.29,5.83,0.54
Twisters,Nope,-12,8.07,5.53,2.54
Twisters,Nope,-11,8.39,5.95,2.44
Twisters,Nope,-10,7.43,7.69,0.26
Twisters,North By Northwest 65th Anniversary,-26,3.28,3.98,0.69
Twisters,North By Northwest 65th Anniversary,-25,3.41,2.89,0.52
Twisters,North By Northwest 65th Anniversary,-24,3.65,5.61,1.96
Twisters,North By Northwest 65th Anniversary,-23,2.57,3.33,0.76
Twisters,North By Northwest 65th Anniversary,-22,3.84,4.26,0.41
Twisters,North By Northwest 65th Anniversary,-21,6.27,3.86,2.41
Twisters,North By Northwest 65th Anniversary,-20,3.85,4.08,0.23
Twisters,North By Northwest 65th Anniversary,-17,10.03,8.07,1.96
Twisters,North By Northwest 65th Anniversary,-16,6.92,8.04,1.12
Twisters,North By Northwest 65th Anniversary,-15,4.71,6.5,1.79
Twisters,North By Northwest 65th Anniversary,-14,8.05,5.29,2.77
Twisters,North By Northwest 65th Anniversary,-13,5.29,7.12,1.83
Twisters,North By Northwest 65th Anniversary,-12,8.07,6.26,1.81
Twisters,North By Northwest 65th Anniversary,-11,8.39,7.87,0.52
Twisters,North By Northwest 65th Anniversary,-10,7.43,5.55,1.89
Twisters,Nosferatu,-18,7.6,9.12,1.52
Twisters,Nosferatu,-17,10.03,8.47,1.56
Twisters,Nosferatu,-16,6.92,8.84,1.92
Twisters,Nosferatu,-14,8.05,8.86,0.8
Twisters,Nosferatu,-13,5.29,8.23,2.94
Twisters,Nosferatu,-12,8.07,8.49,0.41
Twisters,Nosferatu,-11,8.39,9.66,1.27
Twisters,Nosferatu,-10,7.43,10.28,2.84
Twisters,Nosferatu,-9,9.45,10.55,1.1
Twisters,Nosferatu,-8,10.16,10.38,0.23
Twisters,Nosferatu,-7,10.56,13.34,2.78
Twisters,Nosferatu,-6,16.3,13.42,2.89
Twisters,Nosferatu,-5,13.39,13.79,0.4
Twisters,Nosferatu,-4,18.04,15.98,2.07
Twisters,Nothing But A Winner,-23,2.57,4.13,1.57
Twisters,Nothing But A Winner,-22,3.84,4.82,0.98
Twisters,Nothing But A Winner,-21,6.27,8.59,2.32
Twisters,Nothing But A Winner,-20,3.85,5.29,1.44
Twisters,Nothing But A Winner,-19,4.92,6.81,1.88
Twisters,Nothing But A Winner,-18,7.6,5.75,1.84
Twisters,Nothing But A Winner,-16,6.92,5.61,1.31
Twisters,Nothing But A Winner,-15,4.71,5.93,1.22
Twisters,Nothing But A Winner,-14,8.05,10.46,2.41
Twisters,Notice to Quit,-13,5.29,5.55,0.26
Twisters,Notice to Quit,-10,7.43,8.96,1.52
Twisters,Notice to Quit,-9,9.45,8.06,1.39
Twisters,Novocaine,-14,8.05,7.55,0.51
Twisters,Novocaine,-13,5.29,6.39,1.1
Twisters,Novocaine,-12,8.07,5.49,2.58
Twisters,Novocaine,-11,8.39,6.28,2.11
Twisters,Novocaine,-10,7.43,6.33,1.11
Twisters,Novocaine,-9,9.45,8.61,0.84
Twisters,Now You See Me: Now You Don't,-7,10.56,13.24,2.68
Twisters,Now You See Me: Now You Don't,-6,16.3,13.95,2.35
Twisters,Now You See Me: Now You Don't,-5,13.39,13.12,0.27
Twisters,Off School Property,-21,6.27,5.78,0.49
Twisters,Off School Property,-20,3.85,4.43,0.58
Twisters,Off School Property,-19,4.92,5.17,0.24
Twisters,"Oh, Canada - In Person Q&A with Paul Schrader & Michael Imperioli",-19,4.92,5.21,0.29
Twisters,"Oh, Canada - In Person Q&A with Paul Schrader & Michael Imperioli",-17,10.03,11.76,1.74
Twisters,"Oh, Canada - In Person Q&A with Paul Schrader & Michael Imperioli",-16,6.92,7.89,0.97
Twisters,Oldboy (Re-Release),-36,5.6,3.29,2.31
Twisters,Oldboy (Re-Release),-35,3.59,5.97,2.37
Twisters,Oldboy (Re-Release),-33,5.35,4.09,1.27
Twisters,Oldboy (Re-Release),-26,3.28,1.84,1.44
Twisters,Oldboy (Re-Release),-25,3.41,3.03,0.38
Twisters,Oldboy (Re-Release),-24,3.65,1.36,2.29
Twisters,Oldboy (Re-Release),-13,5.29,6.14,0.86
Twisters,Oldboy (Re-Release),-12,8.07,6.76,1.32
Twisters,Oldboy (Re-Release),-11,8.39,7.03,1.36
Twisters,Oldboy (Re-Release),-10,7.43,4.99,2.44
Twisters,Omar and Cedric: If This Ever Gets Weird,-14,8.05,7.72,0.34
Twisters,Omar and Cedric: If This Ever Gets Weird,-13,5.29,7.59,2.31
Twisters,Omar and Cedric: If This Ever Gets Weird,-12,8.07,9.27,1.19
Twisters,Omar and Cedric: If This Ever Gets Weird,-11,8.39,6.67,1.72
Twisters,On Swift Horses,-14,8.05,5.97,2.08
Twisters,On Swift Horses,-13,5.29,7.62,2.33
Twisters,On Swift Horses,-12,8.07,10.21,2.14
Twisters,On Swift Horses,-11,8.39,7.89,0.5
Twisters,On Swift Horses,-10,7.43,6.63,0.8
Twisters,On Swift Horses,-8,10.16,8.32,1.83
Twisters,On Swift Horses,-7,10.56,9.72,0.84
Twisters,On Swift Horses,-6,16.3,17.53,1.22
Twisters,On Swift Horses,-5,13.39,13.67,0.28
Twisters,One Battle After Another,-12,8.07,7.65,0.42
Twisters,One Battle After Another,-11,8.39,10.47,2.08
Twisters,One Battle After Another,-10,7.43,8.83,1.4
Twisters,One Battle After Another,-9,9.45,8.8,0.65
Twisters,One Flew Over the Cuckoo's Nest 50th Anniversary,-26,3.28,4.92,1.64
Twisters,One Flew Over the Cuckoo's Nest 50th Anniversary,-25,3.41,1.99,1.41
Twisters,One Flew Over the Cuckoo's Nest 50th Anniversary,-24,3.65,2.44,1.21
Twisters,One Flew Over the Cuckoo's Nest 50th Anniversary,-23,2.57,2.7,0.14
Twisters,One Flew Over the Cuckoo's Nest 50th Anniversary,-22,3.84,2.18,1.67
Twisters,One Piece Film: Red,-21,6.27,6.41,0.14
Twisters,One Piece Film: Red,-20,3.85,4.98,1.13
Twisters,One Piece Film: Red,-19,4.92,4.71,0.21
Twisters,One to One: John & Yoko – Special IMAX Screening & Q&A with Kevin Macdonald,-18,7.6,4.8,2.8
Twisters,One to One: John & Yoko – Special IMAX Screening & Q&A with Kevin Macdonald,-16,6.92,5.22,1.7
Twisters,One to One: John & Yoko – Special IMAX Screening & Q&A with Kevin Macdonald,-15,4.71,4.26,0.45
Twisters,Oppenheimer,-38,6.71,4.23,2.48
Twisters,Oppenheimer,-37,4.33,5.07,0.74
Twisters,Oppenheimer,-36,5.6,3.78,1.82
Twisters,Oppenheimer,-35,3.59,3.11,0.49
Twisters,Oppenheimer,-34,4.81,2.57,2.25
Twisters,Oppenheimer,-33,5.35,2.73,2.62
Twisters,Oppenheimer,-32,3.25,2.87,0.39
Twisters,Oppenheimer,-31,3.13,2.68,0.45
Twisters,Oppenheimer,-30,5.22,4.46,0.76
Twisters,Oppenheimer,-29,5.65,6.32,0.66
Twisters,Oppenheimer,-28,3.35,4.32,0.97
Twisters,Oppenheimer,-26,3.28,3.24,0.05
Twisters,Oppenheimer,-25,3.41,3.07,0.33
Twisters,Oppenheimer,-24,3.65,3.95,0.3
Twisters,Oppenheimer,-23,2.57,4.11,1.55
Twisters,Oppenheimer,-22,3.84,3.84,0.01
Twisters,Oppenheimer,-21,6.27,4.33,1.94
Twisters,Oppenheimer,-20,3.85,4.47,0.62
Twisters,Oppenheimer,-19,4.92,4.49,0.44
Twisters,Oppenheimer,-16,6.92,5.12,1.8
Twisters,Oppenheimer,-15,4.71,6.15,1.44
Twisters,Oppenheimer,-14,8.05,7.1,0.95
Twisters,Oppenheimer,-13,5.29,7.8,2.51
Twisters,Oppenheimer,-12,8.07,7.89,0.18
Twisters,Oppenheimer,-11,8.39,8.91,0.52
Twisters,Oppenheimer,-10,7.43,6.98,0.46
Twisters,Oppenheimer,-9,9.45,8.25,1.2
Twisters,Oppenheimer,-8,10.16,9.59,0.56
Twisters,Oppenheimer,-7,10.56,10.85,0.29
Twisters,Opus,-12,8.07,8.53,0.45
Twisters,Opus,-11,8.39,6.72,1.68
Twisters,Opus,-10,7.43,9.72,2.29
Twisters,Opus,-9,9.45,9.9,0.45
Twisters,Opus,-8,10.16,10.21,0.06
Twisters,Opus,-7,10.56,11.15,0.59
Twisters,Opus,-6,16.3,14.38,1.92
Twisters,Oracles of God: The Story of the New Testament,-19,4.92,6.28,1.36
Twisters,Oracles of God: The Story of the New Testament,-18,7.6,10.23,2.63
Twisters,Oracles of God: The Story of the New Testament,-17,10.03,12.79,2.76
Twisters,Oracles of God: The Story of the New Testament,-13,5.29,6.1,0.81
Twisters,Oracles of God: The Story of the New Testament,-12,8.07,9.46,1.38
Twisters,Oracles of God: The Story of the New Testament,-11,8.39,9.26,0.87
Twisters,Ordinary Angels,-23,2.57,0.43,2.14
Twisters,Ordinary Angels,-22,3.84,3.86,0.02
Twisters,Ordinary Angels,-21,6.27,3.61,2.67
Twisters,Ordinary Angels,-20,3.85,6.1,2.25
Twisters,Ordinary Angels,-19,4.92,3.68,1.25
Twisters,Ordinary Angels,-16,6.92,5.74,1.18
Twisters,Ordinary Angels,-15,4.71,3.71,1.0
Twisters,Ordinary Angels,-14,8.05,5.57,2.48
Twisters,Ordinary Angels,-13,5.29,5.63,0.35
Twisters,Ordinary Angels: With Bonus Content,-24,3.65,2.01,1.64
Twisters,Ordinary Angels: With Bonus Content,-22,3.84,5.96,2.12
Twisters,Ordinary Angels: With Bonus Content,-21,6.27,7.6,1.32
Twisters,Ordinary Angels: With Bonus Content,-20,3.85,5.67,1.82
Twisters,Ordinary Angels: With Bonus Content,-19,4.92,5.49,0.57
Twisters,Ordinary Angels: With Bonus Content,-14,8.05,7.74,0.31
Twisters,Ordinary Angels: With Bonus Content,-13,5.29,6.51,1.22
Twisters,Ordinary Angels: With Bonus Content,-12,8.07,6.52,1.56
Twisters,Origin (2024),-26,3.28,3.33,0.05
Twisters,Origin (2024),-25,3.41,3.84,0.44
Twisters,Origin (2024),-24,3.65,4.12,0.47
Twisters,Origin (2024),-19,4.92,5.51,0.59
Twisters,Origin (2024),-18,7.6,9.79,2.19
Twisters,Origin (2024),-17,10.03,11.84,1.81
Twisters,Origin (2024),-16,6.92,8.84,1.92
Twisters,Overlord: The Sacred Kingdom,-9,9.45,9.09,0.36
Twisters,Overlord: The Sacred Kingdom,-8,10.16,7.78,2.37
Twisters,Overlord: The Sacred Kingdom,-7,10.56,13.29,2.73
Twisters,Paddington in Peru,-6,16.3,16.55,0.25
Twisters,Paddington in Peru,-5,13.39,15.71,2.32
Twisters,Paddington in Peru,-4,18.04,17.92,0.13
Twisters,Paddington in Peru,-3,29.61,28.01,1.6
Twisters,Paint,-16,6.92,4.59,2.33
Twisters,Paint,-15,4.71,4.89,0.18
Twisters,Paint,-14,8.05,5.91,2.14
Twisters,Paranorman Re-Release,-22,3.84,4.65,0.8
Twisters,Paranorman Re-Release,-21,6.27,3.79,2.48
Twisters,Paranorman Re-Release,-20,3.85,4.19,0.34
Twisters,Paranorman Re-Release,-19,4.92,4.65,0.27
Twisters,Paris Olympics on NBC at AMC Theatres,-37,4.33,6.14,1.81
Twisters,Paris Olympics on NBC at AMC Theatres,-29,5.65,7.57,1.92
Twisters,Paris Olympics on NBC at AMC Theatres,-21,6.27,4.59,1.68
Twisters,Patterns of Evidence: The Israel Dilemma - Ancient Prophecies,-13,5.29,3.12,2.17
Twisters,Patterns of Evidence: The Israel Dilemma - Ancient Prophecies,-12,8.07,5.83,2.25
Twisters,Patterns of Evidence: The Israel Dilemma - Ancient Prophecies,-11,8.39,11.38,2.99
Twisters,Patterns of Evidence: The Israel Dilemma - Ancient Prophecies,-10,7.43,6.16,1.27
Twisters,Patterns of Evidence: The Israel Dilemma - Ancient Prophecies,-9,9.45,9.49,0.04
Twisters,Paul McCartney and Wings - One Hand Clapping,-32,3.25,5.32,2.06
Twisters,Paul McCartney and Wings - One Hand Clapping,-31,3.13,3.45,0.33
Twisters,Paul McCartney and Wings - One Hand Clapping,-30,5.22,2.57,2.65
Twisters,Paul McCartney and Wings - One Hand Clapping,-29,5.65,3.56,2.09
Twisters,Paul McCartney and Wings - One Hand Clapping,-28,3.35,2.35,1.0
Twisters,Paul McCartney and Wings - One Hand Clapping,-26,3.28,3.73,0.45
Twisters,Paul McCartney and Wings - One Hand Clapping,-25,3.41,2.79,0.62
Twisters,Paul McCartney and Wings - One Hand Clapping,-24,3.65,2.74,0.91
Twisters,Paul McCartney and Wings - One Hand Clapping,-23,2.57,3.27,0.7
Twisters,Paul McCartney and Wings - One Hand Clapping,-22,3.84,1.91,1.93
Twisters,Paws of Fury: The Legend of Hank,-8,10.16,12.44,2.28
Twisters,Paws of Fury: The Legend of Hank,-7,10.56,11.61,1.05
Twisters,Paws of Fury: The Legend of Hank,-6,16.3,15.15,1.15
Twisters,Paws of Fury: The Legend of Hank,-5,13.39,14.42,1.03
Twisters,Peppa Meets the Baby Cinema Experience,-24,3.65,4.0,0.35
Twisters,Peppa Meets the Baby Cinema Experience,-23,2.57,3.01,0.44
Twisters,Peppa Meets the Baby Cinema Experience,-22,3.84,2.62,1.22
Twisters,Peppa Meets the Baby Cinema Experience,-20,3.85,4.87,1.02
Twisters,Peppa Meets the Baby Cinema Experience,-19,4.92,4.66,0.27
Twisters,Peppa Meets the Baby Cinema Experience,-18,7.6,4.91,2.69
Twisters,Peppa's Cinema Party,-14,8.05,7.22,0.83
Twisters,Peppa's Cinema Party,-13,5.29,6.73,1.45
Twisters,Peppa's Cinema Party,-12,8.07,7.89,0.18
Twisters,Peppa's Cinema Party,-11,8.39,6.33,2.07
Twisters,Peppa's Cinema Party,-10,7.43,5.67,1.76
Twisters,Perfect Blue Remastered,-11,8.39,11.16,2.76
Twisters,Perfect Blue Remastered,-10,7.43,7.55,0.12
Twisters,Perfect Blue Remastered,-9,9.45,11.66,2.2
Twisters,Perfect Blue Remastered,-8,10.16,9.52,0.64
Twisters,Perfect Blue Remastered,-7,10.56,7.62,2.94
Twisters,Peter Pan's Neverland Nightmare,-18,7.6,6.28,1.32
Twisters,Peter Pan's Neverland Nightmare,-17,10.03,9.27,0.76
Twisters,Peter Pan's Neverland Nightmare,-16,6.92,9.11,2.19
Twisters,Piece by Piece,-5,13.39,13.36,0.02
Twisters,Piece by Piece,-4,18.04,20.58,2.54
Twisters,Piece by Piece,-3,29.61,32.33,2.72
Twisters,Pink Floyd at Pompeii - MCMLXXII,-37,4.33,3.21,1.12
Twisters,Pink Floyd at Pompeii - MCMLXXII,-36,5.6,2.86,2.74
Twisters,Pink Floyd at Pompeii - MCMLXXII,-35,3.59,3.36,0.24
Twisters,Pink Floyd at Pompeii - MCMLXXII,-34,4.81,3.5,1.32
Twisters,Pink Floyd at Pompeii - MCMLXXII,-33,5.35,3.28,2.08
Twisters,Pink Floyd at Pompeii - MCMLXXII,-32,3.25,2.62,0.64
Twisters,Pink Floyd at Pompeii - MCMLXXII,-31,3.13,2.25,0.87
Twisters,Pink Floyd at Pompeii - MCMLXXII,-26,3.28,2.0,1.28
Twisters,Pink Floyd at Pompeii - MCMLXXII,-25,3.41,2.16,1.25
Twisters,Pink Floyd at Pompeii - MCMLXXII,-24,3.65,2.1,1.55
Twisters,Pink Floyd at Pompeii - MCMLXXII,-23,2.57,1.72,0.85
Twisters,Pink Floyd at Pompeii - MCMLXXII,-22,3.84,2.09,1.76
Twisters,Polite Society,-10,7.43,9.6,2.16
Twisters,Polite Society,-9,9.45,10.51,1.06
Twisters,Polite Society,-8,10.16,11.68,1.52
Twisters,Polite Society,-7,10.56,12.02,1.46
Twisters,Polite Society,-6,16.3,14.25,2.05
Twisters,Polite Society,-5,13.39,15.17,1.78
Twisters,Pom Poko 30th Anniversary - Studio Ghibli Fest 2024,-28,3.35,1.8,1.55
Twisters,Pom Poko 30th Anniversary - Studio Ghibli Fest 2024,-27,7.93,7.18,0.75
Twisters,Pom Poko 30th Anniversary - Studio Ghibli Fest 2024,-26,3.28,5.57,2.29
Twisters,Pom Poko 30th Anniversary - Studio Ghibli Fest 2024,-25,3.41,4.0,0.6
Twisters,Pom Poko 30th Anniversary - Studio Ghibli Fest 2024,-24,3.65,3.54,0.11
Twisters,Pom Poko 30th Anniversary - Studio Ghibli Fest 2024,-23,2.57,1.92,0.65
Twisters,Pom Poko 30th Anniversary - Studio Ghibli Fest 2024,-22,3.84,3.92,0.07
Twisters,Ponyo - Studio Ghibli Fest 2024,-25,3.41,3.47,0.07
Twisters,Ponyo - Studio Ghibli Fest 2024,-24,3.65,2.55,1.1
Twisters,Ponyo - Studio Ghibli Fest 2024,-23,2.57,5.01,2.44
Twisters,Ponyo - Studio Ghibli Fest 2024,-22,3.84,2.25,1.59
Twisters,Ponyo - Studio Ghibli Fest 2024,-21,6.27,4.21,2.06
Twisters,Ponyo - Studio Ghibli Fest 2024,-20,3.85,5.09,1.24
Twisters,Ponyo - Studio Ghibli Fest 2024,-19,4.92,4.62,0.3
Twisters,Ponyo - Studio Ghibli Fest 2024,-15,4.71,4.46,0.25
Twisters,Ponyo - Studio Ghibli Fest 2024,-14,8.05,5.43,2.62
Twisters,Ponyo - Studio Ghibli Fest 2024,-13,5.29,5.35,0.06
Twisters,Ponyo - Studio Ghibli Fest 2025,-35,3.59,2.48,1.11
Twisters,Ponyo - Studio Ghibli Fest 2025,-34,4.81,3.24,1.57
Twisters,Ponyo - Studio Ghibli Fest 2025,-33,5.35,4.29,1.06
Twisters,Ponyo - Studio Ghibli Fest 2025,-32,3.25,4.17,0.91
Twisters,Ponyo - Studio Ghibli Fest 2025,-31,3.13,2.95,0.18
Twisters,Ponyo - Studio Ghibli Fest 2025,-30,5.22,4.91,0.3
Twisters,Ponyo - Studio Ghibli Fest 2025,-29,5.65,4.11,1.54
Twisters,Ponyo - Studio Ghibli Fest 2025,-28,3.35,3.74,0.39
Twisters,Ponyo - Studio Ghibli Fest 2025,-25,3.41,4.15,0.74
Twisters,Ponyo - Studio Ghibli Fest 2025,-24,3.65,4.82,1.17
Twisters,Ponyo - Studio Ghibli Fest 2025,-23,2.57,3.57,1.0
Twisters,Ponyo - Studio Ghibli Fest 2025,-22,3.84,3.14,0.7
Twisters,Ponyo - Studio Ghibli Fest 2025,-21,6.27,4.03,2.24
Twisters,Ponyo - Studio Ghibli Fest 2025,-20,3.85,4.33,0.48
Twisters,Ponyo - Studio Ghibli Fest 2025,-10,7.43,5.8,1.64
Twisters,Ponyo - Studio Ghibli Fest 2025,-9,9.45,9.04,0.41
Twisters,Ponyo - Studio Ghibli Fest 2025,-8,10.16,7.98,2.17
Twisters,Ponyo - Studio Ghibli Fest 2025,-7,10.56,10.67,0.11
Twisters,Poor Things,-14,8.05,5.46,2.59
Twisters,Poor Things,-13,5.29,5.14,0.15
Twisters,Poor Things,-12,8.07,7.55,0.52
Twisters,Poor Things,-11,8.39,7.91,0.48
Twisters,Predator: Badlands,-16,6.92,5.95,0.97
Twisters,Predator: Badlands,-15,4.71,7.68,2.97
Twisters,Predator: Badlands,-14,8.05,7.07,0.98
Twisters,Predator: Badlands,-13,5.29,7.4,2.11
Twisters,Predator: Badlands,-12,8.07,7.77,0.31
Twisters,Predator: Badlands,-11,8.39,7.92,0.47
Twisters,Predator: Badlands,-10,7.43,9.81,2.38
Twisters,Predator: Badlands,-9,9.45,8.37,1.08
Twisters,Predator: Badlands,-8,10.16,10.24,0.08
Twisters,Predator: Badlands,-7,10.56,8.99,1.57
Twisters,Predator: Badlands IMAX Opening Night Fan Event,-16,6.92,6.02,0.9
Twisters,Predator: Badlands IMAX Opening Night Fan Event,-15,4.71,4.93,0.22
Twisters,Predator: Badlands IMAX Opening Night Fan Event,-14,8.05,6.64,1.41
Twisters,Predator: Badlands IMAX Opening Night Fan Event,-13,5.29,3.44,1.84
Twisters,Predator: Badlands: Early Access Screening,-18,7.6,8.72,1.13
Twisters,Predator: Badlands: Early Access Screening,-17,10.03,7.09,2.94
Twisters,Predator: Badlands: Early Access Screening,-16,6.92,5.33,1.59
Twisters,Predator: Badlands: Early Access Screening,-15,4.71,5.98,1.27
Twisters,Predator: Badlands: Early Access Screening,-14,8.05,6.95,1.11
Twisters,Predator: Badlands: Early Access Screening,-13,5.29,7.21,1.93
Twisters,Predator: Badlands: Early Access Screening,-12,8.07,6.48,1.59
Twisters,Predator: Badlands: Early Access Screening,-11,8.39,6.55,1.85
Twisters,Predator: Badlands: Early Access Screening,-10,7.43,4.62,2.81
Twisters,Pride & Prejudice 20th Anniversary Re-release,-27,7.93,6.55,1.38
Twisters,Pride & Prejudice 20th Anniversary Re-release,-26,3.28,4.93,1.65
Twisters,Pride & Prejudice 20th Anniversary Re-release,-25,3.41,5.84,2.44
Twisters,Pride & Prejudice 20th Anniversary Re-release,-24,3.65,4.68,1.03
Twisters,Pride & Prejudice 20th Anniversary Re-release,-23,2.57,4.65,2.08
Twisters,Pride & Prejudice 20th Anniversary Re-release,-22,3.84,4.99,1.14
Twisters,Pride & Prejudice 20th Anniversary Re-release,-21,6.27,4.71,1.56
Twisters,Primitive War,-21,6.27,7.25,0.98
Twisters,Primitive War,-20,3.85,5.86,2.01
Twisters,Primitive War,-19,4.92,7.01,2.08
Twisters,Primitive War,-18,7.6,6.48,1.12
Twisters,Princess Mononoke - Studio Ghibli Fest 2024,-22,3.84,5.4,1.55
Twisters,Princess Mononoke - Studio Ghibli Fest 2024,-21,6.27,5.19,1.08
Twisters,Princess Mononoke - Studio Ghibli Fest 2024,-20,3.85,5.14,1.29
Twisters,Princess Mononoke - Studio Ghibli Fest 2024,-19,4.92,5.34,0.42
Twisters,Princess Mononoke - Studio Ghibli Fest 2024,-16,6.92,5.76,1.16
Twisters,Princess Mononoke - Studio Ghibli Fest 2024,-15,4.71,4.86,0.15
Twisters,Princess Mononoke - Studio Ghibli Fest 2024,-14,8.05,5.45,2.6
Twisters,Princess Mononoke - Studio Ghibli Fest 2024,-13,5.29,5.96,0.67
Twisters,Princess Mononoke - Studio Ghibli Fest 2024,-12,8.07,5.62,2.45
Twisters,Princess Mononoke - Studio Ghibli Fest 2024,-11,8.39,7.05,1.34
Twisters,Princess Mononoke - Studio Ghibli Fest 2024,-10,7.43,7.53,0.09
Twisters,Princess Mononoke - Studio Ghibli Fest 2024,-9,9.45,6.48,2.97
Twisters,Priscilla,-8,10.16,12.04,1.89
Twisters,Priscilla,-7,10.56,13.16,2.6
Twisters,Priscilla,-6,16.3,17.15,0.85
Twisters,Problemista,-13,5.29,3.27,2.01
Twisters,Problemista,-12,8.07,8.31,0.24
Twisters,Problemista,-11,8.39,9.27,0.87
Twisters,Psycho-Pass Providence: Early Access Screening,-12,8.07,8.33,0.26
Twisters,Psycho-Pass Providence: Early Access Screening,-11,8.39,6.13,2.26
Twisters,Psycho-Pass Providence: Early Access Screening,-10,7.43,5.91,1.53
Twisters,Pushpa: The Rule - Part 2,-22,3.84,4.49,0.64
Twisters,Pushpa: The Rule - Part 2,-21,6.27,6.08,0.19
Twisters,Pushpa: The Rule - Part 2,-20,3.85,5.06,1.21
Twisters,Pushpa: The Rule - Part 2,-19,4.92,4.61,0.31
Twisters,Pushpa: The Rule - Part 2,-18,7.6,8.96,1.36
Twisters,Pushpa: The Rule - Part 2,-14,8.05,8.83,0.78
Twisters,Pushpa: The Rule - Part 2,-13,5.29,6.47,1.18
Twisters,Pushpa: The Rule - Part 2,-12,8.07,5.39,2.68
Twisters,Puss In Boots: The Last Wish,-29,5.65,2.97,2.68
Twisters,Puss In Boots: The Last Wish,-28,3.35,3.14,0.21
Twisters,Puss In Boots: The Last Wish,-27,7.93,9.86,1.94
Twisters,Puss In Boots: The Last Wish,-26,3.28,5.13,1.85
Twisters,Puss In Boots: The Last Wish,-22,3.84,6.79,2.95
Twisters,Puss In Boots: The Last Wish,-21,6.27,8.66,2.39
Twisters,Puss In Boots: The Last Wish,-20,3.85,3.24,0.61
Twisters,Puss In Boots: The Last Wish,-19,4.92,3.46,1.46
Twisters,Puss In Boots: The Last Wish,-18,7.6,5.35,2.25
Twisters,Puss In Boots: The Last Wish,-14,8.05,5.27,2.79
Twisters,Puss In Boots: The Last Wish,-13,5.29,7.56,2.27
Twisters,Puss In Boots: The Last Wish,-12,8.07,7.57,0.51
Twisters,Puss In Boots: The Last Wish,-11,8.39,6.26,2.13
Twisters,Puss In Boots: The Last Wish,-10,7.43,7.83,0.39
Twisters,Puss In Boots: The Last Wish,-9,9.45,7.85,1.6
Twisters,Puss In Boots: The Last Wish,-8,10.16,12.61,2.46
Twisters,Queen Rock Montreal,-26,3.28,1.29,1.99
Twisters,Queen Rock Montreal,-25,3.41,1.06,2.35
Twisters,Queen Rock Montreal,-24,3.65,1.04,2.61
Twisters,Queen Rock Montreal,-23,2.57,4.35,1.78
Twisters,Queen Rock Montreal,-22,3.84,1.08,2.76
Twisters,"RM: Right People, Wrong Place",-23,2.57,3.4,0.83
Twisters,"RM: Right People, Wrong Place",-22,3.84,3.4,0.44
Twisters,"RM: Right People, Wrong Place",-21,6.27,6.18,0.1
Twisters,"RM: Right People, Wrong Place",-20,3.85,3.0,0.85
Twisters,"RM: Right People, Wrong Place",-19,4.92,4.12,0.8
Twisters,RRR-Rise Roar Revolt,-12,8.07,6.83,1.24
Twisters,RRR-Rise Roar Revolt,-11,8.39,6.29,2.1
Twisters,RRR-Rise Roar Revolt,-10,7.43,7.43,0.0
Twisters,RRR-Rise Roar Revolt,-9,9.45,8.84,0.61
Twisters,Radiating Joy: The Michelle Duppong Story,-12,8.07,10.6,2.53
Twisters,Radiating Joy: The Michelle Duppong Story,-11,8.39,5.83,2.57
Twisters,Radiating Joy: The Michelle Duppong Story,-10,7.43,6.7,0.74
Twisters,Radiating Joy: The Michelle Duppong Story,-7,10.56,11.36,0.8
Twisters,Radiating Joy: The Michelle Duppong Story,-6,16.3,18.59,2.28
Twisters,Radiating Joy: The Michelle Duppong Story,-5,13.39,12.17,1.22
Twisters,Rascal Does Not Dream (Double Feature),-24,3.65,5.87,2.22
Twisters,Rascal Does Not Dream (Double Feature),-23,2.57,5.4,2.84
Twisters,Rascal Does Not Dream (Double Feature),-22,3.84,5.73,1.89
Twisters,Rascal Does Not Dream (Double Feature),-21,6.27,5.09,1.19
Twisters,Reagan,-36,5.6,2.88,2.72
Twisters,Reagan,-35,3.59,3.46,0.13
Twisters,Reagan,-34,4.81,4.4,0.41
Twisters,Reagan,-33,5.35,2.62,2.73
Twisters,Reagan,-24,3.65,4.66,1.01
Twisters,Reagan,-23,2.57,3.04,0.47
Twisters,Reagan,-22,3.84,0.98,2.86
Twisters,Reagan,-21,6.27,6.58,0.3
Twisters,Reagan,-20,3.85,4.62,0.77
Twisters,Reagan,-16,6.92,6.34,0.58
Twisters,Reagan,-15,4.71,7.17,2.46
Twisters,Reagan,-14,8.05,9.61,1.55
Twisters,Reagan,-12,8.07,10.32,2.25
Twisters,Reagan,-11,8.39,10.33,1.93
Twisters,Reagan,-10,7.43,9.21,1.78
Twisters,Rear Window 70th Anniversary,-26,3.28,2.41,0.88
Twisters,Rear Window 70th Anniversary,-25,3.41,2.51,0.89
Twisters,Rear Window 70th Anniversary,-24,3.65,5.72,2.07
Twisters,Rear Window 70th Anniversary,-23,2.57,3.91,1.35
Twisters,Rear Window 70th Anniversary,-22,3.84,3.83,0.01
Twisters,Rebbeca,-27,7.93,9.04,1.12
Twisters,Rebbeca,-26,3.28,4.0,0.71
Twisters,Rebbeca,-25,3.41,4.08,0.68
Twisters,Rebbeca,-24,3.65,2.45,1.2
Twisters,Rebbeca,-23,2.57,3.73,1.16
Twisters,Rebel Moon: Part One - A Child of Fire,-23,2.57,0.0,2.57
Twisters,Rebel Moon: Part One - A Child of Fire,-22,3.84,2.1,1.74
Twisters,Rebel Moon: Part One - A Child of Fire,-20,3.85,1.56,2.29
Twisters,Red One,-9,9.45,9.98,0.52
Twisters,Red One,-8,10.16,9.44,0.71
Twisters,Red One,-7,10.56,11.06,0.5
Twisters,Red One,-6,16.3,15.85,0.45
Twisters,Red One,-5,13.39,14.35,0.96
Twisters,Red One,-4,18.04,20.55,2.51
Twisters,Red One: Early Access Screening,-10,7.43,7.93,0.5
Twisters,Red One: Early Access Screening,-9,9.45,10.17,0.72
Twisters,Red One: Early Access Screening,-8,10.16,11.55,1.4
Twisters,Red One: Early Access Screening,-7,10.56,12.99,2.43
Twisters,Red One: Early Access Screening,-6,16.3,13.76,2.55
Twisters,Red One: Early Access Screening,-5,13.39,15.75,2.37
Twisters,"Red Velvet Happiness Diary: My Dear, ReVe1uv in Cinemas",-11,8.39,10.55,2.16
Twisters,"Red Velvet Happiness Diary: My Dear, ReVe1uv in Cinemas",-10,7.43,9.15,1.71
Twisters,"Red Velvet Happiness Diary: My Dear, ReVe1uv in Cinemas",-9,9.45,6.96,2.49
Twisters,Redeeming Love,-23,2.57,0.26,2.3
Twisters,Redeeming Love,-22,3.84,4.85,1.01
Twisters,Redeeming Love,-21,6.27,3.83,2.45
Twisters,Redeeming Love,-20,3.85,3.21,0.64
Twisters,Redeeming Love,-19,4.92,4.34,0.58
Twisters,Redeeming Love,-16,6.92,6.23,0.69
Twisters,Redeeming Love,-15,4.71,6.55,1.84
Twisters,Redeeming Love,-14,8.05,7.25,0.8
Twisters,Redeeming Love,-13,5.29,7.88,2.6
Twisters,Redeeming Love,-12,8.07,7.04,1.04
Twisters,Redeeming Love,-11,8.39,8.02,0.37
Twisters,Redeeming Love,-10,7.43,8.43,0.99
Twisters,Redeeming Love,-9,9.45,7.37,2.08
Twisters,Redeeming Love,-8,10.16,7.46,2.69
Twisters,Redeeming Love,-7,10.56,9.55,1.01
Twisters,Regretting You,-18,7.6,9.8,2.2
Twisters,Regretting You,-17,10.03,11.5,1.47
Twisters,Regretting You,-16,6.92,9.41,2.49
Twisters,Regretting You,-7,10.56,13.23,2.67
Twisters,Regretting You,-6,16.3,14.66,1.64
Twisters,Regretting You,-5,13.39,13.86,0.47
Twisters,Regretting You: A Night of No Regrets Event w/Q&A,-6,16.3,13.68,2.63
Twisters,Regretting You: A Night of No Regrets Event w/Q&A,-5,13.39,13.85,0.46
Twisters,Regretting You: A Night of No Regrets Event w/Q&A,-4,18.04,19.66,1.61
Twisters,Renee Fleming: Paris,-26,3.28,0.92,2.36
Twisters,Renee Fleming: Paris,-25,3.41,1.52,1.88
Twisters,Renee Fleming: Paris,-24,3.65,4.16,0.51
Twisters,Renee Fleming: Paris,-23,2.57,1.68,0.89
Twisters,Renee Fleming: Paris,-22,3.84,2.63,1.22
Twisters,Renee Fleming: Venice,-32,3.25,5.19,1.93
Twisters,Renee Fleming: Venice,-31,3.13,1.33,1.79
Twisters,Renee Fleming: Venice,-30,5.22,5.07,0.15
Twisters,Renee Fleming: Venice,-26,3.28,0.73,2.56
Twisters,Renee Fleming: Venice,-25,3.41,0.92,2.49
Twisters,Renee Fleming: Venice,-24,3.65,2.07,1.58
Twisters,Renfield,-9,9.45,8.82,0.63
Twisters,Renfield,-8,10.16,10.19,0.04
Twisters,Renfield,-7,10.56,11.25,0.69
Twisters,RiffTrax Live: Point Break,-22,3.84,4.26,0.42
Twisters,RiffTrax Live: Point Break,-21,6.27,3.73,2.54
Twisters,RiffTrax Live: Point Break,-20,3.85,3.96,0.11
Twisters,RiffTrax Live: Point Break,-19,4.92,4.64,0.28
Twisters,RiffTrax Live: Timecop,-21,6.27,4.98,1.29
Twisters,RiffTrax Live: Timecop,-20,3.85,5.78,1.93
Twisters,RiffTrax Live: Timecop,-19,4.92,4.09,0.83
Twisters,Rigoletto: Met Summer Encore 2025,-29,5.65,3.32,2.33
Twisters,Rigoletto: Met Summer Encore 2025,-28,3.35,2.1,1.25
Twisters,Rigoletto: Met Summer Encore 2025,-26,3.28,3.96,0.68
Twisters,Rigoletto: Met Summer Encore 2025,-25,3.41,1.88,1.53
Twisters,Rigoletto: Met Summer Encore 2025,-24,3.65,1.61,2.04
Twisters,Rigoletto: Met Summer Encore 2025,-23,2.57,1.66,0.9
Twisters,Rigoletto: Met Summer Encore 2025,-22,3.84,1.83,2.02
Twisters,Riize Fan-Con Tour 'Riizing Day' Finale in Cinemas,-26,3.28,3.34,0.06
Twisters,Riize Fan-Con Tour 'Riizing Day' Finale in Cinemas,-25,3.41,2.84,0.56
Twisters,Riize Fan-Con Tour 'Riizing Day' Finale in Cinemas,-24,3.65,1.99,1.66
Twisters,Riize Fan-Con Tour 'Riizing Day' Finale in Cinemas,-23,2.57,2.02,0.55
Twisters,Riize Fan-Con Tour 'Riizing Day' Finale in Cinemas,-22,3.84,3.75,0.09
Twisters,Riize Fan-Con Tour 'Riizing Day' Finale in Cinemas,-21,6.27,4.1,2.17
Twisters,Riize Fan-Con Tour 'Riizing Day' Finale in Cinemas,-20,3.85,2.58,1.27
Twisters,Riize Fan-Con Tour 'Riizing Day' Finale in Cinemas,-19,4.92,3.91,1.01
Twisters,Road House,-11,8.39,7.76,0.63
Twisters,Road House,-10,7.43,9.6,2.17
Twisters,Road House,-9,9.45,9.49,0.04
Twisters,Robot Dreams Q&A w/ Director Pablo Berger,-17,10.03,8.41,1.62
Twisters,Robot Dreams Q&A w/ Director Pablo Berger,-16,6.92,6.9,0.02
Twisters,Robot Dreams Q&A w/ Director Pablo Berger,-14,8.05,5.51,2.54
Twisters,Robot Dreams Q&A w/ Director Pablo Berger,-13,5.29,5.97,0.68
Twisters,Robot Dreams Q&A w/ Director Pablo Berger,-12,8.07,5.63,2.44
Twisters,Robot Dreams Q&A w/ Director Pablo Berger,-10,7.43,6.62,0.81
Twisters,Robot Dreams Q&A w/ Director Pablo Berger,-8,10.16,11.18,1.02
Twisters,Robot Dreams Q&A w/ Director Pablo Berger,-7,10.56,8.99,1.57
Twisters,Robot Dreams Q&A w/ Director Pablo Berger,-6,16.3,16.5,0.2
Twisters,Robot Dreams Q&A w/ Director Pablo Berger,-5,13.39,12.08,1.3
Twisters,Roger Waters This Is Not A Drill: Live From Prague - The Movie,-24,3.65,3.23,0.42
Twisters,Roger Waters This Is Not A Drill: Live From Prague - The Movie,-23,2.57,2.75,0.19
Twisters,Roger Waters This Is Not A Drill: Live From Prague - The Movie,-22,3.84,5.23,1.39
Twisters,Rolling Stones - At the Max Rerelease,-37,4.33,2.83,1.51
Twisters,Rolling Stones - At the Max Rerelease,-36,5.6,2.92,2.68
Twisters,Rolling Stones - At the Max Rerelease,-35,3.59,2.59,1.0
Twisters,Rolling Stones - At the Max Rerelease,-34,4.81,2.23,2.58
Twisters,Rolling Stones - At the Max Rerelease,-26,3.28,1.73,1.55
Twisters,Rolling Stones - At the Max Rerelease,-25,3.41,1.54,1.87
Twisters,Rolling Stones - At the Max Rerelease,-24,3.65,1.12,2.53
Twisters,Rolling Stones - At the Max Rerelease,-23,2.57,1.46,1.11
Twisters,Roofman,-9,9.45,11.95,2.5
Twisters,Roofman,-8,10.16,11.69,1.54
Twisters,Roofman,-7,10.56,12.77,2.21
Twisters,Rule Breakers,-15,4.71,7.13,2.42
Twisters,Rule Breakers,-14,8.05,5.85,2.21
Twisters,Rule Breakers,-13,5.29,6.38,1.1
Twisters,Rule Breakers,-12,8.07,5.58,2.49
Twisters,Rule Breakers,-11,8.39,6.34,2.05
Twisters,Rule Breakers,-10,7.43,6.47,0.97
Twisters,Rule Breakers,-9,9.45,9.3,0.15
Twisters,Rule Breakers,-8,10.16,7.54,2.62
Twisters,Rule Breakers,-7,10.56,8.82,1.74
Twisters,Runseokjin EP Tour in Amsterdam: Live Viewing,-9,9.45,7.34,2.11
Twisters,Runseokjin EP Tour in Amsterdam: Live Viewing,-8,10.16,7.62,2.54
Twisters,Runseokjin EP Tour in Amsterdam: Live Viewing,-7,10.56,10.96,0.4
Twisters,Rush: Cinema Strangiato - Director’s Cut,-17,10.03,8.41,1.62
Twisters,Rush: Cinema Strangiato - Director’s Cut,-16,6.92,7.54,0.62
Twisters,Rush: Cinema Strangiato - Director’s Cut,-15,4.71,7.18,2.48
Twisters,Rush: Cinema Strangiato - Director’s Cut,-14,8.05,8.97,0.91
Twisters,Rush: Cinema Strangiato - Director’s Cut,-13,5.29,4.84,0.45
Twisters,SUGA: Road to D-DAY,-22,3.84,4.88,1.04
Twisters,SUGA: Road to D-DAY,-21,6.27,3.65,2.62
Twisters,SUGA: Road to D-DAY,-20,3.85,2.96,0.89
Twisters,SUGA: Road to D-DAY,-19,4.92,3.72,1.2
Twisters,Salaar,-27,7.93,5.76,2.16
Twisters,Salaar,-26,3.28,5.85,2.56
Twisters,Salaar,-25,3.41,5.24,1.83
Twisters,Salaar,-24,3.65,5.14,1.49
Twisters,Salaar,-10,7.43,6.7,0.74
Twisters,Salaar,-9,9.45,7.94,1.52
Twisters,Salaar,-8,10.16,12.34,2.19
Twisters,Salaar,-7,10.56,11.07,0.51
Twisters,"Sasquatch Sunset - In-Person Q&A with David Zellner, Moderated by Bobcat Goldthwait",-13,5.29,4.96,0.33
Twisters,"Sasquatch Sunset - In-Person Q&A with David Zellner, Moderated by Bobcat Goldthwait",-10,7.43,5.19,2.25
Twisters,"Sasquatch Sunset - In-Person Q&A with David Zellner, Moderated by Bobcat Goldthwait",-9,9.45,7.75,1.7
Twisters,Satisfied,-26,3.28,3.1,0.18
Twisters,Satisfied,-25,3.41,4.98,1.57
Twisters,Satisfied,-24,3.65,3.32,0.33
Twisters,Scream (2022),-18,7.6,6.14,1.46
Twisters,Scream (2022),-17,10.03,10.51,0.49
Twisters,Scream (2022),-16,6.92,5.16,1.76
Twisters,Scream (2022),-15,4.71,5.76,1.05
Twisters,Scream (2022),-14,8.05,5.3,2.76
Twisters,Scream (2022),-13,5.29,5.66,0.38
Twisters,Scream (2022),-12,8.07,8.23,0.15
Twisters,Scream (2022),-11,8.39,7.71,0.68
Twisters,Scream (2022),-10,7.43,8.6,1.16
Twisters,Scream (2022),-9,9.45,11.17,1.72
Twisters,Scream (2022),-7,10.56,12.42,1.86
Twisters,Scream (2022),-6,16.3,14.42,1.88
Twisters,Scream (2022),-5,13.39,13.57,0.18
Twisters,Scream (2022),-4,18.04,16.01,2.03
Twisters,Scream VI,-27,7.93,9.36,1.44
Twisters,Scream VI,-26,3.28,4.26,0.98
Twisters,Scream VI,-25,3.41,4.56,1.16
Twisters,Scream VI,-24,3.65,2.66,0.99
Twisters,Scream VI,-21,6.27,7.56,1.29
Twisters,Scream VI,-20,3.85,6.61,2.76
Twisters,Scream VI,-19,4.92,5.43,0.51
Twisters,Scream VI,-18,7.6,5.87,1.73
Twisters,Scream VI,-16,6.92,4.3,2.62
Twisters,Scream VI,-15,4.71,6.37,1.66
Twisters,Scream VI,-14,8.05,5.6,2.45
Twisters,Scream VI,-13,5.29,6.17,0.89
Twisters,Scream VI,-12,8.07,6.74,1.33
Twisters,Scream VI,-11,8.39,5.74,2.65
Twisters,Scream VI,-10,7.43,5.61,1.82
Twisters,Scream VI,-9,9.45,7.97,1.48
Twisters,Scream VI,-8,10.16,9.65,0.5
Twisters,Scream VI,-7,10.56,8.92,1.64
Twisters,Scream VI 3D Fan Event,-16,6.92,5.33,1.59
Twisters,Scream VI 3D Fan Event,-15,4.71,4.77,0.07
Twisters,Scream VI 3D Fan Event,-14,8.05,5.19,2.86
Twisters,Screamboat,-9,9.45,9.48,0.03
Twisters,Screamboat,-8,10.16,9.19,0.97
Twisters,Screamboat,-7,10.56,12.61,2.05
Twisters,Screamboat Special Screening: Live Q&A with Stars including David Howard Thornton,-10,7.43,10.27,2.84
Twisters,Screamboat Special Screening: Live Q&A with Stars including David Howard Thornton,-9,9.45,10.56,1.11
Twisters,Screamboat Special Screening: Live Q&A with Stars including David Howard Thornton,-8,10.16,10.67,0.52
Twisters,Screamboat Special Screening: Live Q&A with Stars including David Howard Thornton,-7,10.56,9.14,1.42
Twisters,Se7en: IMAX Exclusive,-16,6.92,7.19,0.27
Twisters,Se7en: IMAX Exclusive,-15,4.71,6.42,1.71
Twisters,Se7en: IMAX Exclusive,-14,8.05,6.41,1.64
Twisters,Se7en: IMAX Exclusive,-13,5.29,5.24,0.05
Twisters,Seventeen tour 'Follow' Again to Cinemas,-22,3.84,4.56,0.71
Twisters,Seventeen tour 'Follow' Again to Cinemas,-21,6.27,6.95,0.67
Twisters,Seventeen tour 'Follow' Again to Cinemas,-20,3.85,3.85,0.0
Twisters,Seventeen tour 'Follow' Again to Cinemas,-19,4.92,4.24,0.69
Twisters,Seventeen: Right Here - World Tour in Cinemas,-14,8.05,7.14,0.92
Twisters,Seventeen: Right Here - World Tour in Cinemas,-13,5.29,8.11,2.83
Twisters,Seventeen: Right Here - World Tour in Cinemas,-12,8.07,5.58,2.5
Twisters,Seventeen: Right Here - World Tour in Cinemas,-11,8.39,8.07,0.33
Twisters,Seventeen: Right Here - World Tour in Cinemas,-10,7.43,5.23,2.21
Twisters,Shaun of the Dead - Dolby Cinema Exclusive,-30,5.22,4.87,0.35
Twisters,Shaun of the Dead - Dolby Cinema Exclusive,-29,5.65,2.77,2.88
Twisters,Shaun of the Dead - Dolby Cinema Exclusive,-28,3.35,5.05,1.7
Twisters,Shaun of the Dead - Dolby Cinema Exclusive,-27,7.93,5.61,2.32
Twisters,Shaun of the Dead - Dolby Cinema Exclusive,-26,3.28,4.48,1.2
Twisters,Shaun of the Dead - Dolby Cinema Exclusive,-25,3.41,4.64,1.24
Twisters,Shaun of the Dead - Dolby Cinema Exclusive,-24,3.65,2.47,1.18
Twisters,Shaun of the Dead - Dolby Cinema Exclusive,-23,2.57,2.62,0.05
Twisters,Shaun of the Dead - Dolby Cinema Exclusive,-22,3.84,2.58,1.26
Twisters,Shaun of the Dead - Dolby Cinema Exclusive,-13,5.29,6.24,0.95
Twisters,Shaun of the Dead - Dolby Cinema Exclusive,-12,8.07,5.26,2.81
Twisters,Shaun of the Dead - Dolby Cinema Exclusive,-11,8.39,7.0,1.39
Twisters,Shaun of the Dead - Dolby Cinema Exclusive,-10,7.43,5.17,2.26
Twisters,Shazam! Fury of the Gods,-19,4.92,5.47,0.55
Twisters,Shazam! Fury of the Gods,-18,7.6,8.74,1.14
Twisters,Shazam! Fury of the Gods,-17,10.03,8.57,1.46
Twisters,Shazam! Fury of the Gods,-16,6.92,5.59,1.33
Twisters,Shazam! Fury of the Gods,-15,4.71,5.1,0.39
Twisters,She Rises Up,-15,4.71,5.66,0.95
Twisters,She Rises Up,-9,9.45,11.97,2.51
Twisters,She Rises Up,-7,10.56,10.69,0.13
Twisters,Shelby Oaks,-12,8.07,7.83,0.24
Twisters,Shelby Oaks,-11,8.39,8.35,0.05
Twisters,Shelby Oaks,-10,7.43,8.93,1.5
Twisters,Shelby Oaks,-9,9.45,11.58,2.12
Twisters,Shelby Oaks,-8,10.16,9.74,0.41
Twisters,Shelby Oaks,-7,10.56,8.88,1.68
Twisters,Shin Godzilla,-18,7.6,8.99,1.39
Twisters,Shin Godzilla,-17,10.03,8.19,1.84
Twisters,Shin Godzilla,-16,6.92,7.44,0.52
Twisters,Shin Godzilla,-15,4.71,6.76,2.05
Twisters,Shin Godzilla,-14,8.05,7.42,0.64
Twisters,Shin Godzilla,-13,5.29,7.18,1.9
Twisters,Shin Godzilla,-12,8.07,5.71,2.37
Twisters,Shin Godzilla,-11,8.39,5.89,2.5
Twisters,Shin Godzilla,-10,7.43,5.26,2.17
Twisters,Shortcomings,-11,8.39,9.42,1.03
Twisters,Shortcomings,-10,7.43,9.86,2.43
Twisters,Shortcomings,-9,9.45,8.23,1.22
Twisters,Shortcomings,-8,10.16,12.02,1.86
Twisters,Show Me The Father,-23,2.57,4.88,2.31
Twisters,Show Me The Father,-22,3.84,3.09,0.75
Twisters,Show Me The Father,-21,6.27,5.4,0.88
Twisters,Show Me The Father,-20,3.85,4.43,0.58
Twisters,Show Me The Father,-12,8.07,5.53,2.54
Twisters,Show Me The Father,-11,8.39,9.15,0.75
Twisters,Show Me The Father,-10,7.43,10.37,2.94
Twisters,Show Me The Father,-9,9.45,8.4,1.05
Twisters,Show Me Your Glory,-13,5.29,6.46,1.17
Twisters,Show Me Your Glory,-12,8.07,8.71,0.63
Twisters,Show Me Your Glory,-11,8.39,8.29,0.11
Twisters,Show Me Your Glory,-10,7.43,4.78,2.65
Twisters,Show Me Your Glory,-9,9.45,9.56,0.11
Twisters,Shrek 2 - 20th Anniversary,-22,3.84,4.7,0.85
Twisters,Shrek 2 - 20th Anniversary,-21,6.27,4.34,1.94
Twisters,Shrek 2 - 20th Anniversary,-20,3.85,5.08,1.23
Twisters,Shrek 2 - 20th Anniversary,-19,4.92,4.49,0.43
Twisters,Sight,-33,5.35,5.36,0.01
Twisters,Sight,-32,3.25,4.57,1.32
Twisters,Sight,-31,3.13,4.59,1.46
Twisters,Sight,-30,5.22,5.39,0.17
Twisters,Sight,-29,5.65,4.21,1.44
Twisters,Sight,-28,3.35,1.93,1.41
Twisters,Sight,-27,7.93,5.98,1.95
Twisters,Sight,-26,3.28,1.6,1.68
Twisters,Sight,-25,3.41,3.49,0.08
Twisters,Sight,-24,3.65,6.48,2.83
Twisters,Sight,-23,2.57,5.11,2.54
Twisters,Sight & Sound Presents - Daniel Live!,-36,5.6,2.78,2.82
Twisters,Sight & Sound Presents - Daniel Live!,-35,3.59,3.09,0.51
Twisters,Sight & Sound Presents - Daniel Live!,-34,4.81,3.41,1.4
Twisters,Sight & Sound Presents - Daniel Live!,-33,5.35,2.95,2.4
Twisters,Sight & Sound Presents - Daniel Live!,-31,3.13,3.54,0.41
Twisters,Sight & Sound Presents - Daniel Live!,-30,5.22,4.39,0.83
Twisters,Sight & Sound Presents - Daniel Live!,-29,5.65,5.08,0.57
Twisters,Sight & Sound Presents - Daniel Live!,-28,3.35,6.31,2.96
Twisters,Sight & Sound Presents - Daniel Live!,-27,7.93,5.28,2.65
Twisters,Sight & Sound Presents - Daniel Live!,-26,3.28,4.7,1.42
Twisters,Sight & Sound Presents - Daniel Live!,-25,3.41,4.8,1.4
Twisters,Sight & Sound Presents - Daniel Live!,-24,3.65,4.1,0.45
Twisters,Sight & Sound Presents - Daniel Live!,-22,3.84,5.28,1.43
Twisters,Sight & Sound Presents - Daniel Live!,-21,6.27,4.59,1.69
Twisters,Sight & Sound Presents - Daniel Live!,-20,3.85,3.81,0.04
Twisters,Sight & Sound Presents - Daniel Live!,-19,4.92,3.44,1.48
Twisters,Sight & Sound Presents - Daniel Live!,-18,7.6,6.06,1.54
Twisters,Sight & Sound Presents - Daniel Live!,-16,6.92,6.23,0.69
Twisters,Sight & Sound Presents - Daniel Live!,-15,4.71,5.14,0.43
Twisters,Sight & Sound Presents - Daniel Live!,-14,8.05,5.14,2.91
Twisters,Sight & Sound Presents - Daniel Live!,-13,5.29,6.27,0.99
Twisters,Sight & Sound Presents - Daniel Live!,-12,8.07,5.73,2.35
Twisters,Sight & Sound Presents: NOAH Live,-22,3.84,5.54,1.7
Twisters,Sight & Sound Presents: NOAH Live,-21,6.27,5.27,1.0
Twisters,Sight & Sound Presents: NOAH Live,-20,3.85,5.44,1.59
Twisters,Sight & Sound Presents: NOAH Live,-19,4.92,4.29,0.63
Twisters,Sing 2,-18,7.6,8.33,0.73
Twisters,Sing 2,-17,10.03,9.83,0.19
Twisters,Sing 2,-16,6.92,8.4,1.48
Twisters,Sing 2,-12,8.07,10.1,2.03
Twisters,Sing 2,-11,8.39,9.99,1.6
Twisters,Sing 2,-10,7.43,9.25,1.82
Twisters,Sing Sing Q&A with Sean 'Dino' Johnson and Jon Adrian 'JJ' Velazquez,-12,8.07,8.79,0.72
Twisters,Sing Sing Q&A with Sean 'Dino' Johnson and Jon Adrian 'JJ' Velazquez,-11,8.39,7.07,1.32
Twisters,Sing Sing Q&A with Sean 'Dino' Johnson and Jon Adrian 'JJ' Velazquez,-10,7.43,8.49,1.06
Twisters,Sing Sing Q&A with Sean 'Dino' Johnson and Jon Adrian 'JJ' Velazquez,-6,16.3,17.56,1.26
Twisters,Sing Sing Q&A with Sean 'Dino' Johnson and Jon Adrian 'JJ' Velazquez,-5,13.39,12.34,1.05
Twisters,Sing Sing Q&A with Sean 'Dino' Johnson and Jon Adrian 'JJ' Velazquez,-4,18.04,16.18,1.86
Twisters,Sinners,-19,4.92,7.77,2.85
Twisters,Sinners,-18,7.6,8.56,0.96
Twisters,Sinners,-17,10.03,9.0,1.02
Twisters,Sinners,-16,6.92,7.73,0.81
Twisters,Sirat: Q&A with filmmaker Oliver Laxe,-12,8.07,8.89,0.81
Twisters,Sirat: Q&A with filmmaker Oliver Laxe,-11,8.39,5.61,2.78
Twisters,Sirat: Q&A with filmmaker Oliver Laxe,-10,7.43,8.21,0.78
Twisters,Sirat: Q&A with filmmaker Oliver Laxe,-9,9.45,6.7,2.75
Twisters,Sirocco and the Kingdom of the Winds,-7,10.56,11.46,0.9
Twisters,Sirocco and the Kingdom of the Winds,-6,16.3,14.4,1.9
Twisters,Sirocco and the Kingdom of the Winds,-5,13.39,13.47,0.08
Twisters,Sirocco and the Kingdom of the Winds,-4,18.04,17.88,0.17
Twisters,Sirocco and the Kingdom of the Winds,-3,29.61,29.25,0.36
Twisters,Sister Midnight,-9,9.45,7.89,1.56
Twisters,Sister Midnight,-8,10.16,10.57,0.41
Twisters,Sister Midnight,-7,10.56,8.09,2.47
Twisters,Sisu: Road to Revenge,-8,10.16,11.37,1.21
Twisters,Sisu: Road to Revenge,-7,10.56,12.21,1.64
Twisters,Sisu: Road to Revenge,-6,16.3,18.03,1.73
Twisters,Sketch,-21,6.27,8.83,2.56
Twisters,Sketch,-20,3.85,4.83,0.98
Twisters,Sketch,-19,4.92,6.94,2.02
Twisters,Sketch,-18,7.6,4.81,2.79
Twisters,Sketch,-17,10.03,7.73,2.29
Twisters,Sketch,-16,6.92,5.77,1.15
Twisters,Sketch,-15,4.71,5.84,1.14
Twisters,Sketch,-14,8.05,6.89,1.16
Twisters,Sketch,-13,5.29,6.16,0.87
Twisters,Sketch,-12,8.07,7.25,0.82
Twisters,Sketch,-11,8.39,6.99,1.4
Twisters,Sketch,-10,7.43,6.9,0.54
Twisters,Sketch,-9,9.45,6.61,2.85
Twisters,Smile,-11,8.39,5.69,2.7
Twisters,Smile,-10,7.43,6.14,1.3
Twisters,Smile,-9,9.45,8.18,1.27
Twisters,Smile,-8,10.16,10.62,0.46
Twisters,Smile 2,-12,8.07,7.54,0.53
Twisters,Smile 2,-11,8.39,8.26,0.13
Twisters,Smile 2,-10,7.43,5.21,2.22
Twisters,Smile 2,-6,16.3,16.34,0.04
Twisters,Smile 2,-5,13.39,10.62,2.77
Twisters,Smile 2,-4,18.04,17.59,0.45
Twisters,Smile 2,-3,29.61,29.71,0.1
Twisters,Smurfs,-19,4.92,7.36,2.43
Twisters,Smurfs,-18,7.6,8.11,0.51
Twisters,Smurfs,-17,10.03,10.58,0.55
Twisters,Smurfs,-16,6.92,8.74,1.82
Twisters,Smurfs,-14,8.05,6.08,1.97
Twisters,Smurfs,-13,5.29,6.85,1.57
Twisters,Smurfs,-12,8.07,7.49,0.58
Twisters,Smurfs,-11,8.39,10.51,2.12
Twisters,Smurfs,-7,10.56,13.07,2.51
Twisters,Smurfs,-6,16.3,18.2,1.9
Twisters,Smurfs,-5,13.39,15.39,2.0
Twisters,Smurfs,-4,18.04,20.65,2.61
Twisters,Sneak Peek Showcase,-14,8.05,5.89,2.16
Twisters,Sneak Peek Showcase,-13,5.29,4.36,0.93
Twisters,Sneak Peek Showcase,-12,8.07,8.13,0.06
Twisters,Sneak Peek Showcase,-11,8.39,5.75,2.65
Twisters,Sneak Peek Showcase,-10,7.43,4.48,2.96
Twisters,Sneak Peek Showcase,-9,9.45,8.93,0.52
Twisters,Sneaks,-5,13.39,16.36,2.98
Twisters,Sneaks,-4,18.04,20.1,2.06
Twisters,Sneaks,-3,29.61,27.29,2.32
Twisters,Someone Like You,-16,6.92,4.03,2.89
Twisters,Someone Like You,-15,4.71,2.97,1.74
Twisters,Someone Like You,-14,8.05,6.01,2.05
Twisters,Someone Like You,-13,5.29,3.47,1.82
Twisters,Someone Like You,-11,8.39,7.41,0.99
Twisters,Someone Like You,-10,7.43,7.64,0.21
Twisters,Someone Like You,-9,9.45,7.04,2.41
Twisters,Something to Stand For with Mike Rowe,-26,3.28,4.71,1.43
Twisters,Something to Stand For with Mike Rowe,-25,3.41,5.72,2.31
Twisters,Something to Stand For with Mike Rowe,-24,3.65,5.11,1.46
Twisters,Something to Stand For with Mike Rowe,-22,3.84,2.56,1.28
Twisters,Something to Stand For with Mike Rowe,-21,6.27,7.22,0.95
Twisters,Something to Stand For with Mike Rowe,-20,3.85,3.98,0.13
Twisters,Something to Stand For with Mike Rowe,-19,4.92,2.47,2.46
Twisters,Sonic The Hedgehog 2,-7,10.56,12.66,2.1
Twisters,Sonic The Hedgehog 2,-6,16.3,15.48,0.82
Twisters,Sonic The Hedgehog 2,-5,13.39,14.09,0.7
Twisters,Sonic the Hedgehog 3,-18,7.6,9.33,1.73
Twisters,Sonic the Hedgehog 3,-17,10.03,9.75,0.28
Twisters,Sonic the Hedgehog 3,-16,6.92,9.47,2.55
Twisters,Sonic the Hedgehog 3,-12,8.07,8.88,0.8
Twisters,Sonic the Hedgehog 3,-11,8.39,8.98,0.58
Twisters,Sonic the Hedgehog 3,-10,7.43,7.9,0.47
Twisters,Sonic the Hedgehog 3,-9,9.45,10.35,0.9
Twisters,Sonic the Hedgehog 3,-8,10.16,10.21,0.05
Twisters,Sonic the Hedgehog 3,-7,10.56,10.34,0.22
Twisters,Soul on Fire,-37,4.33,3.09,1.24
Twisters,Soul on Fire,-36,5.6,2.67,2.93
Twisters,Soul on Fire,-35,3.59,5.13,1.54
Twisters,Soul on Fire,-34,4.81,3.99,0.82
Twisters,Soul on Fire,-33,5.35,2.43,2.92
Twisters,Soul on Fire,-32,3.25,1.95,1.3
Twisters,Soul on Fire,-30,5.22,4.67,0.55
Twisters,Soul on Fire,-29,5.65,2.69,2.96
Twisters,Soul on Fire,-28,3.35,0.65,2.7
Twisters,Soul on Fire,-26,3.28,2.1,1.18
Twisters,Soul on Fire,-25,3.41,3.21,0.19
Twisters,Soul on Fire,-24,3.65,1.51,2.14
Twisters,Soul on Fire,-23,2.57,2.64,0.07
Twisters,Soul on Fire,-22,3.84,1.9,1.95
Twisters,Soul on Fire,-21,6.27,6.99,0.72
Twisters,Soul on Fire,-6,16.3,14.06,2.24
Twisters,Soul on Fire,-5,13.39,11.79,1.6
Twisters,Soul on Fire,-4,18.04,19.64,1.59
Twisters,Sound of Freedom,-35,3.59,5.17,1.58
Twisters,Sound of Freedom,-34,4.81,3.7,1.12
Twisters,Sound of Freedom,-33,5.35,2.96,2.39
Twisters,Sound of Freedom,-32,3.25,2.81,0.45
Twisters,Sound of Freedom,-31,3.13,3.05,0.07
Twisters,Sound of Freedom,-30,5.22,5.8,0.59
Twisters,Sound of Freedom,-29,5.65,3.59,2.06
Twisters,Sound of Freedom,-28,3.35,3.24,0.1
Twisters,Sound of Freedom,-26,3.28,4.5,1.22
Twisters,Sound of Freedom,-25,3.41,4.45,1.05
Twisters,Sound of Freedom,-24,3.65,3.94,0.29
Twisters,Sound of Freedom,-23,2.57,3.76,1.19
Twisters,Sound of Freedom,-22,3.84,3.9,0.06
Twisters,Sound of Freedom,-21,6.27,4.15,2.12
Twisters,Sound of Freedom,-20,3.85,3.96,0.11
Twisters,Sound of Freedom,-19,4.92,4.35,0.57
Twisters,Sound of Freedom,-13,5.29,6.88,1.59
Twisters,Sound of Freedom,-12,8.07,9.06,0.98
Twisters,Sound of Freedom,-11,8.39,7.74,0.65
Twisters,Sound of Freedom,-10,7.43,7.02,0.41
Twisters,Sound of Freedom,-9,9.45,6.78,2.67
Twisters,Sound of Hope: The Story of Possum Trot,-27,7.93,6.28,1.64
Twisters,Sound of Hope: The Story of Possum Trot,-26,3.28,6.07,2.78
Twisters,Sound of Hope: The Story of Possum Trot,-25,3.41,5.17,1.76
Twisters,Sound of Hope: The Story of Possum Trot,-24,3.65,4.05,0.4
Twisters,Sound of Hope: The Story of Possum Trot,-23,2.57,1.9,0.67
Twisters,Sound of Hope: The Story of Possum Trot,-22,3.84,6.28,2.44
Twisters,Sound of Hope: The Story of Possum Trot,-21,6.27,4.58,1.7
Twisters,Sound of Hope: The Story of Possum Trot,-19,4.92,6.17,1.25
Twisters,Sound of Hope: The Story of Possum Trot,-18,7.6,6.23,1.37
Twisters,Sound of Hope: The Story of Possum Trot,-17,10.03,7.13,2.89
Twisters,Sound of Hope: The Story of Possum Trot,-12,8.07,7.19,0.88
Twisters,Sound of Hope: The Story of Possum Trot,-11,8.39,7.23,1.17
Twisters,Sound of Hope: The Story of Possum Trot,-10,7.43,7.09,0.35
Twisters,Sound of Hope: The Story of Possum Trot,-9,9.45,7.68,1.78
Twisters,Sound of Hope: The Story of Possum Trot,-8,10.16,10.97,0.81
Twisters,Sound of Hope: The Story of Possum Trot,-6,16.3,15.15,1.15
Twisters,Sound of Hope: The Story of Possum Trot,-5,13.39,14.61,1.23
Twisters,Sound of Hope: The Story of Possum Trot,-4,18.04,18.99,0.95
Twisters,"South Park: Bigger, Longer, & Uncut 25th Anniversary",-26,3.28,1.38,1.9
Twisters,"South Park: Bigger, Longer, & Uncut 25th Anniversary",-25,3.41,0.78,2.62
Twisters,"South Park: Bigger, Longer, & Uncut 25th Anniversary",-24,3.65,3.24,0.42
Twisters,"South Park: Bigger, Longer, & Uncut 25th Anniversary",-23,2.57,2.18,0.39
Twisters,"South Park: Bigger, Longer, & Uncut 25th Anniversary",-22,3.84,3.74,0.11
Twisters,Spencer,-6,16.3,17.28,0.98
Twisters,Spencer,-5,13.39,12.52,0.87
Twisters,Spencer,-4,18.04,20.36,2.32
Twisters,Spider-Man (Fathom 2025),-24,3.65,2.06,1.59
Twisters,Spider-Man (Fathom 2025),-23,2.57,2.34,0.22
Twisters,Spider-Man (Fathom 2025),-22,3.84,1.18,2.67
Twisters,Spider-Man (Fathom 2025),-21,6.27,3.48,2.79
Twisters,Spider-Man (Fathom 2025),-20,3.85,2.67,1.19
Twisters,Spider-Man (Fathom 2025),-19,4.92,2.04,2.88
Twisters,Spider-Man 2.1 (Fathom 2025),-25,3.41,2.98,0.43
Twisters,Spider-Man 2.1 (Fathom 2025),-24,3.65,2.51,1.14
Twisters,Spider-Man 2.1 (Fathom 2025),-23,2.57,1.43,1.13
Twisters,Spider-Man 2.1 (Fathom 2025),-22,3.84,3.36,0.48
Twisters,Spider-Man 3 (2007) - Sony 100th Anniversary,-30,5.22,3.87,1.35
Twisters,Spider-Man 3 (2007) - Sony 100th Anniversary,-29,5.65,3.01,2.64
Twisters,Spider-Man 3 (2007) - Sony 100th Anniversary,-28,3.35,3.32,0.03
Twisters,Spider-Man 3 (2007) - Sony 100th Anniversary,-26,3.28,3.58,0.3
Twisters,Spider-Man 3 (2007) - Sony 100th Anniversary,-25,3.41,3.28,0.13
Twisters,Spider-Man 3 (2007) - Sony 100th Anniversary,-24,3.65,2.88,0.77
Twisters,Spider-Man 3 (2007) - Sony 100th Anniversary,-23,2.57,1.76,0.81
Twisters,Spider-Man 3 (2007) - Sony 100th Anniversary,-22,3.84,2.18,1.66
Twisters,Spider-Man 3 (Fathom 2025),-26,3.28,3.03,0.25
Twisters,Spider-Man 3 (Fathom 2025),-25,3.41,2.55,0.86
Twisters,Spider-Man 3 (Fathom 2025),-24,3.65,1.3,2.35
Twisters,Spider-Man 3 (Fathom 2025),-23,2.57,3.55,0.98
Twisters,Spider-Man 3 (Fathom 2025),-22,3.84,2.25,1.6
Twisters,Spider-Man: Across the Spider-Verse,-20,3.85,6.16,2.31
Twisters,Spider-Man: Across the Spider-Verse,-19,4.92,5.13,0.21
Twisters,Spider-Man: Across the Spider-Verse,-18,7.6,4.88,2.72
Twisters,Spider-Man: Across the Spider-Verse,-16,6.92,5.89,1.03
Twisters,Spider-Man: Across the Spider-Verse,-15,4.71,5.77,1.06
Twisters,Spider-Man: Across the Spider-Verse,-14,8.05,6.06,1.99
Twisters,Spider-Man: Across the Spider-Verse,-13,5.29,6.28,0.99
Twisters,Spider-Man: Across the Spider-Verse,-12,8.07,5.14,2.94
Twisters,Spider-Man: Across the Spider-Verse,-11,8.39,5.86,2.53
Twisters,Spider-Man: Across the Spider-Verse,-10,7.43,8.3,0.87
Twisters,Spider-Man: Across the Spider-Verse,-9,9.45,6.98,2.47
Twisters,Spider-Man: Across the Spider-Verse,-8,10.16,9.02,1.14
Twisters,Spider-Man: Across the Spider-Verse,-7,10.56,9.8,0.76
Twisters,Spider-Man: Far From Home (2019) - Sony 100th Anniversary,-35,3.59,2.59,1.01
Twisters,Spider-Man: Far From Home (2019) - Sony 100th Anniversary,-34,4.81,5.7,0.89
Twisters,Spider-Man: Far From Home (2019) - Sony 100th Anniversary,-33,5.35,5.15,0.2
Twisters,Spider-Man: Far From Home (2019) - Sony 100th Anniversary,-32,3.25,2.34,0.92
Twisters,Spider-Man: Far From Home (2019) - Sony 100th Anniversary,-31,3.13,1.86,1.27
Twisters,Spider-Man: Far From Home (2019) - Sony 100th Anniversary,-30,5.22,2.65,2.56
Twisters,Spider-Man: Far From Home (2019) - Sony 100th Anniversary,-28,3.35,1.84,1.51
Twisters,Spider-Man: Far From Home (2019) - Sony 100th Anniversary,-27,7.93,5.55,2.38
Twisters,Spider-Man: Far From Home (2019) - Sony 100th Anniversary,-26,3.28,3.9,0.62
Twisters,Spider-Man: Far From Home (2019) - Sony 100th Anniversary,-25,3.41,3.0,0.4
Twisters,Spider-Man: Far From Home (2019) - Sony 100th Anniversary,-24,3.65,1.35,2.3
Twisters,Spider-Man: Far From Home (2019) - Sony 100th Anniversary,-23,2.57,2.34,0.23
Twisters,Spider-Man: Far From Home (2019) - Sony 100th Anniversary,-22,3.84,1.74,2.11
Twisters,Spider-Man: Homecoming (2017) - Sony 100th Anniversary,-35,3.59,2.89,0.7
Twisters,Spider-Man: Homecoming (2017) - Sony 100th Anniversary,-34,4.81,7.49,2.68
Twisters,Spider-Man: Homecoming (2017) - Sony 100th Anniversary,-33,5.35,8.32,2.97
Twisters,Spider-Man: Homecoming (2017) - Sony 100th Anniversary,-32,3.25,3.06,0.2
Twisters,Spider-Man: Homecoming (2017) - Sony 100th Anniversary,-31,3.13,2.99,0.13
Twisters,Spider-Man: Homecoming (2017) - Sony 100th Anniversary,-30,5.22,3.56,1.65
Twisters,Spider-Man: Homecoming (2017) - Sony 100th Anniversary,-28,3.35,3.17,0.18
Twisters,Spider-Man: Homecoming (2017) - Sony 100th Anniversary,-27,7.93,6.86,1.07
Twisters,Spider-Man: Homecoming (2017) - Sony 100th Anniversary,-26,3.28,5.01,1.73
Twisters,Spider-Man: Homecoming (2017) - Sony 100th Anniversary,-25,3.41,3.58,0.17
Twisters,Spider-Man: Homecoming (2017) - Sony 100th Anniversary,-24,3.65,2.31,1.34
Twisters,Spider-Man: Homecoming (2017) - Sony 100th Anniversary,-23,2.57,2.01,0.55
Twisters,Spider-Man: Homecoming (2017) - Sony 100th Anniversary,-22,3.84,1.98,1.86
Twisters,Spider-Man: No Way Home (2021) - Sony 100th Anniversary,-35,3.59,1.75,1.84
Twisters,Spider-Man: No Way Home (2021) - Sony 100th Anniversary,-34,4.81,4.46,0.36
Twisters,Spider-Man: No Way Home (2021) - Sony 100th Anniversary,-33,5.35,4.11,1.24
Twisters,Spider-Man: No Way Home (2021) - Sony 100th Anniversary,-32,3.25,2.13,1.12
Twisters,Spider-Man: No Way Home (2021) - Sony 100th Anniversary,-31,3.13,2.46,0.67
Twisters,Spider-Man: No Way Home (2021) - Sony 100th Anniversary,-30,5.22,2.31,2.91
Twisters,Spider-Man: No Way Home (2021) - Sony 100th Anniversary,-26,3.28,2.91,0.37
Twisters,Spider-Man: No Way Home (2021) - Sony 100th Anniversary,-25,3.41,2.39,1.02
Twisters,Spider-Man: No Way Home (2021) - Sony 100th Anniversary,-24,3.65,1.5,2.15
Twisters,Spider-Man: No Way Home (2021) - Sony 100th Anniversary,-23,2.57,1.63,0.94
Twisters,Spider-Man: No Way Home (2021) - Sony 100th Anniversary,-22,3.84,0.95,2.89
Twisters,Spinal Tap II: The End Continues,-17,10.03,7.41,2.62
Twisters,Spinal Tap II: The End Continues,-16,6.92,8.08,1.16
Twisters,Spinal Tap II: The End Continues,-15,4.71,7.03,2.32
Twisters,Spinal Tap II: The End Continues,-14,8.05,6.91,1.14
Twisters,Spinal Tap II: The End Continues,-13,5.29,8.23,2.94
Twisters,Spinal Tap II: The End Continues,-12,8.07,8.87,0.8
Twisters,Spinal Tap II: The End Continues,-11,8.39,8.13,0.26
Twisters,Spinal Tap II: The End Continues,-10,7.43,10.32,2.88
Twisters,Spinal Tap II: The End Continues,-9,9.45,7.4,2.06
Twisters,Spinal Tap II: The End Continues,-8,10.16,10.87,0.71
Twisters,Spinal Tap II: The End Continues,-7,10.56,11.68,1.11
Twisters,Spinal Tap II: The End Continues: Early Access Screening,-22,3.84,5.25,1.41
Twisters,Spinal Tap II: The End Continues: Early Access Screening,-21,6.27,7.3,1.03
Twisters,Spinal Tap II: The End Continues: Early Access Screening,-20,3.85,3.69,0.16
Twisters,Spinal Tap II: The End Continues: Early Access Screening,-19,4.92,2.38,2.54
Twisters,Spinal Tap II: The End Continues: Early Access Screening,-13,5.29,2.53,2.75
Twisters,Spinal Tap II: The End Continues: Early Access Screening,-12,8.07,6.17,1.91
Twisters,Spinal Tap II: The End Continues: Early Access Screening,-11,8.39,8.85,0.45
Twisters,Spinal Tap II: The End Continues: Early Access Screening,-10,7.43,8.38,0.94
Twisters,Spinal Tap II: The End Continues: Early Access Screening,-9,9.45,8.01,1.44
Twisters,Spirited Away - Studio Ghibli Fest,-26,3.28,3.3,0.02
Twisters,Spirited Away - Studio Ghibli Fest,-25,3.41,3.83,0.42
Twisters,Spirited Away - Studio Ghibli Fest,-24,3.65,6.64,2.99
Twisters,Spirited Away - Studio Ghibli Fest,-23,2.57,3.35,0.79
Twisters,Spirited Away - Studio Ghibli Fest,-22,3.84,3.62,0.22
Twisters,Spirited Away - Studio Ghibli Fest,-21,6.27,3.41,2.86
Twisters,Spirited Away - Studio Ghibli Fest 2024,-27,7.93,7.11,0.81
Twisters,Spirited Away - Studio Ghibli Fest 2024,-26,3.28,6.21,2.93
Twisters,Spirited Away - Studio Ghibli Fest 2024,-25,3.41,5.19,1.78
Twisters,Spirited Away - Studio Ghibli Fest 2024,-24,3.65,6.56,2.91
Twisters,Spirited Away - Studio Ghibli Fest 2024,-22,3.84,3.79,0.05
Twisters,Spirited Away - Studio Ghibli Fest 2024,-21,6.27,5.47,0.8
Twisters,Spirited Away - Studio Ghibli Fest 2024,-20,3.85,5.34,1.49
Twisters,Spirited Away - Studio Ghibli Fest 2024,-19,4.92,5.99,1.07
Twisters,Spirited Away - Studio Ghibli Fest 2024,-18,7.6,4.66,2.94
Twisters,Spirited Away - Studio Ghibli Fest 2024,-16,6.92,4.22,2.7
Twisters,Spirited Away - Studio Ghibli Fest 2024,-15,4.71,6.73,2.03
Twisters,Spirited Away - Studio Ghibli Fest 2024,-14,8.05,5.86,2.2
Twisters,Spirited Away - Studio Ghibli Fest 2024,-12,8.07,10.15,2.08
Twisters,Spirited Away - Studio Ghibli Fest 2024,-11,8.39,8.28,0.11
Twisters,Spirited Away - Studio Ghibli Fest 2024,-10,7.43,8.19,0.75
Twisters,Spirited Away - Studio Ghibli Fest 2024,-9,9.45,9.09,0.36
Twisters,Spirited Away - Studio Ghibli Fest 2024,-8,10.16,7.87,2.29
Twisters,Spirited Away - Studio Ghibli Fest 2024,-7,10.56,8.83,1.73
Twisters,Spirited Away - Studio Ghibli Fest 2025,-25,3.41,5.98,2.57
Twisters,Spirited Away - Studio Ghibli Fest 2025,-24,3.65,4.82,1.17
Twisters,Spirited Away - Studio Ghibli Fest 2025,-23,2.57,4.87,2.3
Twisters,Spirited Away - Studio Ghibli Fest 2025,-22,3.84,4.38,0.53
Twisters,Spirited Away - Studio Ghibli Fest 2025,-21,6.27,3.9,2.37
Twisters,Spirited Away - Studio Ghibli Fest 2025,-20,3.85,4.15,0.3
Twisters,Spirited Away - Studio Ghibli Fest 2025,-16,6.92,5.62,1.3
Twisters,Spirited Away - Studio Ghibli Fest 2025,-15,4.71,3.58,1.12
Twisters,Spirited Away - Studio Ghibli Fest 2025,-14,8.05,5.32,2.73
Twisters,Spirited Away - Studio Ghibli Fest 2025,-13,5.29,4.99,0.29
Twisters,Spirited Away - Studio Ghibli Fest 2025,-12,8.07,5.97,2.1
Twisters,Splitsville,-5,13.39,14.39,1.0
Twisters,Splitsville,-4,18.04,18.53,0.49
Twisters,Splitsville,-3,29.61,26.89,2.72
Twisters,Splitsville,-2,28.86,31.78,2.93
Twisters,Springsteen: Deliver Me from Nowhere,-14,8.05,7.76,0.29
Twisters,Springsteen: Deliver Me from Nowhere,-13,5.29,7.03,1.74
Twisters,Springsteen: Deliver Me from Nowhere,-12,8.07,7.09,0.99
Twisters,Springsteen: Deliver Me from Nowhere,-11,8.39,8.6,0.21
Twisters,Springsteen: Deliver Me from Nowhere,-9,9.45,10.46,1.01
Twisters,Springsteen: Deliver Me from Nowhere,-8,10.16,8.82,1.34
Twisters,Springsteen: Deliver Me from Nowhere,-7,10.56,11.98,1.42
Twisters,Springsteen: Deliver Me from Nowhere,-6,16.3,13.74,2.56
Twisters,Springsteen: Deliver Me from Nowhere,-5,13.39,12.81,0.58
Twisters,Springsteen: Deliver Me from Nowhere,-4,18.04,16.83,1.21
Twisters,Spy x Family Code: White,-13,5.29,8.23,2.94
Twisters,Spy x Family Code: White,-12,8.07,7.01,1.06
Twisters,Spy x Family Code: White,-11,8.39,6.82,1.57
Twisters,Ssecret Cinema: November 10th,-24,3.65,3.88,0.22
Twisters,Ssecret Cinema: November 10th,-13,5.29,3.48,1.81
Twisters,Ssecret Cinema: November 10th,-12,8.07,5.82,2.26
Twisters,Star Wars: Return of the Jedi - 40th Anniversary,-6,16.3,17.73,1.43
Twisters,Star Wars: Return of the Jedi - 40th Anniversary,-5,13.39,14.56,1.17
Twisters,Star Wars: Return of the Jedi - 40th Anniversary,-4,18.04,15.88,2.17
Twisters,Star Wars: The Phantom Menace (2024 Re-release),-36,5.6,5.66,0.06
Twisters,Star Wars: The Phantom Menace (2024 Re-release),-35,3.59,4.63,1.04
Twisters,Star Wars: The Phantom Menace (2024 Re-release),-34,4.81,4.77,0.04
Twisters,Star Wars: The Phantom Menace (2024 Re-release),-33,5.35,6.14,0.79
Twisters,Star Wars: The Phantom Menace (2024 Re-release),-32,3.25,4.25,0.99
Twisters,Star Wars: The Phantom Menace (2024 Re-release),-31,3.13,3.1,0.03
Twisters,Star Wars: The Phantom Menace (2024 Re-release),-30,5.22,2.88,2.34
Twisters,Star Wars: The Phantom Menace (2024 Re-release),-29,5.65,4.41,1.24
Twisters,Star Wars: The Phantom Menace (2024 Re-release),-28,3.35,3.04,0.31
Twisters,Star Wars: The Phantom Menace (2024 Re-release),-26,3.28,3.02,0.27
Twisters,Star Wars: The Phantom Menace (2024 Re-release),-25,3.41,4.64,1.24
Twisters,Star Wars: The Phantom Menace (2024 Re-release),-24,3.65,2.74,0.91
Twisters,Star Wars: The Phantom Menace (2024 Re-release),-23,2.57,3.0,0.44
Twisters,Star Wars: The Phantom Menace (2024 Re-release),-22,3.84,2.92,0.92
Twisters,Star Wars: The Phantom Menace (2024 Re-release),-21,6.27,5.25,1.02
Twisters,Star Wars: The Phantom Menace (2024 Re-release),-20,3.85,3.85,0.0
Twisters,Star Wars: The Phantom Menace (2024 Re-release),-19,4.92,2.78,2.14
Twisters,Steel Magnolias 35th Anniversary,-36,5.6,2.67,2.93
Twisters,Steel Magnolias 35th Anniversary,-35,3.59,3.14,0.45
Twisters,Steel Magnolias 35th Anniversary,-34,4.81,2.69,2.12
Twisters,Steel Magnolias 35th Anniversary,-28,3.35,3.99,0.64
Twisters,Steel Magnolias 35th Anniversary,-27,7.93,6.78,1.14
Twisters,Steel Magnolias 35th Anniversary,-26,3.28,5.39,2.11
Twisters,Steel Magnolias 35th Anniversary,-25,3.41,5.44,2.04
Twisters,Steel Magnolias 35th Anniversary,-24,3.65,3.66,0.01
Twisters,Steel Magnolias 35th Anniversary,-23,2.57,5.23,2.67
Twisters,Steel Magnolias 35th Anniversary,-22,3.84,6.64,2.8
Twisters,Steel Magnolias 35th Anniversary,-21,6.27,5.94,0.34
Twisters,Steel Magnolias 35th Anniversary,-20,3.85,5.42,1.57
Twisters,Steel Magnolias 35th Anniversary,-19,4.92,4.44,0.49
Twisters,Steel Magnolias 35th Anniversary,-18,7.6,5.5,2.1
Twisters,Sting,-10,7.43,7.89,0.46
Twisters,Sting,-9,9.45,10.84,1.39
Twisters,Sting,-8,10.16,7.99,2.16
Twisters,Stop Making Sense: The IMAX Experience,-21,6.27,6.05,0.23
Twisters,Stop Making Sense: The IMAX Experience,-20,3.85,5.56,1.71
Twisters,Stop Making Sense: The IMAX Experience,-19,4.92,4.94,0.01
Twisters,Strays,-12,8.07,6.47,1.6
Twisters,Strays,-11,8.39,10.28,1.88
Twisters,Strays,-10,7.43,7.15,0.28
Twisters,Strays,-9,9.45,11.58,2.13
Twisters,Strays,-8,10.16,8.52,1.63
Twisters,Strays,-7,10.56,10.31,0.25
Twisters,Strays,-5,13.39,11.28,2.11
Twisters,Strays,-4,18.04,16.29,1.75
Twisters,Strays,-3,29.61,27.04,2.57
Twisters,Strays: Early Access Screening,-14,8.05,5.6,2.46
Twisters,Strays: Early Access Screening,-13,5.29,4.71,0.57
Twisters,Strays: Early Access Screening,-12,8.07,8.38,0.31
Twisters,Strays: Early Access Screening,-11,8.39,6.96,1.43
Twisters,Strays: Early Access Screening,-10,7.43,7.8,0.37
Twisters,Stream,-21,6.27,5.79,0.48
Twisters,Stream,-20,3.85,3.84,0.01
Twisters,Stream,-19,4.92,4.37,0.55
Twisters,Stream,-18,7.6,4.92,2.68
Twisters,Studio 666,-24,3.65,2.62,1.03
Twisters,Studio 666,-23,2.57,1.87,0.7
Twisters,Studio 666,-22,3.84,1.47,2.38
Twisters,Studio One Forever,-4,18.04,15.38,2.66
Twisters,Studio One Forever,-3,29.61,30.0,0.39
Twisters,Studio One Forever,-2,28.86,29.49,0.63
Twisters,"Suga - Agust D Tour ""D-Day"" in Japan: Live Viewing",-14,8.05,8.28,0.23
Twisters,"Suga - Agust D Tour ""D-Day"" in Japan: Live Viewing",-13,5.29,6.42,1.13
Twisters,"Suga - Agust D Tour ""D-Day"" in Japan: Live Viewing",-12,8.07,5.7,2.37
Twisters,Suga: Agust D Tour D-Day the Movie,-22,3.84,5.51,1.67
Twisters,Suga: Agust D Tour D-Day the Movie,-21,6.27,6.05,0.23
Twisters,Suga: Agust D Tour D-Day the Movie,-20,3.85,2.61,1.24
Twisters,Suga: Agust D Tour D-Day the Movie,-19,4.92,3.18,1.74
Twisters,Summer Wars 4K,-35,3.59,2.82,0.77
Twisters,Summer Wars 4K,-34,4.81,2.39,2.42
Twisters,Summer Wars 4K,-33,5.35,3.1,2.26
Twisters,Summer Wars 4K,-32,3.25,2.97,0.28
Twisters,Summer Wars 4K,-31,3.13,1.95,1.18
Twisters,Summer Wars 4K,-26,3.28,2.4,0.88
Twisters,Summer Wars 4K,-25,3.41,3.92,0.52
Twisters,Summer Wars 4K,-24,3.65,2.87,0.79
Twisters,Summer Wars 4K,-23,2.57,3.42,0.85
Twisters,Summer Wars 4K,-22,3.84,2.82,1.02
Twisters,Sunset Boulevard 75th Anniversary,-26,3.28,5.91,2.63
Twisters,Sunset Boulevard 75th Anniversary,-25,3.41,3.45,0.04
Twisters,Sunset Boulevard 75th Anniversary,-24,3.65,2.26,1.39
Twisters,Sunset Boulevard 75th Anniversary,-23,2.57,2.44,0.13
Twisters,Sunset Boulevard 75th Anniversary,-22,3.84,3.21,0.64
Twisters,Superman,-25,3.41,5.79,2.38
Twisters,Superman,-24,3.65,4.35,0.7
Twisters,Superman,-23,2.57,3.59,1.03
Twisters,Superman,-22,3.84,3.36,0.48
Twisters,Superman,-21,6.27,3.52,2.75
Twisters,Superman,-20,3.85,3.5,0.35
Twisters,Superman,-19,4.92,3.27,1.65
Twisters,Superman Opening Night IMAX Fan Event,-25,3.41,5.98,2.58
Twisters,Superman Opening Night IMAX Fan Event,-24,3.65,2.97,0.68
Twisters,Superman Opening Night IMAX Fan Event,-23,2.57,2.81,0.24
Twisters,Superman Opening Night IMAX Fan Event,-22,3.84,2.5,1.34
Twisters,Swan Lake,-21,6.27,6.09,0.18
Twisters,Swan Lake,-20,3.85,4.59,0.74
Twisters,Swan Lake,-19,4.92,4.15,0.77
Twisters,Swan Lake,-13,5.29,8.03,2.74
Twisters,Swan Lake,-12,8.07,6.7,1.38
Twisters,Swan Lake,-11,8.39,9.04,0.64
Twisters,Swan Lake,-10,7.43,7.77,0.34
Twisters,Sword Art Online: Progressive - Scherzo of Deep Night,-14,8.05,6.2,1.85
Twisters,Sword Art Online: Progressive - Scherzo of Deep Night,-13,5.29,7.55,2.26
Twisters,Sword Art Online: Progressive - Scherzo of Deep Night,-12,8.07,6.42,1.66
Twisters,Sword Art Online: Progressive - Scherzo of Deep Night,-11,8.39,6.38,2.01
Twisters,Sword Art Online: Progressive - Scherzo of Deep Night,-10,7.43,6.34,1.1
Twisters,Taeyong: TY Track in Cinemas,-23,2.57,0.0,2.57
Twisters,Taeyong: TY Track in Cinemas,-22,3.84,1.88,1.97
Twisters,Taeyong: TY Track in Cinemas,-21,6.27,7.1,0.83
Twisters,Taeyong: TY Track in Cinemas,-20,3.85,5.07,1.22
Twisters,Taeyong: TY Track in Cinemas,-19,4.92,2.82,2.1
Twisters,Talk to Me: Early Access Screening,-12,8.07,8.41,0.33
Twisters,Talk to Me: Early Access Screening,-11,8.39,6.46,1.93
Twisters,Talk to Me: Early Access Screening,-10,7.43,7.92,0.48
Twisters,Tears For Fears Live (A Tipping Point Film),-23,2.57,4.45,1.88
Twisters,Tears For Fears Live (A Tipping Point Film),-22,3.84,5.14,1.29
Twisters,Tears For Fears Live (A Tipping Point Film),-21,6.27,4.64,1.63
Twisters,Tears For Fears Live (A Tipping Point Film),-20,3.85,3.69,0.16
Twisters,Tears For Fears Live (A Tipping Point Film),-19,4.92,3.68,1.24
Twisters,Teenage Mutant Ninja Turtles 35th Anniversary,-38,6.71,4.2,2.51
Twisters,Teenage Mutant Ninja Turtles 35th Anniversary,-37,4.33,4.32,0.01
Twisters,Teenage Mutant Ninja Turtles 35th Anniversary,-36,5.6,3.32,2.28
Twisters,Teenage Mutant Ninja Turtles 35th Anniversary,-35,3.59,2.45,1.14
Twisters,Teenage Mutant Ninja Turtles 35th Anniversary,-34,4.81,2.89,1.92
Twisters,Teenage Mutant Ninja Turtles 35th Anniversary,-32,3.25,2.37,0.89
Twisters,Teenage Mutant Ninja Turtles 35th Anniversary,-31,3.13,2.02,1.11
Twisters,Teenage Mutant Ninja Turtles 35th Anniversary,-30,5.22,5.58,0.36
Twisters,Teenage Mutant Ninja Turtles 35th Anniversary,-29,5.65,3.69,1.96
Twisters,Teenage Mutant Ninja Turtles 35th Anniversary,-27,7.93,8.69,0.76
Twisters,Teenage Mutant Ninja Turtles 35th Anniversary,-26,3.28,4.32,1.04
Twisters,Teenage Mutant Ninja Turtles 35th Anniversary,-25,3.41,4.4,0.99
Twisters,Teenage Mutant Ninja Turtles 35th Anniversary,-24,3.65,2.84,0.81
Twisters,Teenage Mutant Ninja Turtles 35th Anniversary,-23,2.57,2.78,0.21
Twisters,Teenage Mutant Ninja Turtles 35th Anniversary,-22,3.84,2.24,1.6
Twisters,Teenage Mutant Ninja Turtles Mutant Mayhem: Early Access Screening,-11,8.39,9.65,1.25
Twisters,Teenage Mutant Ninja Turtles Mutant Mayhem: Early Access Screening,-10,7.43,9.61,2.18
Twisters,Teenage Mutant Ninja Turtles Mutant Mayhem: Early Access Screening,-9,9.45,7.88,1.57
Twisters,Teenage Mutant Ninja Turtles: Mutant Mayhem,-18,7.6,10.18,2.58
Twisters,Teenage Mutant Ninja Turtles: Mutant Mayhem,-17,10.03,7.29,2.74
Twisters,Teenage Mutant Ninja Turtles: Mutant Mayhem,-16,6.92,4.54,2.38
Twisters,Teenage Mutant Ninja Turtles: Mutant Mayhem,-15,4.71,4.84,0.13
Twisters,Teenage Mutant Ninja Turtles: Mutant Mayhem,-14,8.05,6.06,1.99
Twisters,Teenage Mutant Ninja Turtles: Mutant Mayhem,-13,5.29,5.65,0.36
Twisters,Teenage Mutant Ninja Turtles: Mutant Mayhem,-12,8.07,6.64,1.43
Twisters,Tenet Reissue,-25,3.41,4.93,1.52
Twisters,Tenet Reissue,-24,3.65,2.81,0.84
Twisters,Tenet Reissue,-23,2.57,2.8,0.23
Twisters,Terrifier 2,-12,8.07,6.1,1.97
Twisters,Terrifier 2,-11,8.39,6.46,1.94
Twisters,Terrifier 2,-10,7.43,8.21,0.77
Twisters,Terrifier 3,-16,6.92,5.54,1.38
Twisters,Terrifier 3,-15,4.71,5.75,1.05
Twisters,Terrifier 3,-14,8.05,5.99,2.06
Twisters,Terrifier 3,-13,5.29,6.27,0.98
Twisters,Terrifier 3,-12,8.07,6.34,1.73
Twisters,Terrifier 3,-11,8.39,9.84,1.45
Twisters,Terrifier 3,-10,7.43,6.9,0.53
Twisters,Terrifier 3,-9,9.45,9.9,0.45
Twisters,Terrifier 3,-8,10.16,9.59,0.57
Twisters,Terrifier 3,-7,10.56,12.14,1.58
Twisters,Terrifier 3,-6,16.3,13.94,2.36
Twisters,Terrifier 3,-5,13.39,12.89,0.5
Twisters,Terrifier 3,-4,18.04,15.84,2.2
Twisters,Terrifier 3,-2,28.86,27.74,1.11
Twisters,Terrifier 3,-1,76.33,74.58,1.75
Twisters,Terrifier 3,1,87.68,88.31,0.63
Twisters,Texas Chain Saw Day,-18,7.6,6.4,1.19
Twisters,Texas Chain Saw Day,-17,10.03,8.48,1.55
Twisters,Texas Chain Saw Day,-16,6.92,6.59,0.33
Twisters,Texas Chain Saw Day,-15,4.71,5.47,0.77
Twisters,Texas Chain Saw Day,-14,8.05,6.56,1.49
Twisters,Texas Chain Saw Day,-13,5.29,7.67,2.39
Twisters,Texas Chain Saw Day,-12,8.07,7.44,0.63
Twisters,Texas Chain Saw Day,-11,8.39,6.67,1.72
Twisters,Texas Chain Saw Day,-10,7.43,7.78,0.34
Twisters,Texas Chain Saw Day,-9,9.45,8.7,0.75
Twisters,Texas Chain Saw Day,-8,10.16,9.66,0.5
Twisters,Texas Chain Saw Day,-7,10.56,9.75,0.81
Twisters,The 40-Year-Old Virgin: 20th Anniversary,-8,10.16,8.45,1.7
Twisters,The 40-Year-Old Virgin: 20th Anniversary,-7,10.56,10.99,0.42
Twisters,The 40-Year-Old Virgin: 20th Anniversary,-6,16.3,13.87,2.43
Twisters,The 40-Year-Old Virgin: 20th Anniversary,-5,13.39,11.97,1.42
Twisters,The Abyss: Special Edition,-12,8.07,6.06,2.01
Twisters,The Abyss: Special Edition,-11,8.39,5.59,2.81
Twisters,The Abyss: Special Edition,-10,7.43,4.86,2.58
Twisters,The Abyss: Special Edition,-9,9.45,11.54,2.09
Twisters,The Addams Family 2,-9,9.45,10.53,1.08
Twisters,The Addams Family 2,-8,10.16,8.27,1.89
Twisters,The Addams Family 2,-7,10.56,8.82,1.74
Twisters,The Age of Disclosure,-15,4.71,6.93,2.23
Twisters,The Age of Disclosure,-14,8.05,8.93,0.88
Twisters,The Age of Disclosure,-13,5.29,5.02,0.27
Twisters,The Amateur,-16,6.92,5.58,1.34
Twisters,The Amateur,-15,4.71,6.85,2.14
Twisters,The Amateur,-14,8.05,7.0,1.05
Twisters,The Amateur,-13,5.29,6.9,1.61
Twisters,The Amateur,-12,8.07,6.51,1.56
Twisters,The Amateur,-11,8.39,7.51,0.88
Twisters,The Amateur,-10,7.43,8.21,0.78
Twisters,The Amateur,-9,9.45,7.97,1.48
Twisters,The Amateur,-8,10.16,8.69,1.47
Twisters,The Amateur,-7,10.56,11.59,1.03
Twisters,The Amateur: Early Access Screening,-9,9.45,11.76,2.31
Twisters,The Amateur: Early Access Screening,-8,10.16,9.26,0.89
Twisters,The Amateur: Early Access Screening,-7,10.56,8.7,1.86
Twisters,The Amazing Spider-Man (2012) - Sony 100th Anniversary,-37,4.33,4.52,0.19
Twisters,The Amazing Spider-Man (2012) - Sony 100th Anniversary,-36,5.6,2.81,2.79
Twisters,The Amazing Spider-Man (2012) - Sony 100th Anniversary,-35,3.59,3.44,0.15
Twisters,The Amazing Spider-Man (2012) - Sony 100th Anniversary,-34,4.81,3.97,0.85
Twisters,The Amazing Spider-Man (2012) - Sony 100th Anniversary,-33,5.35,3.72,1.63
Twisters,The Amazing Spider-Man (2012) - Sony 100th Anniversary,-32,3.25,3.41,0.16
Twisters,The Amazing Spider-Man (2012) - Sony 100th Anniversary,-31,3.13,3.0,0.13
Twisters,The Amazing Spider-Man (2012) - Sony 100th Anniversary,-30,5.22,3.25,1.97
Twisters,The Amazing Spider-Man (2012) - Sony 100th Anniversary,-29,5.65,2.99,2.66
Twisters,The Amazing Spider-Man (2012) - Sony 100th Anniversary,-28,3.35,3.02,0.33
Twisters,The Amazing Spider-Man (2012) - Sony 100th Anniversary,-26,3.28,2.66,0.62
Twisters,The Amazing Spider-Man (2012) - Sony 100th Anniversary,-25,3.41,1.62,1.79
Twisters,The Amazing Spider-Man (2012) - Sony 100th Anniversary,-24,3.65,2.8,0.86
Twisters,The Amazing Spider-Man (2012) - Sony 100th Anniversary,-23,2.57,2.98,0.42
Twisters,The Amazing Spider-Man (2012) - Sony 100th Anniversary,-22,3.84,2.85,0.99
Twisters,The Amazing Spider-Man (2012) - Sony 100th Anniversary,-21,6.27,3.44,2.83
Twisters,The Amazing Spider-Man 2 (2014) - Sony 100th Anniversary,-38,6.71,3.73,2.98
Twisters,The Amazing Spider-Man 2 (2014) - Sony 100th Anniversary,-37,4.33,2.53,1.8
Twisters,The Amazing Spider-Man 2 (2014) - Sony 100th Anniversary,-36,5.6,2.62,2.98
Twisters,The Amazing Spider-Man 2 (2014) - Sony 100th Anniversary,-35,3.59,2.75,0.85
Twisters,The Amazing Spider-Man 2 (2014) - Sony 100th Anniversary,-34,4.81,2.09,2.72
Twisters,The Amazing Spider-Man 2 (2014) - Sony 100th Anniversary,-33,5.35,3.61,1.74
Twisters,The Amazing Spider-Man 2 (2014) - Sony 100th Anniversary,-32,3.25,1.9,1.35
Twisters,The Amazing Spider-Man 2 (2014) - Sony 100th Anniversary,-31,3.13,2.31,0.82
Twisters,The Amazing Spider-Man 2 (2014) - Sony 100th Anniversary,-30,5.22,2.45,2.77
Twisters,The Amazing Spider-Man 2 (2014) - Sony 100th Anniversary,-29,5.65,2.72,2.93
Twisters,The Amazing Spider-Man 2 (2014) - Sony 100th Anniversary,-28,3.35,3.14,0.21
Twisters,The Amazing Spider-Man 2 (2014) - Sony 100th Anniversary,-27,7.93,7.51,0.41
Twisters,The Amazing Spider-Man 2 (2014) - Sony 100th Anniversary,-25,3.41,4.49,1.09
Twisters,The Amazing Spider-Man 2 (2014) - Sony 100th Anniversary,-24,3.65,2.79,0.86
Twisters,The Amazing Spider-Man 2 (2014) - Sony 100th Anniversary,-23,2.57,3.18,0.61
Twisters,The Amazing Spider-Man 2 (2014) - Sony 100th Anniversary,-22,3.84,2.92,0.92
Twisters,The American Miracle,-18,7.6,7.3,0.3
Twisters,The American Miracle,-17,10.03,9.96,0.07
Twisters,The American Miracle,-16,6.92,6.4,0.52
Twisters,The American Miracle,-15,4.71,7.2,2.49
Twisters,The American Miracle,-14,8.05,5.2,2.85
Twisters,The American Miracle,-13,5.29,6.8,1.52
Twisters,The American Miracle,-11,8.39,9.54,1.15
Twisters,The American Miracle,-10,7.43,7.65,0.21
Twisters,The American Miracle,-9,9.45,10.59,1.14
Twisters,The American Southwest,-10,7.43,9.17,1.74
Twisters,The American Southwest,-9,9.45,8.35,1.1
Twisters,The American Southwest,-8,10.16,9.67,0.49
Twisters,The Animal Kingdom,-11,8.39,9.96,1.56
Twisters,The Animal Kingdom,-10,7.43,6.86,0.57
Twisters,The Animal Kingdom,-9,9.45,7.05,2.4
Twisters,The Ark and the Darkness,-12,8.07,9.89,1.81
Twisters,The Ark and the Darkness,-11,8.39,7.79,0.6
Twisters,The Ark and the Darkness,-10,7.43,7.6,0.17
Twisters,The Ark and the Darkness,-9,9.45,7.7,1.75
Twisters,The Ark and the Darkness,-8,10.16,8.57,1.58
Twisters,The Bad Guys,-6,16.3,13.77,2.53
Twisters,The Bad Guys,-5,13.39,15.8,2.41
Twisters,The Bad Guys,-4,18.04,18.6,0.55
Twisters,The Bad Guys 2,-18,7.6,8.83,1.23
Twisters,The Bad Guys 2,-17,10.03,11.33,1.3
Twisters,The Bad Guys 2,-16,6.92,7.96,1.04
Twisters,The Bad Guys 2,-15,4.71,7.34,2.63
Twisters,The Bad Guys 2,-14,8.05,7.96,0.09
Twisters,The Bad Guys 2,-9,9.45,12.11,2.65
Twisters,The Bad Guys 2,-8,10.16,11.11,0.95
Twisters,The Bad Guys 2,-7,10.56,13.54,2.98
Twisters,The Bad Guys 2,-6,16.3,15.0,1.3
Twisters,The Bad Guys 2,-5,13.39,15.4,2.01
Twisters,The Bad Guys 2,-4,18.04,20.57,2.53
Twisters,The Baltimorons,-15,4.71,6.17,1.46
Twisters,The Baltimorons,-11,8.39,8.33,0.06
Twisters,The Baltimorons,-10,7.43,9.76,2.33
Twisters,The Baltimorons,-9,9.45,7.41,2.04
Twisters,The Batman,-18,7.6,6.31,1.29
Twisters,The Batman,-17,10.03,10.78,0.75
Twisters,The Batman,-16,6.92,7.36,0.44
Twisters,The Batman,-15,4.71,6.37,1.67
Twisters,The Batman,-14,8.05,7.19,0.86
Twisters,The Batman,-13,5.29,5.92,0.64
Twisters,The Batman,-11,8.39,9.17,0.77
Twisters,The Batman,-10,7.43,7.86,0.43
Twisters,The Batman,-9,9.45,8.31,1.15
Twisters,The Batman,-8,10.16,8.23,1.93
Twisters,The Batman,-7,10.56,8.56,2.0
Twisters,The Batman (2022) & The Penguin Sneak Peek - Dolby Cinema Exclusive,-13,5.29,2.96,2.33
Twisters,The Batman (2022) & The Penguin Sneak Peek - Dolby Cinema Exclusive,-12,8.07,5.46,2.62
Twisters,The Batman (2022) & The Penguin Sneak Peek - Dolby Cinema Exclusive,-11,8.39,5.88,2.51
Twisters,The Beekeeper: Early Access Screening,-5,13.39,14.03,0.64
Twisters,The Beekeeper: Early Access Screening,-4,18.04,19.57,1.53
Twisters,The Beekeeper: Early Access Screening,-3,29.61,29.15,0.46
Twisters,The Bikeriders,-19,4.92,6.95,2.03
Twisters,The Bikeriders,-18,7.6,6.94,0.66
Twisters,The Bikeriders,-17,10.03,7.43,2.6
Twisters,The Bikeriders,-16,6.92,6.27,0.65
Twisters,The Bikeriders,-15,4.71,5.7,0.99
Twisters,The Bikeriders,-14,8.05,8.86,0.81
Twisters,The Bikeriders,-12,8.07,5.33,2.75
Twisters,The Bikeriders,-11,8.39,8.23,0.16
Twisters,The Bikeriders,-10,7.43,8.35,0.92
Twisters,The Black Phone,-12,8.07,10.56,2.48
Twisters,The Black Phone,-11,8.39,9.59,1.19
Twisters,The Black Phone,-10,7.43,5.67,1.76
Twisters,The Blind,-20,3.85,2.97,0.88
Twisters,The Blind,-19,4.92,2.79,2.14
Twisters,The Blind,-18,7.6,5.56,2.04
Twisters,The Blind,-16,6.92,4.53,2.39
Twisters,The Blind,-15,4.71,3.24,1.47
Twisters,The Blind,-14,8.05,6.52,1.53
Twisters,The Blind,-13,5.29,6.6,1.31
Twisters,The Blind: A Phil Robertson Tribute,-18,7.6,6.18,1.42
Twisters,The Blind: A Phil Robertson Tribute,-17,10.03,8.97,1.06
Twisters,The Blind: A Phil Robertson Tribute,-16,6.92,4.94,1.98
Twisters,The Blind: A Phil Robertson Tribute,-15,4.71,5.23,0.52
Twisters,The Blind: A Phil Robertson Tribute,-14,8.05,5.37,2.68
Twisters,The Bodyguard 30th Anniversary,-24,3.65,4.0,0.35
Twisters,The Bodyguard 30th Anniversary,-23,2.57,3.98,1.41
Twisters,The Bodyguard 30th Anniversary,-22,3.84,4.11,0.26
Twisters,The Bodyguard 30th Anniversary,-21,6.27,3.53,2.74
Twisters,The Boogeyman,-15,4.71,5.11,0.41
Twisters,The Boogeyman,-14,8.05,6.45,1.61
Twisters,The Boogeyman,-13,5.29,6.41,1.12
Twisters,The Boogeyman,-12,8.07,6.28,1.79
Twisters,The Boogeyman,-11,8.39,8.2,0.2
Twisters,The Boogeyman,-10,7.43,6.54,0.9
Twisters,The Boogeyman,-9,9.45,9.14,0.31
Twisters,The Boogeyman,-8,10.16,10.94,0.79
Twisters,The Boogeyman,-7,10.56,8.44,2.12
Twisters,The Book of Clarence,-26,3.28,2.91,0.37
Twisters,The Book of Clarence,-25,3.41,2.04,1.36
Twisters,The Book of Clarence,-24,3.65,1.72,1.93
Twisters,The Book of Clarence,-23,2.57,2.28,0.28
Twisters,The Book of Clarence,-22,3.84,3.93,0.08
Twisters,The Book of Clarence,-16,6.92,4.96,1.96
Twisters,The Book of Clarence,-15,4.71,3.85,0.85
Twisters,The Book of Clarence,-14,8.05,5.31,2.75
Twisters,The Book of Clarence,-13,5.29,5.66,0.38
Twisters,The Book of Clarence,-6,16.3,17.36,1.06
Twisters,The Book of Clarence,-5,13.39,16.06,2.67
Twisters,The Book of Clarence,-4,18.04,20.28,2.24
Twisters,The Book of Clarence,-3,29.61,26.96,2.65
Twisters,The Boy and the Heron,-14,8.05,7.03,1.03
Twisters,The Boy and the Heron,-13,5.29,6.56,1.28
Twisters,The Boy and the Heron,-12,8.07,7.71,0.36
Twisters,The Breakfast Club: 40th Anniversary,-13,5.29,7.81,2.52
Twisters,The Breakfast Club: 40th Anniversary,-12,8.07,8.12,0.05
Twisters,The Breakfast Club: 40th Anniversary,-11,8.39,7.3,1.09
Twisters,The Breakfast Club: 40th Anniversary,-10,7.43,6.32,1.12
Twisters,The Case for Miracles,-30,5.22,3.31,1.9
Twisters,The Case for Miracles,-29,5.65,2.93,2.72
Twisters,The Case for Miracles,-28,3.35,2.62,0.73
Twisters,The Cat Returns - Studio Ghibli Fest 2024,-26,3.28,2.22,1.06
Twisters,The Cat Returns - Studio Ghibli Fest 2024,-25,3.41,2.52,0.89
Twisters,The Cat Returns - Studio Ghibli Fest 2024,-24,3.65,1.75,1.9
Twisters,The Cat Returns - Studio Ghibli Fest 2024,-23,2.57,2.05,0.52
Twisters,The Cat Returns - Studio Ghibli Fest 2024,-22,3.84,2.35,1.5
Twisters,The Cat Returns - Studio Ghibli Fest 2024,-21,6.27,3.83,2.45
Twisters,The Cat Returns - Studio Ghibli Fest 2024,-20,3.85,2.43,1.42
Twisters,The Chosen Season 3 Finale,-12,8.07,9.63,1.56
Twisters,The Chosen Season 3 Finale,-11,8.39,6.99,1.4
Twisters,The Chosen Season 3 Finale,-10,7.43,9.47,2.03
Twisters,The Chosen Season 3 Finale,-9,9.45,6.85,2.6
Twisters,The Chosen Season 3: Episodes 1 & 2,-18,7.6,9.31,1.71
Twisters,The Chosen Season 3: Episodes 1 & 2,-17,10.03,7.58,2.45
Twisters,The Chosen Season 3: Episodes 1 & 2,-16,6.92,6.38,0.54
Twisters,The Chosen Season 3: Episodes 1 & 2,-15,4.71,5.74,1.03
Twisters,The Chosen Season 3: Episodes 1 & 2,-14,8.05,5.36,2.69
Twisters,The Chosen Season 3: Episodes 1 & 2,-13,5.29,5.36,0.07
Twisters,The Chosen Season 3: Episodes 1 & 2,-12,8.07,5.99,2.09
Twisters,The Chosen Season 3: Episodes 1 & 2,-11,8.39,7.45,0.95
Twisters,The Chosen Season 3: Episodes 1 & 2,-10,7.43,5.98,1.46
Twisters,The Chosen: Last Supper (Season 5) Part 1,-30,5.22,7.08,1.87
Twisters,The Chosen: Last Supper (Season 5) Part 1,-29,5.65,6.43,0.78
Twisters,The Chosen: Last Supper (Season 5) Part 1,-28,3.35,4.86,1.52
Twisters,The Chosen: Last Supper (Season 5) Part 1,-27,7.93,7.93,0.01
Twisters,The Chosen: Last Supper (Season 5) Part 1,-24,3.65,5.67,2.02
Twisters,The Chosen: Last Supper (Season 5) Part 1,-23,2.57,4.78,2.22
Twisters,The Chosen: Last Supper (Season 5) Part 1,-22,3.84,4.59,0.75
Twisters,The Chosen: Last Supper (Season 5) Part 1,-21,6.27,5.55,0.72
Twisters,The Chosen: Last Supper (Season 5) Part 1,-20,3.85,6.37,2.52
Twisters,The Chosen: Last Supper (Season 5) Part 1,-19,4.92,5.9,0.98
Twisters,The Chosen: Last Supper (Season 5) Part 1,-18,7.6,6.98,0.62
Twisters,The Chosen: Last Supper (Season 5) Part 1,-17,10.03,8.73,1.3
Twisters,The Chosen: Last Supper (Season 5) Part 1,-16,6.92,6.53,0.39
Twisters,The Chosen: Last Supper (Season 5) Part 1,-15,4.71,5.8,1.09
Twisters,The Chosen: Last Supper (Season 5) Part 1,-14,8.05,5.92,2.13
Twisters,The Chosen: Last Supper (Season 5) Part 1,-13,5.29,6.83,1.54
Twisters,The Chosen: Last Supper (Season 5) Part 1,-12,8.07,6.76,1.32
Twisters,The Chosen: Last Supper (Season 5) Part 1,-11,8.39,7.42,0.97
Twisters,The Chosen: Last Supper (Season 5) Part 1,-10,7.43,6.41,1.02
Twisters,The Chosen: Last Supper (Season 5) Part 1,-9,9.45,7.13,2.32
Twisters,The Chosen: Last Supper (Season 5) Part 2,-33,5.35,5.54,0.19
Twisters,The Chosen: Last Supper (Season 5) Part 2,-32,3.25,5.68,2.42
Twisters,The Chosen: Last Supper (Season 5) Part 2,-31,3.13,3.78,0.65
Twisters,The Chosen: Last Supper (Season 5) Part 2,-30,5.22,4.22,0.99
Twisters,The Chosen: Last Supper (Season 5) Part 2,-29,5.65,4.31,1.34
Twisters,The Chosen: Last Supper (Season 5) Part 2,-28,3.35,3.88,0.53
Twisters,The Chosen: Last Supper (Season 5) Part 2,-26,3.28,4.37,1.09
Twisters,The Chosen: Last Supper (Season 5) Part 2,-25,3.41,5.63,2.22
Twisters,The Chosen: Last Supper (Season 5) Part 2,-24,3.65,6.0,2.35
Twisters,The Chosen: Last Supper (Season 5) Part 2,-23,2.57,4.52,1.96
Twisters,The Chosen: Last Supper (Season 5) Part 2,-22,3.84,4.46,0.62
Twisters,The Chosen: Last Supper (Season 5) Part 2,-21,6.27,3.84,2.44
Twisters,The Chosen: Last Supper (Season 5) Part 2,-20,3.85,5.22,1.37
Twisters,The Chosen: Last Supper (Season 5) Part 2,-19,4.92,4.93,0.0
Twisters,The Chosen: Last Supper (Season 5) Part 2,-18,7.6,5.53,2.06
Twisters,The Chosen: Last Supper (Season 5) Part 2,-16,6.92,4.65,2.27
Twisters,The Chosen: Last Supper (Season 5) Part 2,-15,4.71,3.48,1.23
Twisters,The Chosen: Last Supper (Season 5) Part 2,-14,8.05,5.37,2.69
Twisters,The Chosen: Last Supper (Season 5) Part 2,-13,5.29,5.2,0.08
Twisters,The Chosen: Last Supper (Season 5) Part 3,-30,5.22,4.74,0.47
Twisters,The Chosen: Last Supper (Season 5) Part 3,-29,5.65,3.57,2.08
Twisters,The Chosen: Last Supper (Season 5) Part 3,-28,3.35,3.38,0.03
Twisters,The Chosen: Last Supper (Season 5) Part 3,-24,3.65,3.72,0.07
Twisters,The Chosen: Last Supper (Season 5) Part 3,-23,2.57,4.39,1.82
Twisters,The Chosen: Last Supper (Season 5) Part 3,-22,3.84,3.24,0.61
Twisters,The Chosen: Last Supper (Season 5) Part 3,-21,6.27,4.41,1.86
Twisters,The Chosen: Last Supper (Season 5) Part 3,-20,3.85,4.07,0.22
Twisters,The Chosen: Last Supper (Season 5) Part 3,-19,4.92,3.45,1.47
Twisters,The Chosen: Last Supper (Season 5) Part 3,-18,7.6,5.37,2.23
Twisters,The Chosen: Last Supper (Season 5) Part 3,-12,8.07,8.05,0.02
Twisters,The Chosen: Last Supper (Season 5) Part 3,-11,8.39,6.26,2.13
Twisters,The Chosen: Last Supper (Season 5) Part 3,-10,7.43,5.18,2.25
Twisters,The Chosen: Season 4 Episodes 4-6,-31,3.13,5.97,2.84
Twisters,The Chosen: Season 4 Episodes 4-6,-30,5.22,4.51,0.71
Twisters,The Chosen: Season 4 Episodes 4-6,-29,5.65,4.35,1.3
Twisters,The Chosen: Season 4 Episodes 4-6,-28,3.35,2.75,0.6
Twisters,The Chosen: Season 4 Episodes 4-6,-26,3.28,3.84,0.56
Twisters,The Chosen: Season 4 Episodes 4-6,-25,3.41,2.49,0.91
Twisters,The Chosen: Season 4 Episodes 4-6,-24,3.65,3.1,0.55
Twisters,The Chosen: Season 4 Episodes 4-6,-23,2.57,2.84,0.28
Twisters,The Chosen: Season 4 Episodes 4-6,-22,3.84,1.91,1.94
Twisters,The Chosen: Season 4 Episodes 4-6,-21,6.27,3.64,2.64
Twisters,The Chosen: Season 4 Episodes 4-6,-20,3.85,3.9,0.05
Twisters,The Chosen: Season 4 Episodes 4-6,-19,4.92,2.98,1.95
Twisters,The Chosen: Season 4 Episodes 7-8,-24,3.65,4.32,0.66
Twisters,The Chosen: Season 4 Episodes 7-8,-23,2.57,2.78,0.22
Twisters,The Chosen: Season 4 Episodes 7-8,-22,3.84,2.47,1.38
Twisters,The Chosen: Season 4 Episodes 7-8,-13,5.29,3.41,1.88
Twisters,The Chosen: Season 4 Episodes 7-8,-12,8.07,6.9,1.17
Twisters,The Chosen: Season 4 Episodes 7-8,-11,8.39,9.66,1.27
Twisters,The Chosen: Season 4 Episodes 7-8,-10,7.43,6.94,0.49
Twisters,The Color Purple,-34,4.81,4.12,0.69
Twisters,The Color Purple,-33,5.35,3.63,1.72
Twisters,The Color Purple,-32,3.25,3.27,0.02
Twisters,The Color Purple,-31,3.13,5.76,2.63
Twisters,The Color Purple,-27,7.93,8.54,0.62
Twisters,The Color Purple,-26,3.28,4.93,1.65
Twisters,The Color Purple,-25,3.41,5.64,2.23
Twisters,The Color Purple,-22,3.84,5.53,1.68
Twisters,The Color Purple,-21,6.27,8.78,2.51
Twisters,The Color Purple,-20,3.85,5.21,1.36
Twisters,The Color Purple,-13,5.29,7.19,1.91
Twisters,The Color Purple,-12,8.07,9.53,1.45
Twisters,The Color Purple,-11,8.39,6.08,2.31
Twisters,The Creator,-12,8.07,6.36,1.72
Twisters,The Creator,-11,8.39,6.76,1.64
Twisters,The Creator,-10,7.43,6.43,1.0
Twisters,The Creator,-9,9.45,9.71,0.26
Twisters,The Creator,-8,10.16,8.49,1.66
Twisters,The Creator,-7,10.56,8.98,1.58
Twisters,The Creator: Early Access Screening,-11,8.39,7.06,1.33
Twisters,The Creator: Early Access Screening,-10,7.43,6.62,0.82
Twisters,The Creator: Early Access Screening,-9,9.45,6.83,2.63
Twisters,The Creator: Early Access Screening,-8,10.16,7.73,2.42
Twisters,The Dark Crystal,-18,7.6,6.6,1.0
Twisters,The Dark Crystal,-16,6.92,5.27,1.65
Twisters,The Dark Crystal,-15,4.71,3.54,1.16
Twisters,The Day the Earth Blew Up: A Looney Tunes Movie: Early Access Screening,-27,7.93,6.41,1.52
Twisters,The Day the Earth Blew Up: A Looney Tunes Movie: Early Access Screening,-26,3.28,3.68,0.4
Twisters,The Day the Earth Blew Up: A Looney Tunes Movie: Early Access Screening,-21,6.27,4.06,2.21
Twisters,The Devil's Rejects 20th Anniversary,-25,3.41,1.8,1.6
Twisters,The Devil's Rejects 20th Anniversary,-24,3.65,1.57,2.08
Twisters,The Devil's Rejects 20th Anniversary,-23,2.57,3.03,0.47
Twisters,The Devil's Rejects 20th Anniversary,-22,3.84,2.37,1.47
Twisters,The Doors: When You're Strange,-24,3.65,5.46,1.81
Twisters,The Doors: When You're Strange,-23,2.57,4.83,2.26
Twisters,The Doors: When You're Strange,-22,3.84,2.8,1.05
Twisters,The Doors: When You're Strange,-21,6.27,6.08,0.19
Twisters,The Doors: When You're Strange,-20,3.85,4.64,0.79
Twisters,The Doors: When You're Strange,-19,4.92,5.55,0.62
Twisters,The Doors: When You're Strange,-18,7.6,5.34,2.25
Twisters,The End of Evangelion,-18,7.6,7.34,0.25
Twisters,The End of Evangelion,-17,10.03,9.46,0.56
Twisters,The End of Evangelion,-16,6.92,7.35,0.43
Twisters,The End of Evangelion,-12,8.07,6.67,1.41
Twisters,The End of Evangelion,-11,8.39,5.44,2.96
Twisters,The End of Evangelion,-10,7.43,6.17,1.26
Twisters,The Exorcist: Believer,-23,2.57,3.21,0.64
Twisters,The Exorcist: Believer,-22,3.84,2.33,1.52
Twisters,The Exorcist: Believer,-21,6.27,7.88,1.61
Twisters,The Exorcist: Believer,-20,3.85,3.92,0.07
Twisters,The Exorcist: Believer,-19,4.92,7.21,2.29
Twisters,The Exorcist: Believer,-18,7.6,5.24,2.36
Twisters,The Exorcist: Believer,-11,8.39,6.96,1.44
Twisters,The Exorcist: Believer,-10,7.43,5.55,1.88
Twisters,The Exorcist: Believer,-9,9.45,8.46,0.99
Twisters,The Exorcist: Believer,-5,13.39,12.41,0.98
Twisters,The Exorcist: Believer,-4,18.04,19.11,1.07
Twisters,The Exorcist: Believer,-3,29.61,29.71,0.1
Twisters,The Exorcist: Believer,-2,28.86,31.74,2.88
Twisters,The Face of Jesus,-16,6.92,8.72,1.8
Twisters,The Face of Jesus,-15,4.71,7.26,2.56
Twisters,The Face of Jesus,-13,5.29,7.39,2.1
Twisters,The Face of Jesus,-12,8.07,8.29,0.22
Twisters,The Face of Jesus,-11,8.39,7.13,1.27
Twisters,The Face of Jesus,-10,7.43,8.31,0.87
Twisters,The Face of Jesus,-9,9.45,10.31,0.86
Twisters,The Face of Jesus,-8,10.16,8.37,1.79
Twisters,The Face of Jesus,-7,10.56,9.39,1.17
Twisters,The Fall Guy,-35,3.59,1.52,2.08
Twisters,The Fall Guy,-34,4.81,2.41,2.4
Twisters,The Fall Guy,-33,5.35,2.38,2.98
Twisters,The Fall Guy,-32,3.25,2.55,0.7
Twisters,The Fall Guy,-31,3.13,1.38,1.75
Twisters,The Fall Guy,-30,5.22,2.69,2.53
Twisters,The Fall Guy,-26,3.28,3.52,0.23
Twisters,The Fall Guy,-25,3.41,2.45,0.96
Twisters,The Fall Guy,-24,3.65,3.12,0.54
Twisters,The Fall Guy,-23,2.57,2.93,0.37
Twisters,The Fall Guy,-22,3.84,2.9,0.94
Twisters,The Fall Guy,-20,3.85,3.19,0.66
Twisters,The Fall Guy,-19,4.92,3.71,1.21
Twisters,The Fall Guy,-18,7.6,7.89,0.29
Twisters,The Fall Guy,-13,5.29,4.45,0.84
Twisters,The Fall Guy,-12,8.07,5.51,2.56
Twisters,The Fall Guy,-11,8.39,5.82,2.57
Twisters,The Fall Guy,-10,7.43,6.61,0.82
Twisters,The Fall Guy: Early Access Screening,-25,3.41,6.04,2.63
Twisters,The Fall Guy: Early Access Screening,-24,3.65,4.63,0.98
Twisters,The Fall Guy: Early Access Screening,-23,2.57,3.91,1.34
Twisters,The Fall Guy: Early Access Screening,-22,3.84,6.17,2.33
Twisters,The Fall Guy: Early Access Screening,-21,6.27,3.89,2.38
Twisters,The Fall Guy: Early Access Screening,-20,3.85,4.36,0.51
Twisters,The Fall Guy: Early Access Screening,-19,4.92,4.92,0.0
Twisters,The Fall Guy: Early Access Screening,-16,6.92,4.59,2.33
Twisters,The Fall Guy: Early Access Screening,-15,4.71,4.37,0.34
Twisters,The Fall Guy: Early Access Screening,-14,8.05,7.78,0.27
Twisters,The Fall Guy: Early Access Screening,-13,5.29,4.24,1.05
Twisters,The Fall Guy: Early Access Screening,-12,8.07,5.97,2.11
Twisters,The Fantastic Four: First Steps,-26,3.28,1.87,1.41
Twisters,The Fantastic Four: First Steps,-25,3.41,1.77,1.63
Twisters,The Fantastic Four: First Steps,-24,3.65,1.74,1.91
Twisters,The Fantastic Four: First Steps,-23,2.57,1.98,0.59
Twisters,The Fantastic Four: First Steps,-22,3.84,1.97,1.87
Twisters,The Fantastic Four: First Steps Opening Night Fan Event,-26,3.28,1.15,2.13
Twisters,The Fantastic Four: First Steps Opening Night Fan Event,-25,3.41,0.78,2.63
Twisters,The Fantastic Four: First Steps Opening Night Fan Event,-24,3.65,0.77,2.88
Twisters,The Fantastic Four: First Steps Opening Night Fan Event,-23,2.57,0.65,1.92
Twisters,The Fantastic Four: First Steps Opening Night Fan Event,-22,3.84,0.89,2.95
Twisters,The Firing Squad,-21,6.27,6.82,0.54
Twisters,The Firing Squad,-20,3.85,6.18,2.33
Twisters,The Firing Squad,-19,4.92,6.25,1.32
Twisters,The Firing Squad,-18,7.6,8.24,0.64
Twisters,The Flash,-16,6.92,3.95,2.97
Twisters,The Flash,-15,4.71,4.22,0.49
Twisters,The Flash,-14,8.05,5.19,2.86
Twisters,The Flash,-13,5.29,5.61,0.32
Twisters,The Flash,-12,8.07,5.98,2.1
Twisters,The Flash,-11,8.39,5.85,2.55
Twisters,The Flash,-10,7.43,5.25,2.18
Twisters,The Forge,-37,4.33,3.1,1.24
Twisters,The Forge,-36,5.6,2.86,2.74
Twisters,The Forge,-35,3.59,4.45,0.85
Twisters,The Forge,-34,4.81,3.44,1.38
Twisters,The Forge,-32,3.25,1.25,2.0
Twisters,The Forge,-31,3.13,4.29,1.16
Twisters,The Forge,-30,5.22,4.98,0.24
Twisters,The Forge,-29,5.65,3.14,2.51
Twisters,The Forge,-28,3.35,1.8,1.55
Twisters,The Forge,-26,3.28,1.25,2.03
Twisters,The Forge,-25,3.41,5.02,1.61
Twisters,The Forge,-24,3.65,5.41,1.76
Twisters,The Forge,-23,2.57,3.1,0.54
Twisters,The Forge,-21,6.27,8.78,2.51
Twisters,The Forge,-20,3.85,6.62,2.77
Twisters,The Forge,-19,4.92,5.85,0.93
Twisters,The Forge,-18,7.6,6.52,1.07
Twisters,The Forge,-12,8.07,7.91,0.17
Twisters,The Forge,-11,8.39,10.23,1.84
Twisters,The Forge,-10,7.43,10.35,2.91
Twisters,The French Dispatch,-19,4.92,5.86,0.93
Twisters,The French Dispatch,-18,7.6,4.94,2.66
Twisters,The French Dispatch,-17,10.03,13.0,2.97
Twisters,The French Dispatch,-14,8.05,7.65,0.4
Twisters,The French Dispatch,-13,5.29,6.88,1.59
Twisters,The French Dispatch,-12,8.07,9.76,1.69
Twisters,The French Dispatch,-11,8.39,8.46,0.07
Twisters,The Front Room,-5,13.39,15.68,2.29
Twisters,The Front Room,-4,18.04,20.23,2.18
Twisters,The Front Room,-3,29.61,28.06,1.55
Twisters,The Garfield Movie,-16,6.92,6.57,0.35
Twisters,The Garfield Movie,-15,4.71,6.46,1.75
Twisters,The Garfield Movie,-14,8.05,6.88,1.17
Twisters,The Garfield Movie,-13,5.29,7.82,2.53
Twisters,The Garfield Movie,-12,8.07,7.37,0.7
Twisters,The Garfield Movie,-11,8.39,6.79,1.61
Twisters,The Garfield Movie,-10,7.43,8.49,1.06
Twisters,The Garfield Movie,-9,9.45,10.92,1.47
Twisters,The Garfield Movie,-8,10.16,10.06,0.1
Twisters,The Garfield Movie,-7,10.56,8.28,2.28
Twisters,The Garfield Movie,-5,13.39,13.61,0.22
Twisters,The Garfield Movie,-4,18.04,17.24,0.8
Twisters,The Garfield Movie,-3,29.61,28.64,0.97
Twisters,The Girl Who Leapt Through Time 4K,-25,3.41,2.97,0.44
Twisters,The Girl Who Leapt Through Time 4K,-24,3.65,1.39,2.27
Twisters,The Girl Who Leapt Through Time 4K,-23,2.57,0.54,2.03
Twisters,The Girl Who Leapt Through Time 4K,-22,3.84,2.76,1.09
Twisters,The Godfather 50th Anniversary Re-release,-24,3.65,1.3,2.35
Twisters,The Godfather 50th Anniversary Re-release,-23,2.57,1.54,1.02
Twisters,The Godfather 50th Anniversary Re-release,-22,3.84,1.04,2.8
Twisters,The Goonies 40th Anniversary,-27,7.93,5.88,2.05
Twisters,The Goonies 40th Anniversary,-26,3.28,3.63,0.35
Twisters,The Goonies 40th Anniversary,-25,3.41,6.34,2.94
Twisters,The Goonies 40th Anniversary,-24,3.65,5.58,1.93
Twisters,The Goonies 40th Anniversary,-14,8.05,9.52,1.47
Twisters,The Goonies 40th Anniversary,-13,5.29,7.45,2.16
Twisters,The Goonies 40th Anniversary,-12,8.07,5.92,2.15
Twisters,The Goonies 40th Anniversary,-11,8.39,8.34,0.05
Twisters,The Goonies 40th Anniversary,-10,7.43,8.03,0.59
Twisters,The Goonies 40th Anniversary,-9,9.45,6.94,2.51
Twisters,The Goonies 40th Anniversary,-8,10.16,7.65,2.5
Twisters,The Goonies 40th Anniversary,-7,10.56,10.04,0.52
Twisters,The Grateful Dead Movie,-35,3.59,1.92,1.68
Twisters,The Grateful Dead Movie,-34,4.81,4.94,0.12
Twisters,The Grateful Dead Movie,-33,5.35,2.44,2.91
Twisters,The Grateful Dead Movie,-32,3.25,2.0,1.26
Twisters,The Grateful Dead Movie,-31,3.13,1.06,2.06
Twisters,The Grateful Dead Movie,-30,5.22,2.49,2.73
Twisters,The Grateful Dead Movie,-26,3.28,5.45,2.17
Twisters,The Grateful Dead Movie,-25,3.41,1.77,1.64
Twisters,The Grateful Dead Movie,-24,3.65,2.3,1.35
Twisters,The Grateful Dead Movie,-23,2.57,1.68,0.89
Twisters,The Grateful Dead Movie,-22,3.84,1.82,2.03
Twisters,The Grateful Dead Movie: Early Access Screening,-35,3.59,1.76,1.84
Twisters,The Grateful Dead Movie: Early Access Screening,-34,4.81,1.89,2.93
Twisters,The Grateful Dead Movie: Early Access Screening,-33,5.35,3.49,1.87
Twisters,The Grateful Dead Movie: Early Access Screening,-32,3.25,2.17,1.08
Twisters,The Grateful Dead Movie: Early Access Screening,-31,3.13,2.45,0.67
Twisters,The Grateful Dead Movie: Early Access Screening,-26,3.28,2.03,1.26
Twisters,The Grateful Dead Movie: Early Access Screening,-25,3.41,2.18,1.23
Twisters,The Grateful Dead Movie: Early Access Screening,-24,3.65,1.75,1.9
Twisters,The Grateful Dead Movie: Early Access Screening,-23,2.57,1.55,1.02
Twisters,The Grateful Dead Movie: Early Access Screening,-22,3.84,2.43,1.41
Twisters,The Hopeful,-23,2.57,0.0,2.57
Twisters,The Hopeful,-21,6.27,7.88,1.6
Twisters,The Hopeful,-20,3.85,2.77,1.08
Twisters,The Hopeful,-15,4.71,4.29,0.41
Twisters,The Hopeful,-14,8.05,7.92,0.14
Twisters,The Hopeful,-13,5.29,7.62,2.34
Twisters,The Hopeful,-11,8.39,7.52,0.87
Twisters,The Hopeful,-10,7.43,4.78,2.66
Twisters,The Hopeful,-9,9.45,11.08,1.63
Twisters,"The Horrors of Osgood Perkins: Longlegs, The Monkey, Keeper Triple Feature",-11,8.39,6.6,1.79
Twisters,"The Horrors of Osgood Perkins: Longlegs, The Monkey, Keeper Triple Feature",-10,7.43,6.26,1.17
Twisters,"The Horrors of Osgood Perkins: Longlegs, The Monkey, Keeper Triple Feature",-9,9.45,8.51,0.94
Twisters,The Hunger Games (2023 Re-Release),-35,3.59,5.36,1.77
Twisters,The Hunger Games (2023 Re-Release),-34,4.81,2.18,2.63
Twisters,The Hunger Games (2023 Re-Release),-33,5.35,7.48,2.12
Twisters,The Hunger Games (2023 Re-Release),-31,3.13,2.03,1.09
Twisters,The Hunger Games (2023 Re-Release),-25,3.41,5.64,2.23
Twisters,The Hunger Games (2023 Re-Release),-24,3.65,6.22,2.57
Twisters,The Hunger Games (2023 Re-Release),-23,2.57,5.12,2.56
Twisters,The Hunger Games (2023 Re-Release),-22,3.84,2.67,1.17
Twisters,The Hunger Games (2023 Re-Release),-21,6.27,3.73,2.54
Twisters,The Hunger Games (2023 Re-Release),-20,3.85,4.63,0.78
Twisters,The Hunger Games (2023 Re-Release),-19,4.92,2.73,2.2
Twisters,The Incredibles (2004) - Disney100 Special Engagement,-24,3.65,5.2,1.55
Twisters,The Incredibles (2004) - Disney100 Special Engagement,-22,3.84,5.94,2.09
Twisters,The Incredibles (2004) - Disney100 Special Engagement,-21,6.27,3.53,2.74
Twisters,The Incredibles (2004) - Disney100 Special Engagement,-19,4.92,6.28,1.35
Twisters,The Incredibles (2004) - Disney100 Special Engagement,-8,10.16,13.04,2.89
Twisters,The Incredibles (2004) - Disney100 Special Engagement,-7,10.56,9.16,1.4
Twisters,The Incredibles (2004) - Disney100 Special Engagement,-6,16.3,14.31,1.99
Twisters,The Incredibles (2004) - Disney100 Special Engagement,-5,13.39,13.8,0.41
Twisters,The Iron Claw,-12,8.07,7.32,0.75
Twisters,The Iron Claw,-11,8.39,10.53,2.14
Twisters,The Iron Claw,-10,7.43,9.03,1.59
Twisters,The Iron Claw: Early Access Screening,-18,7.6,9.72,2.13
Twisters,The Iron Claw: Early Access Screening,-17,10.03,7.39,2.64
Twisters,The Iron Claw: Early Access Screening,-16,6.92,8.43,1.51
Twisters,The Iron Claw: Early Access Screening,-15,4.71,5.17,0.46
Twisters,The Iron Claw: Early Access Screening,-14,8.05,6.28,1.77
Twisters,The Iron Claw: Early Access Screening,-13,5.29,4.68,0.61
Twisters,The Jester 2,-24,3.65,3.17,0.48
Twisters,The Jester 2,-21,6.27,4.13,2.15
Twisters,The Jester 2,-20,3.85,3.12,0.73
Twisters,The Jester 2,-14,8.05,10.59,2.54
Twisters,The Jester 2,-13,5.29,2.47,2.81
Twisters,The Jester 2,-12,8.07,10.62,2.54
Twisters,The King of Kings,-16,6.92,7.63,0.71
Twisters,The King of Kings,-15,4.71,6.95,2.25
Twisters,The King of Kings,-14,8.05,6.39,1.66
Twisters,The King of Kings,-13,5.29,5.8,0.51
Twisters,The King of Kings,-12,8.07,7.88,0.19
Twisters,The King of Kings,-11,8.39,8.8,0.4
Twisters,The King of Kings,-10,7.43,9.87,2.43
Twisters,The King of Kings,-9,9.45,9.06,0.39
Twisters,The King of Kings,-8,10.16,11.7,1.54
Twisters,The King of Kings,-7,10.56,10.72,0.16
Twisters,The King's Man,-18,7.6,5.56,2.04
Twisters,The King's Man,-17,10.03,7.06,2.96
Twisters,The King's Man,-16,6.92,5.76,1.16
Twisters,The King's Man,-14,8.05,6.43,1.63
Twisters,The King's Man,-13,5.29,4.77,0.52
Twisters,The King's Man,-12,8.07,6.23,1.84
Twisters,The King's Man,-10,7.43,5.89,1.55
Twisters,The King's Man,-9,9.45,8.82,0.64
Twisters,The King's Man,-8,10.16,7.82,2.34
Twisters,The King's Man,-7,10.56,10.38,0.18
Twisters,The Last Rodeo,-16,6.92,6.96,0.04
Twisters,The Last Rodeo,-15,4.71,5.68,0.97
Twisters,The Last Rodeo,-14,8.05,5.39,2.66
Twisters,The Last Rodeo,-13,5.29,5.12,0.17
Twisters,The Last Rodeo,-12,8.07,5.78,2.29
Twisters,The Last Rodeo,-11,8.39,6.76,1.63
Twisters,The Last Rodeo,-10,7.43,5.32,2.11
Twisters,The Last Showgirl,-6,16.3,18.82,2.52
Twisters,The Last Showgirl,-5,13.39,13.65,0.26
Twisters,The Last Showgirl,-4,18.04,18.56,0.51
Twisters,The Life of Chuck,-8,10.16,11.35,1.19
Twisters,The Life of Chuck,-7,10.56,13.45,2.89
Twisters,The Life of Chuck,-6,16.3,18.26,1.96
Twisters,The Little Mermaid (2023),-21,6.27,7.72,1.44
Twisters,The Little Mermaid (2023),-20,3.85,5.77,1.92
Twisters,The Little Mermaid (2023),-19,4.92,6.18,1.26
Twisters,The Little Mermaid (2023),-18,7.6,5.99,1.61
Twisters,The Little Mermaid (2023),-15,4.71,5.94,1.23
Twisters,The Little Mermaid (2023),-14,8.05,10.13,2.08
Twisters,The Little Mermaid (2023),-13,5.29,6.36,1.07
Twisters,The Little Mermaid (2023),-12,8.07,6.95,1.13
Twisters,The Little Mermaid (2023),-11,8.39,5.93,2.46
Twisters,The Little Mermaid (2023),-10,7.43,8.66,1.23
Twisters,The Little Mermaid (2023),-9,9.45,10.24,0.79
Twisters,The Little Mermaid (2023),-8,10.16,9.26,0.89
Twisters,The Little Mermaid (2023),-7,10.56,9.32,1.24
Twisters,The Little Mermaid: Early Access Screening,-24,3.65,6.1,2.45
Twisters,The Little Mermaid: Early Access Screening,-23,2.57,5.06,2.5
Twisters,The Little Mermaid: Early Access Screening,-22,3.84,5.1,1.25
Twisters,The Little Mermaid: Early Access Screening,-21,6.27,5.02,1.25
Twisters,The Little Mermaid: Early Access Screening,-20,3.85,3.42,0.43
Twisters,The Little Mermaid: Early Access Screening,-19,4.92,5.21,0.29
Twisters,The Little Mermaid: Early Access Screening,-18,7.6,5.52,2.08
Twisters,The Little Mermaid: Early Access Screening,-16,6.92,4.03,2.89
Twisters,The Little Mermaid: Early Access Screening,-15,4.71,4.3,0.41
Twisters,The Little Mermaid: Early Access Screening,-14,8.05,8.02,0.03
Twisters,The Little Mermaid: Early Access Screening,-13,5.29,5.58,0.29
Twisters,The Little Mermaid: Early Access Screening,-12,8.07,6.77,1.3
Twisters,The Long Walk,-7,10.56,13.38,2.81
Twisters,The Long Walk,-6,16.3,18.32,2.02
Twisters,The Long Walk,-5,13.39,15.11,1.72
Twisters,The Lost City,-17,10.03,10.71,0.68
Twisters,The Lost City,-16,6.92,9.61,2.69
Twisters,The Lost City,-15,4.71,5.89,1.18
Twisters,The Lost City,-14,8.05,8.35,0.3
Twisters,The Lost City,-13,5.29,5.72,0.43
Twisters,The Lost City,-12,8.07,6.71,1.37
Twisters,The Lost City,-11,8.39,6.92,1.47
Twisters,The Lost City,-9,9.45,7.78,1.67
Twisters,The Lost City,-8,10.16,9.44,0.71
Twisters,The Lost City,-7,10.56,9.55,1.01
Twisters,The Machine: A Theatrical Experience with Bert Kreischer Live,-26,3.28,0.8,2.48
Twisters,The Machine: A Theatrical Experience with Bert Kreischer Live,-25,3.41,0.64,2.76
Twisters,The Machine: A Theatrical Experience with Bert Kreischer Live,-24,3.65,0.7,2.95
Twisters,The Marvels,-27,7.93,6.17,1.76
Twisters,The Marvels,-26,3.28,4.95,1.67
Twisters,The Marvels,-25,3.41,6.1,2.69
Twisters,The Marvels,-24,3.65,4.5,0.85
Twisters,The Marvels,-23,2.57,4.67,2.1
Twisters,The Marvels,-22,3.84,2.81,1.03
Twisters,The Matrix 25th Anniversary,-18,7.6,7.69,0.09
Twisters,The Matrix 25th Anniversary,-17,10.03,8.16,1.86
Twisters,The Matrix 25th Anniversary,-16,6.92,9.43,2.51
Twisters,The Matrix Reissue,-5,13.39,13.2,0.19
Twisters,The Matrix Reissue,-4,18.04,15.16,2.88
Twisters,The Matrix Reissue,-3,29.61,29.71,0.1
Twisters,The Matrix Reissue,-2,28.86,30.7,1.85
Twisters,The Matrix Resurrections,-12,8.07,10.69,2.62
Twisters,The Matrix Resurrections,-11,8.39,9.6,1.2
Twisters,The Matrix Resurrections,-10,7.43,8.31,0.88
Twisters,The Matrix Resurrections,-9,9.45,9.32,0.13
Twisters,The Matrix Resurrections,-8,10.16,8.67,1.49
Twisters,The Matrix Resurrections,-7,10.56,8.66,1.9
Twisters,The Menu,-18,7.6,9.2,1.6
Twisters,The Menu,-17,10.03,7.1,2.93
Twisters,The Menu,-16,6.92,8.61,1.69
Twisters,The Menu,-15,4.71,7.45,2.74
Twisters,The Menu,-14,8.05,5.34,2.71
Twisters,The Menu,-13,5.29,6.05,0.76
Twisters,The Menu,-12,8.07,6.26,1.81
Twisters,The Menu,-11,8.39,7.44,0.95
Twisters,The Menu,-10,7.43,7.52,0.09
Twisters,The Menu,-9,9.45,8.24,1.21
Twisters,The Menu,-8,10.16,7.38,2.77
Twisters,The Menu,-7,10.56,10.94,0.38
Twisters,The Metropolitan Opera: Aida,-21,6.27,3.38,2.9
Twisters,The Metropolitan Opera: Aida,-20,3.85,1.88,1.97
Twisters,The Metropolitan Opera: Aida,-19,4.92,2.69,2.23
Twisters,The Metropolitan Opera: Carmen,-25,3.41,1.79,1.61
Twisters,The Metropolitan Opera: Carmen,-24,3.65,2.87,0.78
Twisters,The Metropolitan Opera: Carmen,-23,2.57,1.48,1.09
Twisters,The Metropolitan Opera: Carmen,-22,3.84,5.5,1.66
Twisters,The Metropolitan Opera: Carmen,-21,6.27,7.76,1.49
Twisters,The Metropolitan Opera: Carmen,-13,5.29,4.39,0.9
Twisters,The Metropolitan Opera: Carmen,-12,8.07,6.47,1.6
Twisters,The Metropolitan Opera: Carmen,-11,8.39,6.97,1.42
Twisters,The Metropolitan Opera: Carmen,-10,7.43,5.65,1.78
Twisters,The Metropolitan Opera: Fidelio,-25,3.41,2.18,1.22
Twisters,The Metropolitan Opera: Fidelio,-24,3.65,3.28,0.37
Twisters,The Metropolitan Opera: Fidelio,-23,2.57,0.93,1.64
Twisters,The Metropolitan Opera: Fidelio,-22,3.84,1.16,2.69
Twisters,The Metropolitan Opera: Grounded,-25,3.41,4.23,0.82
Twisters,The Metropolitan Opera: Grounded,-24,3.65,4.91,1.26
Twisters,The Metropolitan Opera: Grounded,-23,2.57,2.15,0.42
Twisters,The Metropolitan Opera: Grounded,-22,3.84,1.46,2.38
Twisters,The Metropolitan Opera: Il Barbiere di Siviglia,-25,3.41,1.67,1.74
Twisters,The Metropolitan Opera: Il Barbiere di Siviglia,-24,3.65,1.42,2.23
Twisters,The Metropolitan Opera: Il Barbiere di Siviglia,-23,2.57,0.97,1.6
Twisters,The Metropolitan Opera: Il Barbiere di Siviglia,-22,3.84,1.17,2.67
Twisters,The Metropolitan Opera: La Forza Del Destino,-26,3.28,0.65,2.63
Twisters,The Metropolitan Opera: La Forza Del Destino,-25,3.41,1.46,1.94
Twisters,The Metropolitan Opera: La Forza Del Destino,-24,3.65,1.25,2.4
Twisters,The Metropolitan Opera: La Forza Del Destino,-23,2.57,1.58,0.99
Twisters,The Metropolitan Opera: La Forza Del Destino,-22,3.84,1.0,2.85
Twisters,The Metropolitan Opera: La Rondine,-25,3.41,1.69,1.72
Twisters,The Metropolitan Opera: La Rondine,-24,3.65,1.65,2.0
Twisters,The Metropolitan Opera: La Rondine,-23,2.57,1.08,1.49
Twisters,The Metropolitan Opera: La Rondine,-22,3.84,1.77,2.07
Twisters,The Metropolitan Opera: La Rondine Encore,-27,7.93,9.15,1.23
Twisters,The Metropolitan Opera: La Rondine Encore,-26,3.28,1.56,1.72
Twisters,The Metropolitan Opera: La Rondine Encore,-25,3.41,5.57,2.16
Twisters,The Metropolitan Opera: La Rondine Encore,-24,3.65,1.1,2.55
Twisters,The Metropolitan Opera: La Rondine Encore,-23,2.57,1.74,0.82
Twisters,The Metropolitan Opera: La Rondine Encore,-22,3.84,2.06,1.79
Twisters,The Metropolitan Opera: La Sonnambula,-25,3.41,1.31,2.09
Twisters,The Metropolitan Opera: La Sonnambula,-24,3.65,1.83,1.82
Twisters,The Metropolitan Opera: La Sonnambula,-23,2.57,1.32,1.25
Twisters,The Metropolitan Opera: La Sonnambula,-22,3.84,1.38,2.46
Twisters,The Metropolitan Opera: Le Nozze di Figaro,-26,3.28,0.96,2.32
Twisters,The Metropolitan Opera: Le Nozze di Figaro,-25,3.41,0.94,2.47
Twisters,The Metropolitan Opera: Le Nozze di Figaro,-24,3.65,2.0,1.65
Twisters,The Metropolitan Opera: Le Nozze di Figaro,-23,2.57,1.54,1.03
Twisters,The Metropolitan Opera: Le Nozze di Figaro,-22,3.84,1.29,2.56
Twisters,The Metropolitan Opera: Les Contes d'Hoffmann,-25,3.41,1.59,1.81
Twisters,The Metropolitan Opera: Les Contes d'Hoffmann,-24,3.65,2.21,1.44
Twisters,The Metropolitan Opera: Les Contes d'Hoffmann,-23,2.57,2.89,0.32
Twisters,The Metropolitan Opera: Les Contes d'Hoffmann,-22,3.84,2.43,1.42
Twisters,The Metropolitan Opera: Madama Butterfly,-26,3.28,0.92,2.36
Twisters,The Metropolitan Opera: Madama Butterfly,-25,3.41,1.53,1.88
Twisters,The Metropolitan Opera: Madama Butterfly,-24,3.65,0.96,2.69
Twisters,The Metropolitan Opera: Madama Butterfly,-23,2.57,0.82,1.74
Twisters,The Metropolitan Opera: Nabucco,-25,3.41,4.89,1.48
Twisters,The Metropolitan Opera: Nabucco,-24,3.65,0.9,2.75
Twisters,The Metropolitan Opera: Nabucco,-23,2.57,4.34,1.77
Twisters,The Metropolitan Opera: Nabucco,-22,3.84,3.17,0.67
Twisters,The Metropolitan Opera: Nabucco Encore,-27,7.93,9.24,1.32
Twisters,The Metropolitan Opera: Nabucco Encore,-26,3.28,1.37,1.91
Twisters,The Metropolitan Opera: Nabucco Encore,-25,3.41,2.24,1.16
Twisters,The Metropolitan Opera: Nabucco Encore,-24,3.65,1.97,1.68
Twisters,The Metropolitan Opera: Nabucco Encore,-23,2.57,1.57,1.0
Twisters,The Metropolitan Opera: Nabucco Encore,-22,3.84,1.01,2.84
Twisters,The Metropolitan Opera: Nabucco Encore,-20,3.85,3.77,0.08
Twisters,The Metropolitan Opera: Nabucco Encore,-19,4.92,3.28,1.64
Twisters,The Metropolitan Opera: Romeo Et Juliette,-24,3.65,2.88,0.77
Twisters,The Metropolitan Opera: Romeo Et Juliette,-23,2.57,0.89,1.68
Twisters,The Metropolitan Opera: Romeo Et Juliette,-22,3.84,1.95,1.9
Twisters,The Metropolitan Opera: Salome,-25,3.41,1.0,2.41
Twisters,The Metropolitan Opera: Salome,-24,3.65,0.69,2.96
Twisters,The Metropolitan Opera: Salome,-23,2.57,0.84,1.73
Twisters,The Metropolitan Opera: The Magic Flute,-26,3.28,1.96,1.32
Twisters,The Metropolitan Opera: The Magic Flute,-25,3.41,1.19,2.21
Twisters,The Metropolitan Opera: The Magic Flute,-24,3.65,2.23,1.42
Twisters,The Metropolitan Opera: The Magic Flute,-23,2.57,1.5,1.07
Twisters,The Metropolitan Opera: The Magic Flute,-22,3.84,2.38,1.46
Twisters,The Metropolitan Opera: The Magic Flute,-20,3.85,2.33,1.52
Twisters,The Metropolitan Opera: The Magic Flute,-19,4.92,2.41,2.51
Twisters,The Metropolitan Opera: The Magic Flute,-18,7.6,4.96,2.64
Twisters,The Metropolitan Opera: The Magic Flute Holiday Encore (2024),-18,7.6,5.24,2.36
Twisters,The Metropolitan Opera: The Magic Flute Holiday Encore (2024),-15,4.71,4.46,0.24
Twisters,The Metropolitan Opera: The Magic Flute Holiday Encore (2024),-13,5.29,6.15,0.86
Twisters,The Metropolitan Opera: Tosca,-26,3.28,1.68,1.6
Twisters,The Metropolitan Opera: Tosca,-25,3.41,1.3,2.1
Twisters,The Metropolitan Opera: Tosca,-24,3.65,1.91,1.74
Twisters,The Metropolitan Opera: Tosca,-23,2.57,2.08,0.49
Twisters,The Metropolitan Opera: Tosca,-22,3.84,1.55,2.29
Twisters,The Metropolitan Opera: Tosca Encore,-20,3.85,3.23,0.62
Twisters,The Metropolitan Opera: Tosca Encore,-19,4.92,3.22,1.71
Twisters,The Metropolitan Opera: Tosca Encore,-18,7.6,9.64,2.04
Twisters,The Monkey,-12,8.07,7.86,0.21
Twisters,The Monkey,-11,8.39,7.83,0.56
Twisters,The Monkey,-10,7.43,6.92,0.51
Twisters,The Monkey,-9,9.45,9.47,0.02
Twisters,The Monkey,-8,10.16,12.31,2.15
Twisters,The Mummy 25th Anniversary Re-Release,-14,8.05,9.07,1.01
Twisters,The Mummy 25th Anniversary Re-Release,-13,5.29,7.65,2.37
Twisters,The Mummy 25th Anniversary Re-Release,-12,8.07,8.06,0.01
Twisters,The Mummy 25th Anniversary Re-Release,-11,8.39,5.78,2.62
Twisters,The Mummy 25th Anniversary Re-Release,-10,7.43,5.12,2.32
Twisters,The Muppet Movie 45th Anniversary,-26,3.28,2.55,0.73
Twisters,The Muppet Movie 45th Anniversary,-25,3.41,3.69,0.29
Twisters,The Muppet Movie 45th Anniversary,-24,3.65,1.84,1.81
Twisters,The Muppet Movie 45th Anniversary,-23,2.57,4.09,1.52
Twisters,The Muppet Movie 45th Anniversary,-21,6.27,4.67,1.6
Twisters,The Muppet Movie 45th Anniversary,-20,3.85,2.95,0.9
Twisters,The Muppet Movie 45th Anniversary,-19,4.92,5.95,1.03
Twisters,The Naked Gun,-12,8.07,10.41,2.34
Twisters,The Naked Gun,-11,8.39,10.19,1.8
Twisters,The Naked Gun,-10,7.43,9.88,2.44
Twisters,The Naked Gun,-9,9.45,11.3,1.85
Twisters,The Naked Gun,-8,10.16,10.25,0.1
Twisters,The Naked Gun,-7,10.56,11.08,0.52
Twisters,The Naked Gun with In-Person Intro from Liam Neeson,-11,8.39,11.11,2.72
Twisters,The Naked Gun with In-Person Intro from Liam Neeson,-10,7.43,8.89,1.45
Twisters,The Naked Gun with In-Person Intro from Liam Neeson,-7,10.56,11.43,0.87
Twisters,The Neverending Story 40th Anniversary,-32,3.25,1.18,2.07
Twisters,The Neverending Story 40th Anniversary,-31,3.13,2.46,0.67
Twisters,The Neverending Story 40th Anniversary,-30,5.22,2.76,2.45
Twisters,The Neverending Story 40th Anniversary,-26,3.28,1.28,2.0
Twisters,The Neverending Story 40th Anniversary,-25,3.41,1.55,1.86
Twisters,The Neverending Story 40th Anniversary,-24,3.65,3.07,0.59
Twisters,The Neverending Story 40th Anniversary,-23,2.57,5.56,2.99
Twisters,The Neverending Story 40th Anniversary,-22,3.84,5.06,1.22
Twisters,The Neverending Story 40th Anniversary,-21,6.27,6.25,0.02
Twisters,The Neverending Story 40th Anniversary,-20,3.85,4.92,1.07
Twisters,The Neverending Story 40th Anniversary,-19,4.92,5.37,0.44
Twisters,The Nightmare Before Christmas Re-Release,-12,8.07,7.95,0.12
Twisters,The Nightmare Before Christmas Re-Release,-11,8.39,7.92,0.48
Twisters,The Nightmare Before Christmas Re-Release,-10,7.43,6.33,1.1
Twisters,The Nightmare Before Christmas Re-Release,-9,9.45,7.29,2.17
Twisters,The Nightmare Before Christmas Re-Release,-8,10.16,7.87,2.28
Twisters,The Nightmare Before Christmas Re-Release,-7,10.56,7.73,2.83
Twisters,The Outrun,-9,9.45,9.82,0.37
Twisters,The Outrun,-8,10.16,11.96,1.8
Twisters,The Outrun,-7,10.56,12.64,2.08
Twisters,The Rocky Horror Picture Show 50th Anniversary,-10,7.43,9.59,2.15
Twisters,The Rocky Horror Picture Show 50th Anniversary,-9,9.45,11.26,1.81
Twisters,The Rocky Horror Picture Show 50th Anniversary,-8,10.16,10.51,0.35
Twisters,The Rocky Horror Picture Show 50th Anniversary,-7,10.56,9.03,1.53
Twisters,The Rocky Horror Picture Show 50th Anniversary,-6,16.3,13.32,2.98
Twisters,The Rocky Horror Picture Show 50th Anniversary,-5,13.39,11.43,1.96
Twisters,The Room Next Door,-19,4.92,7.05,2.13
Twisters,The Room Next Door,-18,7.6,7.23,0.37
Twisters,The Room Next Door,-17,10.03,12.15,2.12
Twisters,The Room Next Door,-16,6.92,9.39,2.47
Twisters,The Room Next Door,-15,4.71,7.5,2.79
Twisters,The Room Next Door,-14,8.05,5.18,2.87
Twisters,The Room Next Door,-12,8.07,8.03,0.04
Twisters,The Room Next Door,-11,8.39,7.76,0.63
Twisters,The Room Next Door,-10,7.43,7.75,0.32
Twisters,The Room Next Door,-9,9.45,9.12,0.34
Twisters,The Room Next Door,-8,10.16,9.59,0.57
Twisters,The Room Next Door,-7,10.56,9.66,0.9
Twisters,The Royal Ballet: The Nutcracker (2024),-31,3.13,3.05,0.07
Twisters,The Royal Ballet: The Nutcracker (2024),-30,5.22,7.98,2.76
Twisters,The Royal Ballet: The Nutcracker (2024),-29,5.65,4.28,1.37
Twisters,The Royal Ballet: The Nutcracker (2024),-16,6.92,6.57,0.36
Twisters,The Royal Ballet: The Nutcracker (2024),-15,4.71,6.96,2.25
Twisters,The Royal Ballet: The Nutcracker (2024),-14,8.05,7.18,0.87
Twisters,The Royal Ballet: The Nutcracker (2024),-13,5.29,6.97,1.68
Twisters,The Royal Ballet: The Nutcracker (2024),-12,8.07,6.96,1.12
Twisters,The Royal Ballet: The Nutcracker (2024),-11,8.39,6.75,1.64
Twisters,The Royal Ballet: The Nutcracker (2024),-10,7.43,5.85,1.58
Twisters,The Running Man,-14,8.05,8.34,0.29
Twisters,The Running Man,-13,5.29,5.85,0.56
Twisters,The Running Man,-12,8.07,7.18,0.89
Twisters,The Running Man,-11,8.39,8.65,0.26
Twisters,The Running Man,-10,7.43,6.27,1.16
Twisters,The Running Man,-9,9.45,8.67,0.78
Twisters,The Running Man,-8,10.16,7.87,2.28
Twisters,The Running Man,-7,10.56,7.71,2.85
Twisters,The Running Man with Edgar Wright In-Person Special Intro,-13,5.29,3.71,1.58
Twisters,The Running Man with Edgar Wright In-Person Special Intro,-12,8.07,9.57,1.5
Twisters,The Running Man with Edgar Wright In-Person Special Intro,-11,8.39,7.11,1.29
Twisters,The Running Man with Edgar Wright In-Person Special Intro,-9,9.45,8.38,1.08
Twisters,The Secret World of Arrietty - Studio Ghibli Fest 2024,-37,4.33,2.04,2.29
Twisters,The Secret World of Arrietty - Studio Ghibli Fest 2024,-35,3.59,2.89,0.71
Twisters,The Secret World of Arrietty - Studio Ghibli Fest 2024,-33,5.35,2.49,2.86
Twisters,The Secret World of Arrietty - Studio Ghibli Fest 2024,-32,3.25,6.11,2.85
Twisters,The Secret World of Arrietty - Studio Ghibli Fest 2024,-31,3.13,2.87,0.25
Twisters,The Secret World of Arrietty - Studio Ghibli Fest 2024,-24,3.65,5.43,1.78
Twisters,The Secret World of Arrietty - Studio Ghibli Fest 2024,-23,2.57,1.39,1.17
Twisters,The Secret World of Arrietty - Studio Ghibli Fest 2024,-22,3.84,4.03,0.19
Twisters,The Secret World of Arrietty - Studio Ghibli Fest 2024,-20,3.85,6.7,2.85
Twisters,The Secret World of Arrietty - Studio Ghibli Fest 2024,-19,4.92,5.32,0.39
Twisters,The Secret World of Arrietty - Studio Ghibli Fest 2024,-18,7.6,6.98,0.62
Twisters,The Secret World of Arrietty - Studio Ghibli Fest 2024,-17,10.03,8.1,1.93
Twisters,The Secret World of Arrietty - Studio Ghibli Fest 2024,-16,6.92,6.35,0.57
Twisters,The Secret World of Arrietty - Studio Ghibli Fest 2024,-15,4.71,4.96,0.25
Twisters,The Secret World of Arrietty - Studio Ghibli Fest 2024,-14,8.05,5.35,2.7
Twisters,The Secret World of Arrietty - Studio Ghibli Fest 2024,-13,5.29,7.22,1.93
Twisters,The Secret World of Arrietty - Studio Ghibli Fest 2024,-12,8.07,6.28,1.8
Twisters,The Secret World of Arrietty - Studio Ghibli Fest 2024,-11,8.39,5.75,2.64
Twisters,The Secret World of Arrietty - Studio Ghibli Fest 2024,-10,7.43,7.55,0.12
Twisters,The Secret World of Arrietty 15th Anniversary - Studio Ghibli Fest 2025,-33,5.35,5.2,0.15
Twisters,The Secret World of Arrietty 15th Anniversary - Studio Ghibli Fest 2025,-32,3.25,5.09,1.83
Twisters,The Secret World of Arrietty 15th Anniversary - Studio Ghibli Fest 2025,-31,3.13,5.28,2.15
Twisters,The Secret World of Arrietty 15th Anniversary - Studio Ghibli Fest 2025,-30,5.22,3.67,1.55
Twisters,The Secret World of Arrietty 15th Anniversary - Studio Ghibli Fest 2025,-29,5.65,4.44,1.21
Twisters,The Secret World of Arrietty 15th Anniversary - Studio Ghibli Fest 2025,-26,3.28,4.71,1.43
Twisters,The Secret World of Arrietty 15th Anniversary - Studio Ghibli Fest 2025,-25,3.41,3.67,0.26
Twisters,The Secret World of Arrietty 15th Anniversary - Studio Ghibli Fest 2025,-24,3.65,3.54,0.12
Twisters,The Secret World of Arrietty 15th Anniversary - Studio Ghibli Fest 2025,-23,2.57,2.39,0.18
Twisters,The Secret World of Arrietty 15th Anniversary - Studio Ghibli Fest 2025,-22,3.84,3.38,0.46
Twisters,The Secret World of Arrietty 15th Anniversary - Studio Ghibli Fest 2025,-21,6.27,4.52,1.75
Twisters,The Secret World of Arrietty 15th Anniversary - Studio Ghibli Fest 2025,-20,3.85,5.18,1.33
Twisters,The Secret World of Arrietty 15th Anniversary - Studio Ghibli Fest 2025,-19,4.92,4.9,0.02
Twisters,The Secret World of Arrietty 15th Anniversary - Studio Ghibli Fest 2025,-18,7.6,9.72,2.12
Twisters,The Senior,-28,3.35,5.55,2.2
Twisters,The Senior,-27,7.93,8.18,0.25
Twisters,The Senior,-26,3.28,6.19,2.91
Twisters,The Senior,-25,3.41,5.1,1.7
Twisters,The Senior,-24,3.65,4.48,0.83
Twisters,The Senior,-13,5.29,7.39,2.11
Twisters,The Senior,-12,8.07,7.01,1.07
Twisters,The Senior,-11,8.39,7.21,1.19
Twisters,The Senior,-10,7.43,5.95,1.49
Twisters,The Senior,-9,9.45,8.12,1.33
Twisters,The Shift,-36,5.6,7.61,2.01
Twisters,The Shift,-35,3.59,4.81,1.21
Twisters,The Shift,-34,4.81,7.0,2.19
Twisters,The Shift,-33,5.35,7.24,1.89
Twisters,The Shift,-24,3.65,4.5,0.85
Twisters,The Shift,-23,2.57,4.9,2.33
Twisters,The Shift,-22,3.84,1.55,2.29
Twisters,The Shift,-21,6.27,6.77,0.5
Twisters,The Shift,-20,3.85,3.27,0.58
Twisters,The Skywalker Saga May The 4th Marathon,-37,4.33,2.03,2.3
Twisters,The Skywalker Saga May The 4th Marathon,-36,5.6,2.97,2.63
Twisters,The Skywalker Saga May The 4th Marathon,-35,3.59,2.87,0.72
Twisters,The Skywalker Saga May The 4th Marathon,-26,3.28,0.66,2.62
Twisters,The Skywalker Saga May The 4th Marathon,-25,3.41,0.49,2.92
Twisters,The Skywalker Saga May The 4th Marathon,-24,3.65,0.66,2.99
Twisters,The Skywalker Saga May The 4th Marathon,-23,2.57,1.64,0.92
Twisters,The Skywalker Saga May The 4th Marathon,-22,3.84,2.14,1.7
Twisters,The Smashing Machine,-9,9.45,9.92,0.47
Twisters,The Smashing Machine,-8,10.16,8.62,1.54
Twisters,The Smashing Machine,-7,10.56,10.52,0.05
Twisters,The Smashing Machine,-5,13.39,10.94,2.45
Twisters,The Smashing Machine,-4,18.04,15.73,2.32
Twisters,The Smashing Machine,-3,29.61,28.09,1.52
Twisters,The Smashing Machine,-2,28.86,27.79,1.07
Twisters,The Sound of Music 60th Anniversary,-37,4.33,2.82,1.51
Twisters,The Sound of Music 60th Anniversary,-36,5.6,3.5,2.1
Twisters,The Sound of Music 60th Anniversary,-35,3.59,2.9,0.69
Twisters,The Sound of Music 60th Anniversary,-34,4.81,3.57,1.25
Twisters,The Sound of Music 60th Anniversary,-33,5.35,2.81,2.54
Twisters,The Sound of Music 60th Anniversary,-32,3.25,1.15,2.11
Twisters,The Sound of Music 60th Anniversary,-31,3.13,2.02,1.11
Twisters,The Sound of Music 60th Anniversary,-30,5.22,2.48,2.74
Twisters,The Sound of Music 60th Anniversary,-26,3.28,3.84,0.56
Twisters,The Sound of Music 60th Anniversary,-25,3.41,3.42,0.02
Twisters,The Sound of Music 60th Anniversary,-24,3.65,5.88,2.23
Twisters,The Sound of Music 60th Anniversary,-23,2.57,2.98,0.41
Twisters,The Sound of Music 60th Anniversary,-22,3.84,2.36,1.48
Twisters,The Substance,-9,9.45,11.12,1.67
Twisters,The Substance,-8,10.16,10.11,0.05
Twisters,The Substance,-7,10.56,11.75,1.19
Twisters,The Substance,-6,16.3,14.69,1.61
Twisters,The Substance,-5,13.39,14.26,0.87
Twisters,The Substance,-4,18.04,18.97,0.92
Twisters,The Substance,-3,29.61,30.77,1.16
Twisters,The Substance: Early Access Screening,-17,10.03,9.12,0.91
Twisters,The Substance: Early Access Screening,-16,6.92,8.25,1.33
Twisters,The Substance: Early Access Screening,-15,4.71,7.36,2.66
Twisters,The Substance: Early Access Screening,-14,8.05,10.64,2.59
Twisters,The Substance: Early Access Screening,-13,5.29,7.67,2.38
Twisters,The Substance: Early Access Screening,-12,8.07,8.67,0.6
Twisters,The Substance: Early Access Screening,-11,8.39,9.81,1.41
Twisters,The Substance: Early Access Screening,-10,7.43,6.75,0.69
Twisters,The Super Mario Bros. Movie,-14,8.05,7.45,0.6
Twisters,The Super Mario Bros. Movie,-13,5.29,7.76,2.47
Twisters,The Super Mario Bros. Movie,-12,8.07,7.11,0.97
Twisters,The Super Mario Bros. Movie,-11,8.39,7.83,0.57
Twisters,The Super Mario Bros. Movie,-10,7.43,6.88,0.56
Twisters,The Super Mario Bros. Movie,-9,9.45,7.84,1.62
Twisters,The Super Mario Bros. Movie,-8,10.16,9.51,0.65
Twisters,The Super Mario Bros. Movie,-7,10.56,9.62,0.94
Twisters,The Tale of the Princess Kaguya - Studio Ghibli Fest 2024,-26,3.28,2.9,0.38
Twisters,The Tale of the Princess Kaguya - Studio Ghibli Fest 2024,-25,3.41,1.72,1.68
Twisters,The Tale of the Princess Kaguya - Studio Ghibli Fest 2024,-24,3.65,1.89,1.76
Twisters,The Tale of the Princess Kaguya - Studio Ghibli Fest 2024,-23,2.57,2.9,0.33
Twisters,The Tale of the Princess Kaguya - Studio Ghibli Fest 2024,-22,3.84,2.1,1.75
Twisters,The Tale of the Princess Kaguya - Studio Ghibli Fest 2024,-21,6.27,3.63,2.64
Twisters,The Tale of the Princess Kaguya - Studio Ghibli Fest 2024,-20,3.85,3.18,0.67
Twisters,The Tale of the Princess Kaguya - Studio Ghibli Fest 2024,-19,4.92,3.02,1.91
Twisters,The Toxic Avenger,-23,2.57,5.56,3.0
Twisters,The Toxic Avenger,-22,3.84,4.73,0.89
Twisters,The Toxic Avenger,-21,6.27,5.91,0.36
Twisters,The Toxic Avenger,-20,3.85,5.34,1.49
Twisters,The Toxic Avenger,-19,4.92,7.16,2.24
Twisters,The Toxic Avenger,-18,7.6,4.8,2.8
Twisters,The Toxic Avenger,-16,6.92,5.45,1.47
Twisters,The Toxic Avenger,-15,4.71,5.44,0.73
Twisters,The Toxic Avenger,-14,8.05,10.79,2.74
Twisters,The Toxic Avenger,-12,8.07,8.87,0.8
Twisters,The Toxic Avenger,-11,8.39,5.96,2.43
Twisters,The Toxic Avenger,-10,7.43,7.27,0.17
Twisters,The Twilight Saga: Breaking Dawn - Part 1 (2011) Fathom Rerelease,-26,3.28,1.17,2.11
Twisters,The Twilight Saga: Breaking Dawn - Part 1 (2011) Fathom Rerelease,-25,3.41,1.7,1.7
Twisters,The Twilight Saga: Breaking Dawn - Part 1 (2011) Fathom Rerelease,-24,3.65,1.44,2.21
Twisters,The Twilight Saga: Breaking Dawn - Part 1 (2011) Fathom Rerelease,-23,2.57,1.41,1.15
Twisters,The Twilight Saga: Breaking Dawn - Part 1 (2011) Fathom Rerelease,-22,3.84,1.0,2.84
Twisters,The Twilight Saga: Breaking Dawn - Part 2 (2012) Fathom Rerelease,-26,3.28,2.05,1.23
Twisters,The Twilight Saga: Breaking Dawn - Part 2 (2012) Fathom Rerelease,-25,3.41,1.39,2.02
Twisters,The Twilight Saga: Breaking Dawn - Part 2 (2012) Fathom Rerelease,-24,3.65,1.56,2.09
Twisters,The Twilight Saga: Breaking Dawn - Part 2 (2012) Fathom Rerelease,-23,2.57,1.08,1.49
Twisters,The Twilight Saga: Breaking Dawn - Part 2 (2012) Fathom Rerelease,-22,3.84,1.23,2.61
Twisters,The Twilight Saga: Eclipse (2010) Fathom Rerelease,-26,3.28,0.9,2.38
Twisters,The Twilight Saga: Eclipse (2010) Fathom Rerelease,-25,3.41,1.13,2.28
Twisters,The Twilight Saga: Eclipse (2010) Fathom Rerelease,-24,3.65,1.89,1.76
Twisters,The Twilight Saga: Eclipse (2010) Fathom Rerelease,-23,2.57,1.22,1.35
Twisters,The Twilight Saga: Eclipse (2010) Fathom Rerelease,-22,3.84,1.08,2.76
Twisters,The Twilight Saga: New Moon (2009) Fathom Rerelease,-26,3.28,1.63,1.65
Twisters,The Twilight Saga: New Moon (2009) Fathom Rerelease,-25,3.41,1.37,2.04
Twisters,The Twilight Saga: New Moon (2009) Fathom Rerelease,-24,3.65,0.88,2.77
Twisters,The Twilight Saga: New Moon (2009) Fathom Rerelease,-23,2.57,2.38,0.19
Twisters,The Twilight Saga: New Moon (2009) Fathom Rerelease,-22,3.84,1.51,2.33
Twisters,"The Way, My Way",-17,10.03,12.57,2.54
Twisters,"The Way, My Way",-16,6.92,8.42,1.5
Twisters,"The Way, My Way",-12,8.07,9.47,1.39
Twisters,"The Way, My Way",-11,8.39,7.07,1.33
Twisters,The Whale,-18,7.6,7.43,0.17
Twisters,The Whale,-17,10.03,11.54,1.52
Twisters,The Whale,-16,6.92,5.63,1.29
Twisters,The Wild Robot,-8,10.16,12.76,2.6
Twisters,The Wild Robot,-7,10.56,13.24,2.68
Twisters,The Wild Robot,-6,16.3,14.96,1.34
Twisters,The Wild Robot,-5,13.39,14.29,0.9
Twisters,The Wild Robot,-4,18.04,19.35,1.31
Twisters,The Zone of Interest,-15,4.71,3.87,0.84
Twisters,The Zone of Interest,-14,8.05,8.3,0.24
Twisters,The Zone of Interest,-13,5.29,4.15,1.13
Twisters,Thelma,-8,10.16,10.42,0.27
Twisters,Thelma,-7,10.56,11.95,1.39
Twisters,Thelma,-6,16.3,17.1,0.8
Twisters,Thelma,-5,13.39,11.54,1.85
Twisters,They Call Him OG,-21,6.27,8.59,2.32
Twisters,They Call Him OG,-20,3.85,5.84,1.99
Twisters,They Call Him OG,-19,4.92,5.08,0.16
Twisters,They Call Him OG,-15,4.71,4.86,0.15
Twisters,They Call Him OG,-14,8.05,5.69,2.36
Twisters,They Call Him OG,-13,5.29,3.53,1.76
Twisters,Thor: Love and Thunder,-21,6.27,5.8,0.47
Twisters,Thor: Love and Thunder,-20,3.85,5.33,1.48
Twisters,Thor: Love and Thunder,-19,4.92,4.6,0.32
Twisters,Three Ring Circus: The Lord of The Rings Marathon,-24,3.65,2.0,1.65
Twisters,Three Ring Circus: The Lord of The Rings Marathon,-23,2.57,3.53,0.96
Twisters,Three Ring Circus: The Lord of The Rings Marathon,-22,3.84,2.65,1.19
Twisters,Thrills & Chills - Midsommar,-29,5.65,5.81,0.16
Twisters,Thrills & Chills - Midsommar,-28,3.35,5.88,2.53
Twisters,Thrills & Chills - Midsommar,-27,7.93,6.92,1.01
Twisters,Thrills & Chills - Midsommar,-26,3.28,2.89,0.39
Twisters,Thrills & Chills - Midsommar,-25,3.41,3.34,0.06
Twisters,Thrills & Chills - Midsommar,-24,3.65,2.11,1.54
Twisters,Thrills & Chills - Midsommar,-23,2.57,2.66,0.1
Twisters,Thrills & Chills - Midsommar,-22,3.84,2.58,1.26
Twisters,Thrills & Chills - X,-17,10.03,11.7,1.67
Twisters,Thrills & Chills - X,-16,6.92,7.77,0.85
Twisters,Thrills & Chills - X,-15,4.71,6.23,1.52
Twisters,Thrills & Chills - X,-14,8.05,5.65,2.41
Twisters,Thunderbolts,-21,6.27,8.01,1.74
Twisters,Thunderbolts,-20,3.85,6.38,2.53
Twisters,Thunderbolts,-19,4.92,5.78,0.86
Twisters,Thunderbolts,-18,7.6,6.04,1.56
Twisters,Thunderbolts,-16,6.92,4.61,2.31
Twisters,Thunderbolts,-15,4.71,5.87,1.17
Twisters,Thunderbolts,-14,8.05,5.81,2.24
Twisters,Thunderbolts,-13,5.29,5.42,0.13
Twisters,Thunderbolts,-12,8.07,5.09,2.98
Twisters,Thunderbolts,-11,8.39,5.64,2.75
Twisters,Thunderbolts,-10,7.43,4.53,2.91
Twisters,Thunderbolts IMAX Opening Night Fan Event,-21,6.27,7.57,1.3
Twisters,Thunderbolts IMAX Opening Night Fan Event,-20,3.85,6.12,2.27
Twisters,Thunderbolts IMAX Opening Night Fan Event,-19,4.92,4.98,0.06
Twisters,Tillu Square,-5,13.39,12.91,0.47
Twisters,Tillu Square,-4,18.04,18.11,0.06
Twisters,Tillu Square,-3,29.61,30.15,0.54
Twisters,Tina,-17,10.03,11.63,1.6
Twisters,Tina,-16,6.92,8.19,1.27
Twisters,Tina,-15,4.71,5.77,1.06
Twisters,Tina,-14,8.05,7.53,0.52
Twisters,Tina,-13,5.29,7.99,2.7
Twisters,Tina,-12,8.07,6.58,1.5
Twisters,Titanic 25 Year Anniversary,-6,16.3,16.33,0.03
Twisters,Titanic 25 Year Anniversary,-5,13.39,16.19,2.8
Twisters,Titanic 25 Year Anniversary,-4,18.04,15.26,2.78
Twisters,Tom Petty: Heartbreakers Beach Party,-23,2.57,3.81,1.24
Twisters,Tom Petty: Heartbreakers Beach Party,-22,3.84,3.39,0.45
Twisters,Tom Petty: Heartbreakers Beach Party,-21,6.27,5.02,1.26
Twisters,Tom Petty: Heartbreakers Beach Party,-20,3.85,3.15,0.7
Twisters,Tom Petty: Heartbreakers Beach Party,-19,4.92,3.89,1.03
Twisters,Top Gun: Maverick,-14,8.05,6.55,1.5
Twisters,Top Gun: Maverick,-13,5.29,6.31,1.03
Twisters,Top Gun: Maverick,-12,8.07,6.77,1.3
Twisters,Top Gun: Maverick,-11,8.39,7.61,0.79
Twisters,Top Gun: Maverick,-10,7.43,6.57,0.87
Twisters,Top Gun: Maverick,-9,9.45,9.13,0.32
Twisters,Top Gun: Maverick,-8,10.16,7.45,2.7
Twisters,Top Gun: Maverick,-7,10.56,8.88,1.68
Twisters,Top Gun: Maverick Early Access Event,-12,8.07,10.4,2.33
Twisters,Top Gun: Maverick Early Access Event,-11,8.39,6.35,2.04
Twisters,Top Gun: Maverick Early Access Event,-10,7.43,5.93,1.5
Twisters,Top Gun: Maverick Early Access Event,-9,9.45,7.04,2.41
Twisters,Transformers One,-16,6.92,5.14,1.78
Twisters,Transformers One,-15,4.71,4.65,0.05
Twisters,Transformers One,-14,8.05,7.34,0.72
Twisters,Transformers One,-13,5.29,4.68,0.6
Twisters,Transformers One,-12,8.07,7.93,0.15
Twisters,Transformers One,-11,8.39,8.13,0.27
Twisters,Transformers One,-10,7.43,7.17,0.26
Twisters,Transformers One,-9,9.45,6.78,2.67
Twisters,Transformers One: Early Access Screening,-11,8.39,8.87,0.48
Twisters,Transformers One: Early Access Screening,-10,7.43,9.53,2.09
Twisters,Transformers One: Early Access Screening,-9,9.45,8.82,0.63
Twisters,Transformers One: Early Access Screening,-8,10.16,8.35,1.81
Twisters,Transformers One: Fan Event,-17,10.03,8.41,1.62
Twisters,Transformers One: Fan Event,-16,6.92,7.73,0.81
Twisters,Transformers One: Fan Event,-15,4.71,6.91,2.2
Twisters,Transformers One: Fan Event,-14,8.05,7.36,0.7
Twisters,Transformers One: Fan Event,-13,5.29,6.8,1.51
Twisters,Transformers One: Fan Event,-12,8.07,9.85,1.77
Twisters,Transformers One: Fan Event,-11,8.39,7.85,0.54
Twisters,Transformers One: Fan Event,-10,7.43,7.08,0.36
Twisters,Transformers One: Fan Event,-9,9.45,6.73,2.72
Twisters,Transformers One: Fan Event,-8,10.16,7.87,2.28
Twisters,Transformers: Rise of the Beasts,-16,6.92,3.94,2.98
Twisters,Transformers: Rise of the Beasts,-15,4.71,6.4,1.7
Twisters,Transformers: Rise of the Beasts,-14,8.05,5.35,2.71
Twisters,Transformers: Rise of the Beasts,-13,5.29,5.65,0.37
Twisters,Transformers: Rise of the Beasts,-11,8.39,6.2,2.2
Twisters,Transformers: Rise of the Beasts,-10,7.43,6.77,0.66
Twisters,Transformers: Rise of the Beasts,-9,9.45,7.47,1.99
Twisters,Transformers: Rise of the Beasts,-8,10.16,7.18,2.98
Twisters,Transformers: Rise of the Beasts,-7,10.56,9.36,1.2
Twisters,Transformers: Rise of the Beasts: Early Access Screening,-20,3.85,4.32,0.47
Twisters,Transformers: Rise of the Beasts: Early Access Screening,-19,4.92,6.42,1.5
Twisters,Transformers: Rise of the Beasts: Early Access Screening,-18,7.6,4.8,2.8
Twisters,Transformers: Rise of the Beasts: Early Access Screening,-13,5.29,5.8,0.51
Twisters,Transformers: Rise of the Beasts: Early Access Screening,-12,8.07,6.65,1.42
Twisters,Transformers: Rise of the Beasts: Early Access Screening,-11,8.39,6.95,1.45
Twisters,Transformers: Rise of the Beasts: Early Access Screening,-10,7.43,4.8,2.63
Twisters,Trick 'r Treat Re-release,-21,6.27,4.98,1.29
Twisters,Trick 'r Treat Re-release,-20,3.85,3.95,0.1
Twisters,Trick 'r Treat Re-release,-19,4.92,6.72,1.8
Twisters,Trick 'r Treat Re-release,-18,7.6,6.02,1.58
Twisters,Trick 'r Treat Re-release,-16,6.92,4.19,2.73
Twisters,Trick 'r Treat Re-release,-15,4.71,4.08,0.63
Twisters,Trick 'r Treat Re-release,-14,8.05,5.23,2.82
Twisters,Trick 'r Treat Re-release,-13,5.29,7.0,1.72
Twisters,Trick 'r Treat Re-release,-12,8.07,6.65,1.42
Twisters,Trick 'r Treat Re-release,-11,8.39,6.83,1.56
Twisters,Trick 'r Treat Re-release,-10,7.43,5.25,2.19
Twisters,Triumph Over Evil,-16,6.92,6.33,0.59
Twisters,Triumph Over Evil,-15,4.71,4.33,0.38
Twisters,Triumph Over Evil,-14,8.05,6.12,1.94
Twisters,Triumph Over Evil,-13,5.29,6.13,0.84
Twisters,Trolls Band Together,-21,6.27,6.23,0.04
Twisters,Trolls Band Together,-20,3.85,5.8,1.95
Twisters,Trolls Band Together,-19,4.92,5.87,0.95
Twisters,Trolls Band Together,-18,7.6,6.26,1.34
Twisters,Trolls Band Together,-12,8.07,8.67,0.59
Twisters,Trolls Band Together,-11,8.39,11.05,2.66
Twisters,Trolls Band Together,-10,7.43,9.52,2.08
Twisters,Trolls Band Together,-9,9.45,10.86,1.41
Twisters,Trolls Band Together,-8,10.16,10.56,0.4
Twisters,Trolls Band Together,-7,10.56,10.33,0.23
Twisters,Tron IMAX Double Feature,-30,5.22,6.47,1.25
Twisters,Tron IMAX Double Feature,-29,5.65,5.2,0.45
Twisters,Tron IMAX Double Feature,-28,3.35,1.92,1.42
Twisters,Tron IMAX Double Feature,-27,7.93,5.16,2.77
Twisters,Tron IMAX Double Feature,-26,3.28,2.29,0.99
Twisters,Tron IMAX Double Feature,-25,3.41,1.61,1.8
Twisters,Tron IMAX Double Feature,-24,3.65,1.65,2.0
Twisters,Tron IMAX Double Feature,-23,2.57,1.25,1.32
Twisters,Tron: Ares,-31,3.13,5.7,2.57
Twisters,Tron: Ares,-30,5.22,4.51,0.7
Twisters,Tron: Ares,-29,5.65,3.78,1.87
Twisters,Tron: Ares,-28,3.35,3.88,0.53
Twisters,Tron: Ares,-26,3.28,4.52,1.24
Twisters,Tron: Ares,-25,3.41,5.47,2.07
Twisters,Tron: Ares,-24,3.65,4.15,0.5
Twisters,Tron: Ares,-23,2.57,4.02,1.46
Twisters,Tron: Ares,-22,3.84,3.2,0.64
Twisters,Tron: Ares,-21,6.27,4.43,1.84
Twisters,Tron: Ares,-20,3.85,4.58,0.73
Twisters,Tron: Ares,-19,4.92,5.05,0.13
Twisters,Tron: Ares,-18,7.6,4.89,2.71
Twisters,Tron: Ares,-11,8.39,5.74,2.66
Twisters,Tron: Ares,-10,7.43,8.82,1.38
Twisters,Tron: Ares,-9,9.45,6.48,2.97
Twisters,Tron: Ares,-8,10.16,7.53,2.62
Twisters,Tron: Ares Early Access Screening,-30,5.22,7.18,1.97
Twisters,Tron: Ares Early Access Screening,-29,5.65,7.65,2.0
Twisters,Tron: Ares Early Access Screening,-28,3.35,4.34,1.0
Twisters,Tron: Ares Early Access Screening,-26,3.28,2.74,0.54
Twisters,Tron: Ares Early Access Screening,-25,3.41,4.21,0.81
Twisters,Tron: Ares Early Access Screening,-24,3.65,4.11,0.46
Twisters,Tron: Ares Early Access Screening,-23,2.57,2.7,0.13
Twisters,Tron: Ares Early Access Screening,-22,3.84,2.32,1.52
Twisters,Truth & Treason,-12,8.07,9.11,1.04
Twisters,Truth & Treason,-11,8.39,7.66,0.74
Twisters,Truth & Treason,-10,7.43,5.64,1.79
Twisters,Truth & Treason,-9,9.45,7.42,2.03
Twisters,Truth & Treason,-8,10.16,7.83,2.33
Twisters,Twilight (2008) Fathom Rerelease,-26,3.28,1.83,1.45
Twisters,Twilight (2008) Fathom Rerelease,-25,3.41,1.75,1.65
Twisters,Twilight (2008) Fathom Rerelease,-24,3.65,2.1,1.55
Twisters,Twilight (2008) Fathom Rerelease,-23,2.57,1.18,1.39
Twisters,Twilight (2008) Fathom Rerelease,-22,3.84,1.67,2.18
Twisters,Twisters: Early Access Screening,-33,5.35,6.05,0.7
Twisters,Twisters: Early Access Screening,-32,3.25,3.91,0.66
Twisters,Twisters: Early Access Screening,-31,3.13,5.15,2.02
Twisters,Twisters: Early Access Screening,-30,5.22,2.7,2.51
Twisters,Twisters: Early Access Screening,-29,5.65,3.16,2.49
Twisters,Twisters: Early Access Screening,-28,3.35,6.08,2.73
Twisters,Twisters: Early Access Screening,-27,7.93,9.14,1.21
Twisters,Twisters: Early Access Screening,-26,3.28,3.88,0.6
Twisters,Twisters: Early Access Screening,-25,3.41,5.96,2.56
Twisters,Twisters: Early Access Screening,-24,3.65,3.21,0.44
Twisters,Twisters: Early Access Screening,-23,2.57,5.48,2.92
Twisters,Twisters: Early Access Screening,-22,3.84,3.76,0.08
Twisters,Twisters: Early Access Screening,-21,6.27,3.33,2.94
Twisters,Twisters: Early Access Screening,-20,3.85,3.19,0.66
Twisters,Twisters: Early Access Screening,-19,4.92,7.53,2.61
Twisters,Twisters: Early Access Screening,-14,8.05,6.29,1.77
Twisters,Twisters: Early Access Screening,-13,5.29,4.47,0.82
Twisters,Twisters: Early Access Screening,-12,8.07,6.95,1.12
Twisters,Twisters: Early Access Screening,-10,7.43,7.17,0.27
Twisters,Twisters: Early Access Screening,-9,9.45,7.43,2.02
Twisters,Twisters: Early Access Screening,-8,10.16,7.46,2.69
Twisters,Twisters: Early Access Screening,-7,10.56,10.93,0.37
Twisters,Twisters: IMAX Live Pre-Show Q&A With Cast,-39,12.09,14.42,2.33
Twisters,Twisters: IMAX Live Pre-Show Q&A With Cast,-38,6.71,5.92,0.79
Twisters,Twisters: IMAX Live Pre-Show Q&A With Cast,-37,4.33,6.99,2.66
Twisters,Twisters: IMAX Live Pre-Show Q&A With Cast,-36,5.6,4.08,1.52
Twisters,Twisters: IMAX Live Pre-Show Q&A With Cast,-35,3.59,3.32,0.28
Twisters,Twisters: IMAX Live Pre-Show Q&A With Cast,-27,7.93,5.17,2.76
Twisters,Twisters: IMAX Live Pre-Show Q&A With Cast,-26,3.28,4.15,0.86
Twisters,Twisters: IMAX Live Pre-Show Q&A With Cast,-25,3.41,4.45,1.05
Twisters,Twisters: IMAX Live Pre-Show Q&A With Cast,-24,3.65,2.6,1.05
Twisters,Twisters: IMAX Live Pre-Show Q&A With Cast,-23,2.57,4.07,1.5
Twisters,Twisters: IMAX Live Pre-Show Q&A With Cast,-22,3.84,3.24,0.6
Twisters,UFC 306: O'Malley vs. Dvalishvili,-7,10.56,13.08,2.52
Twisters,UFC 306: O'Malley vs. Dvalishvili,-6,16.3,17.61,1.31
Twisters,UFC 306: O'Malley vs. Dvalishvili,-5,13.39,15.1,1.71
Twisters,UFC 312: Du Plessis vs. Strickland 2,-10,7.43,6.33,1.11
Twisters,UFC 312: Du Plessis vs. Strickland 2,-9,9.45,11.26,1.81
Twisters,UFC 312: Du Plessis vs. Strickland 2,-8,10.16,12.07,1.92
Twisters,UFC 315: Muhammad vs. Della Maddalena,-15,4.71,4.2,0.5
Twisters,UFC 315: Muhammad vs. Della Maddalena,-14,8.05,10.87,2.81
Twisters,UFC 315: Muhammad vs. Della Maddalena,-12,8.07,5.71,2.36
Twisters,UFC 316: Dvalishvili vs. O'Malley 2,-8,10.16,7.67,2.49
Twisters,UFC 316: Dvalishvili vs. O'Malley 2,-7,10.56,11.93,1.37
Twisters,UFC 316: Dvalishvili vs. O'Malley 2,-6,16.3,16.35,0.05
Twisters,Uncharted,-12,8.07,8.46,0.39
Twisters,Uncharted,-11,8.39,8.02,0.37
Twisters,Uncharted,-10,7.43,7.76,0.32
Twisters,Uncharted,-9,9.45,9.59,0.14
Twisters,Uncharted,-8,10.16,9.87,0.29
Twisters,Uncharted,-7,10.56,10.71,0.15
Twisters,Universal Language Early Access + Q&A with Matthew Rankin,-15,4.71,6.12,1.42
Twisters,Universal Language Early Access + Q&A with Matthew Rankin,-13,5.29,5.71,0.43
Twisters,Universal Language Early Access + Q&A with Matthew Rankin,-9,9.45,8.33,1.12
Twisters,Universal Language Early Access + Q&A with Matthew Rankin,-8,10.16,8.46,1.69
Twisters,Universal Language Early Access + Q&A with Matthew Rankin,-7,10.56,9.22,1.34
Twisters,Unsung Hero,-24,3.65,1.66,1.99
Twisters,Unsung Hero,-23,2.57,3.23,0.66
Twisters,Unsung Hero,-20,3.85,5.21,1.36
Twisters,Unsung Hero,-19,4.92,5.28,0.36
Twisters,Unsung Hero,-12,8.07,10.24,2.17
Twisters,Unsung Hero,-11,8.39,7.82,0.57
Twisters,Unsung Hero,-10,7.43,7.44,0.0
Twisters,Unsung Hero,-9,9.45,7.79,1.66
Twisters,Usher: Rendezvous in Paris,-25,3.41,2.76,0.65
Twisters,Usher: Rendezvous in Paris,-24,3.65,2.58,1.07
Twisters,Usher: Rendezvous in Paris,-23,2.57,2.2,0.37
Twisters,Usher: Rendezvous in Paris,-22,3.84,2.57,1.27
Twisters,Usher: Rendezvous in Paris,-21,6.27,3.46,2.81
Twisters,Valiant One,-6,16.3,15.07,1.23
Twisters,Valiant One,-5,13.39,10.52,2.87
Twisters,Valiant One,-4,18.04,17.47,0.57
Twisters,Venom: The Last Dance,-13,5.29,8.28,2.99
Twisters,Venom: The Last Dance,-12,8.07,5.3,2.78
Twisters,Venom: The Last Dance,-11,8.39,5.98,2.41
Twisters,Venom: The Last Dance,-10,7.43,6.2,1.23
Twisters,Violent Night,-8,10.16,12.93,2.77
Twisters,Violent Night,-7,10.56,12.02,1.46
Twisters,Violent Night,-6,16.3,15.43,0.87
Twisters,Virgin Punk: Clockwork Girl,-18,7.6,7.8,0.2
Twisters,Virgin Punk: Clockwork Girl,-17,10.03,9.34,0.69
Twisters,Virgin Punk: Clockwork Girl,-16,6.92,7.21,0.29
Twisters,WWE SummerSlam (2021),-9,9.45,10.22,0.77
Twisters,WWE SummerSlam (2021),-8,10.16,9.49,0.67
Twisters,WWE SummerSlam (2021),-7,10.56,8.58,1.98
Twisters,Waffles and Minecraft Block Brunch,-26,3.28,4.25,0.97
Twisters,Waffles and Minecraft Block Brunch,-25,3.41,5.56,2.16
Twisters,Waffles and Minecraft Block Brunch,-24,3.65,1.85,1.8
Twisters,Waffles and Minecraft Block Brunch,-23,2.57,4.05,1.48
Twisters,Waffles and Minecraft Block Brunch,-22,3.84,5.12,1.27
Twisters,Wake Up Dead Man: A Knives Out Mystery,-41,21.75,23.95,2.2
Twisters,Wake Up Dead Man: A Knives Out Mystery,-39,12.09,11.05,1.04
Twisters,Wake Up Dead Man: A Knives Out Mystery,-38,6.71,7.45,0.74
Twisters,Wake Up Dead Man: A Knives Out Mystery,-37,4.33,5.96,1.63
Twisters,Wake Up Dead Man: A Knives Out Mystery,-11,8.39,10.12,1.73
Twisters,Wake Up Dead Man: A Knives Out Mystery,-10,7.43,9.75,2.32
Twisters,Wake Up Dead Man: A Knives Out Mystery,-9,9.45,9.17,0.29
Twisters,Warfare: Early Access Screening,-10,7.43,9.67,2.23
Twisters,Warfare: Early Access Screening,-9,9.45,9.88,0.43
Twisters,Warfare: Early Access Screening,-8,10.16,10.67,0.51
Twisters,Warfare: Early Access Screening,-7,10.56,9.88,0.68
Twisters,We Live in Time,-9,9.45,9.12,0.33
Twisters,We Live in Time,-8,10.16,11.51,1.35
Twisters,We Live in Time,-7,10.56,11.02,0.46
Twisters,Weapons,-6,16.3,14.21,2.09
Twisters,Weapons,-5,13.39,14.33,0.94
Twisters,Weapons,-4,18.04,19.89,1.85
Twisters,Weapons,-3,29.61,27.84,1.77
Twisters,Wedding Crashers 20th Anniversary,-33,5.35,4.13,1.22
Twisters,Wedding Crashers 20th Anniversary,-31,3.13,4.01,0.88
Twisters,Wedding Crashers 20th Anniversary,-30,5.22,3.07,2.15
Twisters,Wedding Crashers 20th Anniversary,-28,3.35,2.02,1.33
Twisters,Wedding Crashers 20th Anniversary,-26,3.28,2.32,0.96
Twisters,Wedding Crashers 20th Anniversary,-25,3.41,2.26,1.14
Twisters,Wedding Crashers 20th Anniversary,-23,2.57,2.63,0.06
Twisters,Wedding Crashers 20th Anniversary,-22,3.84,3.43,0.41
Twisters,What If... 15th Anniversary,-21,6.27,6.88,0.61
Twisters,What If... 15th Anniversary,-20,3.85,2.27,1.58
Twisters,What If... 15th Anniversary,-19,4.92,3.05,1.87
Twisters,What If... 15th Anniversary,-18,7.6,4.92,2.68
Twisters,What If... 15th Anniversary,-16,6.92,6.37,0.55
Twisters,What If... 15th Anniversary,-15,4.71,2.63,2.08
Twisters,What If... 15th Anniversary,-14,8.05,8.62,0.56
Twisters,What If... 15th Anniversary,-13,5.29,6.03,0.74
Twisters,What If... 15th Anniversary,-12,8.07,7.14,0.94
Twisters,What If... 15th Anniversary,-11,8.39,8.3,0.09
Twisters,What If... 15th Anniversary,-10,7.43,5.7,1.74
Twisters,What If... 15th Anniversary,-9,9.45,8.23,1.23
Twisters,When Marnie Was There 10th Anniversary - Studio Ghibli Fest 2024,-25,3.41,4.09,0.68
Twisters,When Marnie Was There 10th Anniversary - Studio Ghibli Fest 2024,-24,3.65,2.84,0.81
Twisters,When Marnie Was There 10th Anniversary - Studio Ghibli Fest 2024,-23,2.57,2.18,0.39
Twisters,When Marnie Was There 10th Anniversary - Studio Ghibli Fest 2024,-22,3.84,4.2,0.35
Twisters,When Marnie Was There 10th Anniversary - Studio Ghibli Fest 2024,-20,3.85,3.97,0.12
Twisters,When Marnie Was There 10th Anniversary - Studio Ghibli Fest 2024,-19,4.92,6.55,1.63
Twisters,When Marnie Was There 10th Anniversary - Studio Ghibli Fest 2024,-18,7.6,9.94,2.35
Twisters,Where the Crawdads Sing,-12,8.07,10.79,2.72
Twisters,Where the Crawdads Sing,-11,8.39,9.57,1.17
Twisters,Where the Crawdads Sing,-10,7.43,9.85,2.41
Twisters,Whiplash (2024 Re-Release),-6,16.3,15.67,0.63
Twisters,Whiplash (2024 Re-Release),-5,13.39,12.0,1.39
Twisters,Whiplash (2024 Re-Release),-4,18.04,15.06,2.98
Twisters,Whisper of the Heart - Studio Ghibli Fest 2024,-26,3.28,3.13,0.15
Twisters,Whisper of the Heart - Studio Ghibli Fest 2024,-25,3.41,2.32,1.09
Twisters,Whisper of the Heart - Studio Ghibli Fest 2024,-24,3.65,2.23,1.42
Twisters,Whisper of the Heart - Studio Ghibli Fest 2024,-23,2.57,2.3,0.26
Twisters,Whisper of the Heart - Studio Ghibli Fest 2024,-22,3.84,3.07,0.77
Twisters,Whisper of the Heart - Studio Ghibli Fest 2024,-21,6.27,3.75,2.52
Twisters,Whisper of the Heart - Studio Ghibli Fest 2024,-20,3.85,5.14,1.29
Twisters,Whisper of the Heart - Studio Ghibli Fest 2024,-19,4.92,4.76,0.16
Twisters,Whisper of the Heart - Studio Ghibli Fest 2024,-16,6.92,6.67,0.25
Twisters,Whisper of the Heart - Studio Ghibli Fest 2024,-15,4.71,2.06,2.65
Twisters,Whisper of the Heart - Studio Ghibli Fest 2024,-14,8.05,6.57,1.49
Twisters,Whisper of the Heart - Studio Ghibli Fest 2024,-13,5.29,4.81,0.47
Twisters,Whisper of the Heart - Studio Ghibli Fest 2024,-10,7.43,5.55,1.89
Twisters,Whisper of the Heart - Studio Ghibli Fest 2024,-9,9.45,6.89,2.56
Twisters,Whisper of the Heart - Studio Ghibli Fest 2024,-8,10.16,10.69,0.54
Twisters,Whisper of the Heart - Studio Ghibli Fest 2024,-7,10.56,8.92,1.64
Twisters,White Christmas 70th Anniversary,-26,3.28,5.36,2.08
Twisters,White Christmas 70th Anniversary,-25,3.41,1.2,2.21
Twisters,White Christmas 70th Anniversary,-24,3.65,2.77,0.88
Twisters,White Christmas 70th Anniversary,-23,2.57,3.43,0.86
Twisters,White Christmas 70th Anniversary,-22,3.84,2.48,1.36
Twisters,White Christmas 70th Anniversary,-21,6.27,3.54,2.73
Twisters,White Christmas 70th Anniversary,-20,3.85,3.04,0.81
Twisters,Whitney Houston - The Concert for a New South Africa (Durban),-23,2.57,0.0,2.57
Twisters,Whitney Houston - The Concert for a New South Africa (Durban),-22,3.84,3.5,0.34
Twisters,Whitney Houston - The Concert for a New South Africa (Durban),-21,6.27,3.99,2.28
Twisters,Whitney Houston - The Concert for a New South Africa (Durban),-20,3.85,5.13,1.28
Twisters,Whitney Houston - The Concert for a New South Africa (Durban),-15,4.71,3.72,0.98
Twisters,Whitney Houston - The Concert for a New South Africa (Durban),-14,8.05,5.94,2.12
Twisters,Whitney Houston - The Concert for a New South Africa (Durban),-13,5.29,6.19,0.9
Twisters,Whitney Houston: I Wanna Dance with Somebody,-21,6.27,5.44,0.84
Twisters,Whitney Houston: I Wanna Dance with Somebody,-20,3.85,5.52,1.67
Twisters,Whitney Houston: I Wanna Dance with Somebody,-19,4.92,6.09,1.17
Twisters,Whitney Houston: I Wanna Dance with Somebody,-12,8.07,6.7,1.37
Twisters,Whitney Houston: I Wanna Dance with Somebody,-11,8.39,7.73,0.66
Twisters,Whitney Houston: I Wanna Dance with Somebody,-10,7.43,9.78,2.35
Twisters,Whitney Houston: I Wanna Dance with Somebody,-9,9.45,10.86,1.4
Twisters,Whitney Houston: I Wanna Dance with Somebody,-8,10.16,11.31,1.15
Twisters,Whitney Houston: I Wanna Dance with Somebody,-7,10.56,11.53,0.97
Twisters,Whitney Houston: I Wanna Dance with Somebody,-5,13.39,12.41,0.98
Twisters,Whitney Houston: I Wanna Dance with Somebody,-4,18.04,15.66,2.39
Twisters,Whitney Houston: I Wanna Dance with Somebody,-3,29.61,28.84,0.77
Twisters,Wicked,-38,6.71,5.28,1.43
Twisters,Wicked,-37,4.33,4.28,0.05
Twisters,Wicked,-36,5.6,3.79,1.81
Twisters,Wicked,-35,3.59,3.04,0.55
Twisters,Wicked,-34,4.81,3.58,1.24
Twisters,Wicked,-33,5.35,3.09,2.26
Twisters,Wicked,-32,3.25,3.05,0.2
Twisters,Wicked,-31,3.13,3.11,0.02
Twisters,Wicked,-30,5.22,3.04,2.18
Twisters,Wicked,-29,5.65,3.19,2.47
Twisters,Wicked,-28,3.35,3.1,0.25
Twisters,Wicked,-26,3.28,2.93,0.36
Twisters,Wicked,-25,3.41,3.34,0.06
Twisters,Wicked,-24,3.65,3.33,0.32
Twisters,Wicked,-23,2.57,4.34,1.77
Twisters,Wicked,-22,3.84,4.31,0.47
Twisters,Wicked,-21,6.27,5.45,0.82
Twisters,Wicked,-20,3.85,4.7,0.85
Twisters,Wicked,-19,4.92,5.43,0.5
Twisters,Wicked,-18,7.6,6.23,1.37
Twisters,Wicked,-13,5.29,6.09,0.8
Twisters,Wicked,-12,8.07,5.77,2.31
Twisters,Wicked,-11,8.39,8.6,0.2
Twisters,Wicked,-10,7.43,8.23,0.8
Twisters,Wicked,-9,9.45,7.53,1.92
Twisters,Wicked,-8,10.16,8.47,1.69
Twisters,Wicked,-7,10.56,8.95,1.61
Twisters,Wicked + Wicked: For Good Double Feature,-38,6.71,3.94,2.77
Twisters,Wicked + Wicked: For Good Double Feature,-37,4.33,3.2,1.14
Twisters,Wicked + Wicked: For Good Double Feature,-36,5.6,4.65,0.95
Twisters,Wicked + Wicked: For Good Double Feature,-35,3.59,5.05,1.45
Twisters,Wicked + Wicked: For Good Double Feature,-34,4.81,5.05,0.24
Twisters,Wicked + Wicked: For Good Double Feature,-33,5.35,2.82,2.54
Twisters,Wicked + Wicked: For Good Double Feature,-32,3.25,3.2,0.06
Twisters,Wicked + Wicked: For Good Double Feature,-31,3.13,2.7,0.43
Twisters,Wicked + Wicked: For Good Double Feature,-30,5.22,3.79,1.43
Twisters,Wicked + Wicked: For Good Double Feature,-29,5.65,3.2,2.45
Twisters,Wicked + Wicked: For Good Double Feature,-28,3.35,3.29,0.06
Twisters,Wicked + Wicked: For Good Double Feature,-26,3.28,2.49,0.79
Twisters,Wicked + Wicked: For Good Double Feature,-25,3.41,2.3,1.1
Twisters,Wicked + Wicked: For Good Double Feature,-24,3.65,2.15,1.5
Twisters,Wicked + Wicked: For Good Double Feature,-23,2.57,1.8,0.77
Twisters,Wicked + Wicked: For Good Double Feature,-22,3.84,2.26,1.59
Twisters,Wicked Movie + Wicked: For Good Trailer Debut,-18,7.6,10.4,2.8
Twisters,Wicked Movie + Wicked: For Good Trailer Debut,-17,10.03,8.93,1.1
Twisters,Wicked Movie + Wicked: For Good Trailer Debut,-16,6.92,5.48,1.44
Twisters,Wicked Movie + Wicked: For Good Trailer Debut,-15,4.71,6.54,1.83
Twisters,Wicked Re-release,-13,5.29,3.61,1.68
Twisters,Wicked Re-release,-12,8.07,7.03,1.04
Twisters,Wicked Re-release,-11,8.39,7.37,1.02
Twisters,Wicked Re-release,-10,7.43,7.65,0.21
Twisters,Wicked Re-release,-9,9.45,7.29,2.16
Twisters,Wicked: Early Access Screening,-37,4.33,5.83,1.49
Twisters,Wicked: Early Access Screening,-36,5.6,3.99,1.61
Twisters,Wicked: Early Access Screening,-35,3.59,4.53,0.94
Twisters,Wicked: Early Access Screening,-34,4.81,3.68,1.13
Twisters,Wicked: Early Access Screening,-26,3.28,1.97,1.31
Twisters,Wicked: Early Access Screening,-25,3.41,1.81,1.59
Twisters,Wicked: Early Access Screening,-24,3.65,1.59,2.06
Twisters,Wicked: Early Access Screening,-23,2.57,1.8,0.76
Twisters,Wicked: Early Access Screening,-22,3.84,2.06,1.79
Twisters,Wicked: For Good,-38,6.71,4.75,1.96
Twisters,Wicked: For Good,-37,4.33,3.91,0.42
Twisters,Wicked: For Good,-36,5.6,3.64,1.96
Twisters,Wicked: For Good,-35,3.59,3.39,0.2
Twisters,Wicked: For Good,-34,4.81,3.9,0.92
Twisters,Wicked: For Good,-33,5.35,2.94,2.41
Twisters,Wicked: For Good,-32,3.25,3.17,0.09
Twisters,Wicked: For Good,-31,3.13,2.79,0.33
Twisters,Wicked: For Good,-30,5.22,4.27,0.95
Twisters,Wicked: For Good,-29,5.65,3.82,1.83
Twisters,Wicked: For Good,-28,3.35,3.3,0.04
Twisters,Wicked: For Good,-26,3.28,3.05,0.23
Twisters,Wicked: For Good,-25,3.41,3.53,0.13
Twisters,Wicked: For Good,-24,3.65,2.91,0.74
Twisters,Wicked: For Good,-23,2.57,2.73,0.16
Twisters,Wicked: For Good,-22,3.84,2.81,1.03
Twisters,Wicked: For Good,-20,3.85,2.25,1.6
Twisters,Wicked: For Good,-19,4.92,3.85,1.07
Twisters,Wicked: For Good,-18,7.6,5.16,2.44
Twisters,Wicked: For Good,-16,6.92,4.75,2.17
Twisters,Wicked: For Good,-15,4.71,5.7,0.99
Twisters,Wicked: For Good,-14,8.05,5.7,2.36
Twisters,Wicked: For Good,-13,5.29,6.22,0.94
Twisters,Wicked: For Good,-12,8.07,5.38,2.7
Twisters,Wicked: For Good,-11,8.39,5.6,2.8
Twisters,Wicked: For Good,-10,7.43,5.34,2.09
Twisters,Wildcat (2024),-28,3.35,4.54,1.19
Twisters,Wildcat (2024),-27,7.93,5.63,2.29
Twisters,Wildcat (2024),-26,3.28,1.84,1.44
Twisters,Wildcat (2024),-25,3.41,4.71,1.31
Twisters,Wildcat (2024),-24,3.65,2.09,1.56
Twisters,Wildcat (2024),-22,3.84,4.29,0.45
Twisters,Wildcat (2024),-20,3.85,1.93,1.92
Twisters,Wildcat (2024),-19,4.92,2.39,2.53
Twisters,Will & Harper,-17,10.03,12.59,2.56
Twisters,Will & Harper,-16,6.92,6.37,0.55
Twisters,Will & Harper,-15,4.71,3.06,1.65
Twisters,Wish,-34,4.81,7.09,2.28
Twisters,Wish,-33,5.35,5.22,0.13
Twisters,Wish,-32,3.25,4.12,0.87
Twisters,Wish,-31,3.13,4.55,1.42
Twisters,Wish,-30,5.22,6.03,0.82
Twisters,Wish,-29,5.65,5.68,0.03
Twisters,Wish,-28,3.35,4.16,0.81
Twisters,Wish,-27,7.93,4.94,2.99
Twisters,Wish,-26,3.28,4.61,1.33
Twisters,Wish,-25,3.41,4.68,1.28
Twisters,Wish,-24,3.65,4.97,1.32
Twisters,Wish,-12,8.07,8.33,0.26
Twisters,Wish,-11,8.39,7.44,0.95
Twisters,Wish,-10,7.43,9.6,2.17
Twisters,Wish,-9,9.45,8.42,1.03
Twisters,Wish,-8,10.16,9.58,0.58
Twisters,Wish: Sneak Preview,-12,8.07,10.71,2.63
Twisters,Wish: Sneak Preview,-11,8.39,10.06,1.67
Twisters,Wish: Sneak Preview,-10,7.43,8.91,1.47
Twisters,Wish: Sneak Preview,-9,9.45,10.36,0.91
Twisters,Wish: Sneak Preview,-8,10.16,10.9,0.75
Twisters,Wish: Sneak Preview,-7,10.56,11.76,1.2
Twisters,Witch Watch,-14,8.05,10.09,2.03
Twisters,Witch Watch,-13,5.29,7.18,1.9
Twisters,Witch Watch,-12,8.07,10.39,2.32
Twisters,Wonka,-20,3.85,4.73,0.88
Twisters,Wonka,-19,4.92,6.36,1.43
Twisters,Wonka,-18,7.6,7.03,0.57
Twisters,Wonka,-14,8.05,6.47,1.58
Twisters,Wonka,-13,5.29,6.18,0.9
Twisters,Wonka,-12,8.07,9.64,1.57
Twisters,Wonka,-11,8.39,7.0,1.39
Twisters,Wonka,-10,7.43,10.15,2.72
Twisters,Wonka,-9,9.45,8.84,0.61
Twisters,Wonka,-8,10.16,8.62,1.53
Twisters,Wonka,-7,10.56,7.88,2.68
Twisters,Y2K,-7,10.56,11.74,1.18
Twisters,Y2K,-6,16.3,15.26,1.04
Twisters,Y2K,-5,13.39,13.69,0.31
Twisters,Y2K,-4,18.04,18.31,0.27
Twisters,Young Woman and the Sea,-28,3.35,4.45,1.1
Twisters,Young Woman and the Sea,-27,7.93,6.32,1.6
Twisters,Young Woman and the Sea,-26,3.28,3.79,0.51
Twisters,Young Woman and the Sea,-25,3.41,2.47,0.93
Twisters,Young Woman and the Sea,-23,2.57,2.05,0.52
Twisters,Young Woman and the Sea,-22,3.84,5.47,1.62
Twisters,Young Woman and the Sea,-21,6.27,6.22,0.05
Twisters,Young Woman and the Sea,-20,3.85,4.32,0.47
Twisters,Young Woman and the Sea,-19,4.92,4.4,0.53
Twisters,"Yungblud. Are You Ready, Boy?",-23,2.57,0.0,2.57
Twisters,"Yungblud. Are You Ready, Boy?",-22,3.84,4.28,0.43
Twisters,"Yungblud. Are You Ready, Boy?",-21,6.27,3.99,2.28
Twisters,"Yungblud. Are You Ready, Boy?",-20,3.85,4.66,0.81
Twisters,"Yungblud. Are You Ready, Boy?",-19,4.92,3.57,1.35
Twisters,j-hope Tour: Hope on the Stage - The Movie,-24,3.65,5.37,1.72
Twisters,j-hope Tour: Hope on the Stage - The Movie,-23,2.57,5.06,2.49
Twisters,j-hope Tour: Hope on the Stage - The Movie,-22,3.84,5.6,1.76
Twisters,j-hope Tour: Hope on the Stage - The Movie,-21,6.27,6.26,0.01
Twisters,j-hope Tour: Hope on the Stage - The Movie,-20,3.85,6.73,2.88
Twisters,j-hope Tour: Hope on the Stage - The Movie,-19,4.92,3.55,1.37
Twisters,j-hope Tour: Hope on the Stage - The Movie,-18,7.6,4.99,2.61
